O*NET-SOC Code,Title,Task ID,Task,Task Type,Incumbents Responding,Date,Domain Source
11-1011.00,Chief Executives,8842,Nominate citizens to boards or commissions.,Supplemental,94.0,08/2023,Incumbent
11-1011.00,Chief Executives,8851,"Conduct or direct investigations or hearings to resolve complaints or violations of laws, or testify at such hearings.",Supplemental,95.0,08/2023,Incumbent
11-1011.00,Chief Executives,8847,Direct or coordinate activities of businesses involved with buying or selling investment products or financial services.,Supplemental,94.0,08/2023,Incumbent
11-1011.00,Chief Executives,8853,"Prepare bylaws approved by elected officials, and ensure that bylaws are enforced.",Supplemental,94.0,08/2023,Incumbent
11-1011.00,Chief Executives,8844,"Make presentations to legislative or other government committees regarding policies, programs, or budgets.",Supplemental,94.0,08/2023,Incumbent
11-1011.00,Chief Executives,20461,"Review and analyze legislation, laws, or public policy and recommend changes to promote or support interests of the general population or special groups.",Supplemental,94.0,08/2023,Incumbent
11-1011.00,Chief Executives,8838,"Direct non-merchandising departments, such as advertising, purchasing, credit, or accounting.",Supplemental,94.0,08/2023,Incumbent
11-1011.00,Chief Executives,8845,Refer major policy matters to elected representatives for final decisions.,Supplemental,94.0,08/2023,Incumbent
11-1011.00,Chief Executives,8848,Direct or conduct studies or research on issues affecting areas of responsibility.,Supplemental,94.0,08/2023,Incumbent
11-1011.00,Chief Executives,8846,"Administer programs for selection of sites, construction of buildings, or provision of equipment or supplies.",Supplemental,94.0,08/2023,Incumbent
11-1011.00,Chief Executives,8852,"Represent organizations or promote their objectives at official functions, or delegate representatives to do so.",Supplemental,94.0,08/2023,Incumbent
11-1021.00,General and Operations Managers,20708,"Manage the movement of goods into and out of production facilities to ensure efficiency, effectiveness, or sustainability of operations.",Supplemental,82.0,08/2023,Incumbent
11-1021.00,General and Operations Managers,20707,"Set prices or credit terms for goods or services, based on forecasts of customer demand.",Supplemental,81.0,08/2023,Incumbent
11-1021.00,General and Operations Managers,944,"Perform sales floor work, such as greeting or assisting customers, stocking shelves, or taking inventory.",Supplemental,82.0,08/2023,Incumbent
11-1021.00,General and Operations Managers,945,"Develop or implement product-marketing strategies, including advertising campaigns or sales promotions.",Supplemental,81.0,08/2023,Incumbent
11-1021.00,General and Operations Managers,947,"Direct non-merchandising departments of businesses, such as advertising or purchasing.",Supplemental,82.0,08/2023,Incumbent
11-1021.00,General and Operations Managers,19501,"Implement or oversee environmental management or sustainability programs addressing issues such as recycling, conservation, or waste management.",Supplemental,82.0,08/2023,Incumbent
11-1021.00,General and Operations Managers,949,Plan store layouts or design displays.,Supplemental,82.0,08/2023,Incumbent
11-1021.00,General and Operations Managers,948,"Recommend locations for new facilities, or oversee the remodeling or renovating of current facilities.",Supplemental,82.0,08/2023,Incumbent
11-2011.00,Advertising and Promotions Managers,18586,"Manage sales team, including setting goals, providing incentives, and evaluating employee performance.",Supplemental,72.0,08/2018,Incumbent
11-2011.00,Advertising and Promotions Managers,3228,Prepare and negotiate advertising and sales contracts.,Supplemental,72.0,08/2018,Incumbent
11-2011.00,Advertising and Promotions Managers,3235,Formulate plans to extend business with established accounts and to transact business as agent for advertising accounts.,Supplemental,69.0,08/2018,Incumbent
11-2011.00,Advertising and Promotions Managers,3241,Train and direct workers engaged in developing and producing advertisements.,Supplemental,72.0,08/2018,Incumbent
11-2011.00,Advertising and Promotions Managers,3240,"Assemble and communicate with a strong, diverse coalition of organizations or public figures, securing their cooperation, support, and action, to further campaign goals.",Supplemental,72.0,08/2018,Incumbent
11-2011.00,Advertising and Promotions Managers,3236,Provide presentation and product demonstration support during the introduction of new products and services to field staff and customers.,Supplemental,72.0,08/2018,Incumbent
11-2011.00,Advertising and Promotions Managers,3245,Represent company at trade association meetings to promote products.,Supplemental,74.0,08/2018,Incumbent
11-2011.00,Advertising and Promotions Managers,3244,Direct and coordinate product research and development.,Supplemental,71.0,08/2018,Incumbent
11-2021.00,Marketing Managers,964,Consult with buying personnel to gain advice regarding the types of products or services expected to be in demand.,Supplemental,116.0,07/2015,Incumbent
11-2021.00,Marketing Managers,19502,Consult with buying personnel to gain advice regarding environmentally sound or sustainable products.,Supplemental,116.0,07/2015,Incumbent
11-2021.00,Marketing Managers,965,Conduct economic or commercial surveys to identify potential markets for products or services.,Supplemental,116.0,07/2015,Incumbent
11-2021.00,Marketing Managers,19505,"Recommend modifications to products, packaging, production processes, or other characteristics to improve the environmental soundness or sustainability of products.",Supplemental,116.0,07/2015,Incumbent
11-2021.00,Marketing Managers,962,"Advise business or other groups on local, national, or international factors affecting the buying or selling of products or services.",Supplemental,113.0,07/2015,Incumbent
11-2021.00,Marketing Managers,959,Select products or accessories to be displayed at trade or special production shows.,Supplemental,115.0,07/2015,Incumbent
11-2021.00,Marketing Managers,19503,Develop business cases for environmental marketing strategies.,Supplemental,115.0,07/2015,Incumbent
11-2021.00,Marketing Managers,19504,"Integrate environmental information into product or company marketing strategies, policies, or activities.",Supplemental,116.0,07/2015,Incumbent
11-2022.00,Sales Managers,17,"Assess marketing potential of new and existing store locations, considering statistics and expenditures.",Supplemental,21.0,08/2025,Occupational Expert
11-2022.00,Sales Managers,16,Direct foreign sales and service outlets of an organization.,Supplemental,21.0,08/2025,Occupational Expert
11-2033.00,Fundraising Managers,21253,"Direct activities of external agencies, establishments, or departments that develop and implement fundraising strategies and programs.",Supplemental,56.0,08/2025,Incumbent
11-2033.00,Fundraising Managers,21260,"Produce films and other video products, regulate their distribution, and operate film library.",Supplemental,55.0,08/2025,Incumbent
11-3012.00,Administrative Services Managers,24,"Plan, administer, and control budgets for contracts, equipment, and supplies.",Supplemental,133.0,07/2017,Incumbent
11-3012.00,Administrative Services Managers,26,Hire and terminate clerical and administrative personnel.,Supplemental,133.0,07/2017,Incumbent
11-3012.00,Administrative Services Managers,19,"Direct or coordinate the supportive services department of a business, agency, or organization.",Supplemental,133.0,07/2017,Incumbent
11-3013.00,Facilities Managers,21275,Manage leasing of facility space.,Supplemental,95.0,08/2024,Incumbent
11-3021.00,Computer and Information Systems Managers,966,"Manage backup, security and user help systems.",Supplemental,76.0,07/2016,Incumbent
11-3031.00,Financial Managers,21327,"Establish procedures for custody or control of assets, records, loan collateral, or securities to ensure safekeeping.",Supplemental,61.0,08/2022,Incumbent
11-3031.00,Financial Managers,21322,Communicate with stockholders or other investors to provide information or to raise capital.,Supplemental,61.0,08/2022,Incumbent
11-3031.00,Financial Managers,21321,Develop or analyze information to assess the current or future financial status of firms.,Supplemental,61.0,08/2022,Incumbent
11-3031.00,Financial Managers,21318,"Approve, reject, or coordinate the approval or rejection of lines of credit or commercial, real estate, or personal loans.",Supplemental,61.0,08/2022,Incumbent
11-3031.00,Financial Managers,21320,"Prepare financial or regulatory reports required by laws, regulations, or boards of directors.",Supplemental,61.0,08/2022,Incumbent
11-3031.00,Financial Managers,21317,"Examine, evaluate, or process loan applications.",Supplemental,61.0,08/2022,Incumbent
11-3031.00,Financial Managers,21323,"Evaluate financial reporting systems, accounting or collection procedures, or investment activities and make recommendations for changes to procedures, operating systems, budgets, or other financial control functions.",Supplemental,60.0,08/2022,Incumbent
11-3031.00,Financial Managers,21325,Network within communities to find and attract new business.,Supplemental,61.0,08/2022,Incumbent
11-3031.00,Financial Managers,21314,Prepare operational or risk reports for management analysis.,Supplemental,61.0,08/2022,Incumbent
11-3031.00,Financial Managers,21326,Review collection reports to determine the status of collections and the amounts of outstanding balances.,Supplemental,61.0,08/2022,Incumbent
11-3031.00,Financial Managers,21329,Review reports of securities transactions or price lists to analyze market conditions.,Supplemental,61.0,08/2022,Incumbent
11-3031.01,Treasurers and Controllers,8855,Prepare and file annual tax returns or prepare financial information so that outside accountants can complete tax returns.,Supplemental,24.0,08/2020,Occupational Expert
11-3031.01,Treasurers and Controllers,8857,"Supervise employees performing financial reporting, accounting, billing, collections, payroll, and budgeting duties.",Supplemental,24.0,08/2020,Occupational Expert
11-3031.01,Treasurers and Controllers,8874,Perform tax planning work.,Supplemental,25.0,08/2020,Occupational Expert
11-3031.01,Treasurers and Controllers,8873,"Compute, withhold, and account for all payroll deductions.",Supplemental,25.0,08/2020,Occupational Expert
11-3031.01,Treasurers and Controllers,20169,"Handle all aspects of employee insurance, benefits, and casualty programs, including monitoring changes in health insurance regulations and creating budgets for benefits and worker's compensation.",Supplemental,25.0,08/2020,Occupational Expert
11-3031.01,Treasurers and Controllers,8875,"Determine depreciation rates to apply to capitalized items and advise management on actions regarding the purchase, lease, or disposal of such items.",Supplemental,25.0,08/2020,Occupational Expert
11-3031.03,Investment Fund Managers,15677,Analyze acquisitions to ensure conformance with strategic goals or regulatory requirements.,Supplemental,79.0,07/2014,Incumbent
11-3031.03,Investment Fund Managers,15661,Verify regulatory compliance of transaction reporting.,Supplemental,79.0,07/2014,Incumbent
11-3031.03,Investment Fund Managers,15666,Review offering documents or marketing materials to ensure regulatory compliance.,Supplemental,80.0,07/2014,Incumbent
11-3031.03,Investment Fund Managers,15672,Identify group or individual target investors for a specific fund.,Supplemental,81.0,07/2014,Incumbent
11-3031.03,Investment Fund Managers,15663,Direct activities of accounting or operations departments.,Supplemental,81.0,07/2014,Incumbent
11-3051.00,Industrial Production Managers,45,Negotiate materials prices with suppliers.,Supplemental,114.0,08/2021,Incumbent
11-3051.01,Quality Control Systems Managers,15412,Audit and inspect subcontractor facilities including external laboratories.,Supplemental,59.0,08/2022,Incumbent
11-3051.02,Geothermal Production Managers,15437,Prepare environmental permit applications or compliance reports.,Supplemental,52.0,07/2011,Incumbent
11-3051.02,Geothermal Production Managers,15440,Negotiate interconnection agreements with other utilities.,Supplemental,50.0,07/2011,Incumbent
11-3051.02,Geothermal Production Managers,15438,"Obtain permits for constructing, upgrading, or operating geothermal power plants.",Supplemental,52.0,07/2011,Incumbent
11-3051.02,Geothermal Production Managers,15435,Troubleshoot and make minor repairs to geothermal plant instrumentation or electrical systems.,Supplemental,51.0,07/2011,Incumbent
11-3051.04,Biomass Power Plant Managers,15469,"Shut down and restart biomass power plants or equipment in emergency situations or for equipment maintenance, repairs, or replacements.",Supplemental,61.0,08/2020,Incumbent
11-3051.04,Biomass Power Plant Managers,15466,Compile and record operational data on forms or in log books.,Supplemental,62.0,08/2020,Incumbent
11-3051.04,Biomass Power Plant Managers,15479,"Monitor the operating status of biomass plants by observing control system parameters, distributed control systems, switchboard gauges, dials, or other indicators.",Supplemental,61.0,08/2020,Incumbent
11-3051.04,Biomass Power Plant Managers,15467,Adjust equipment controls to generate specified amounts of electrical power.,Supplemental,60.0,08/2020,Incumbent
11-3051.04,Biomass Power Plant Managers,15463,"Test, maintain, or repair electrical power distribution machinery or equipment, using hand tools, power tools, and testing devices.",Supplemental,61.0,08/2020,Incumbent
11-3051.04,Biomass Power Plant Managers,15475,"Operate controls to start, stop, or regulate biomass-fueled generators, generator units, boilers, engines, or auxiliary systems.",Supplemental,62.0,08/2020,Incumbent
11-3051.06,Hydroelectric Production Managers,15510,"Operate energized high- or low-voltage hydroelectric power transmission system substations, according to procedures and safety requirements.",Supplemental,86.0,07/2016,Incumbent
11-3051.06,Hydroelectric Production Managers,15517,Create or enforce hydrostation voltage schedules.,Supplemental,85.0,07/2016,Incumbent
11-3071.04,Supply Chain Managers,20948,Forecast material costs or develop standard cost lists.,Supplemental,21.0,07/2017,Occupational Expert
11-3071.04,Supply Chain Managers,19545,"Locate or select biodegradable, non-toxic, or other environmentally friendly raw materials for manufacturing processes.",Supplemental,21.0,07/2017,Occupational Expert
11-3071.04,Supply Chain Managers,20949,Appraise vendor manufacturing capabilities through on-site observations or other measurements.,Supplemental,21.0,07/2017,Occupational Expert
11-3071.04,Supply Chain Managers,19539,"Conduct or oversee the conduct of life cycle analyses to determine the environmental impacts of products, processes, or systems.",Supplemental,21.0,07/2017,Occupational Expert
11-3071.04,Supply Chain Managers,19544,Investigate or review the carbon footprints and environmental performance records of current or potential storage and distribution service providers.,Supplemental,21.0,07/2017,Occupational Expert
11-3111.00,Compensation and Benefits Managers,3269,Plan and conduct new-employee orientations to foster positive attitude toward organizational objectives.,Supplemental,21.0,08/2023,Occupational Expert
11-3111.00,Compensation and Benefits Managers,3287,Prepare budgets for personnel operations.,Supplemental,21.0,08/2023,Occupational Expert
11-3111.00,Compensation and Benefits Managers,3280,Negotiate bargaining agreements.,Supplemental,21.0,08/2023,Occupational Expert
11-3111.00,Compensation and Benefits Managers,3288,Prepare personnel forecasts to project employment needs.,Supplemental,21.0,08/2023,Occupational Expert
11-3111.00,Compensation and Benefits Managers,3277,"Maintain records and compile statistical reports concerning personnel-related data, such as hires, transfers, performance appraisals, and absenteeism rates.",Supplemental,21.0,08/2023,Occupational Expert
11-3111.00,Compensation and Benefits Managers,3278,"Analyze statistical data and reports to identify and determine causes of personnel problems, and develop recommendations for improvement of organization's personnel policies and practices.",Supplemental,21.0,08/2023,Occupational Expert
11-3111.00,Compensation and Benefits Managers,3289,"Contract with vendors to provide employee services, such as food services, transportation, or relocation service.",Supplemental,21.0,08/2023,Occupational Expert
11-3111.00,Compensation and Benefits Managers,3266,"Advise management on such matters as equal employment opportunity, sexual harassment, and discrimination.",Supplemental,21.0,08/2023,Occupational Expert
11-3111.00,Compensation and Benefits Managers,3282,Represent organization at personnel-related hearings and investigations.,Supplemental,21.0,08/2023,Occupational Expert
11-3121.00,Human Resources Managers,1002,"Develop, administer, and evaluate applicant tests.",Supplemental,22.0,08/2025,Occupational Expert
11-3121.00,Human Resources Managers,1007,"Contract with vendors to provide employee services, such as food service, transportation, or relocation service.",Supplemental,22.0,08/2025,Occupational Expert
11-3121.00,Human Resources Managers,1006,Provide terminated employees with outplacement or relocation assistance.,Supplemental,22.0,08/2025,Occupational Expert
11-3131.00,Training and Development Managers,1018,"Coordinate established courses with technical and professional courses provided by community schools, and designate training procedures.",Supplemental,28.0,08/2024,Occupational Expert
11-9013.00,"Farmers, Ranchers, and Other Agricultural Managers",21389,"Replace chemical insecticides with environmentally friendly practices, such as adding pest-repelling plants to fields.",Supplemental,,11/2020,Analyst - Transition
11-9021.00,Construction Managers,19519,"Develop construction budgets to compare green and non-green construction alternatives, in terms of short-term costs, long-term costs, or environmental impacts.",Supplemental,20.0,08/2025,Occupational Expert
11-9021.00,Construction Managers,19518,Apply green building strategies to reduce energy costs or minimize carbon output or other sources of harm to the environment.,Supplemental,20.0,08/2025,Occupational Expert
11-9021.00,Construction Managers,3331,Direct acquisition of land for construction projects.,Supplemental,20.0,08/2025,Occupational Expert
11-9031.00,"Education and Childcare Administrators, Preschool and Daycare",5205,Prepare and submit budget requests or grant proposals to solicit program funding.,Supplemental,90.0,08/2018,Incumbent
11-9031.00,"Education and Childcare Administrators, Preschool and Daycare",5209,"Organize and direct committees of specialists, volunteers, and staff to provide technical and advisory assistance for programs.",Supplemental,90.0,08/2018,Incumbent
11-9032.00,"Education Administrators, Kindergarten through Secondary",5227,"Establish, coordinate, and oversee particular programs across school districts, such as programs to evaluate student academic achievement.",Supplemental,65.0,08/2025,Incumbent
11-9032.00,"Education Administrators, Kindergarten through Secondary",18592,"Mentor and support administrative staff members, such as superintendents and principals.",Supplemental,65.0,08/2025,Incumbent
11-9032.00,"Education Administrators, Kindergarten through Secondary",5233,"Collect and analyze survey data, regulatory information, and data on demographic and employment trends to forecast enrollment patterns and curriculum change needs.",Supplemental,65.0,08/2025,Incumbent
11-9032.00,"Education Administrators, Kindergarten through Secondary",5218,"Advocate for new schools to be built, or for existing facilities to be repaired or remodeled.",Supplemental,65.0,08/2025,Incumbent
11-9032.00,"Education Administrators, Kindergarten through Secondary",18590,"Plan, coordinate, and oversee school logistics programs, such as bus and food services.",Supplemental,64.0,08/2025,Incumbent
11-9032.00,"Education Administrators, Kindergarten through Secondary",5228,"Review and interpret government codes, and develop programs to ensure adherence to codes and facility safety, security, and maintenance.",Supplemental,65.0,08/2025,Incumbent
11-9032.00,"Education Administrators, Kindergarten through Secondary",5220,"Develop partnerships with businesses, communities, and other organizations to help meet identified educational needs and to provide school-to-work programs.",Supplemental,65.0,08/2025,Incumbent
11-9032.00,"Education Administrators, Kindergarten through Secondary",5214,Direct and coordinate school maintenance services and the use of school facilities.,Supplemental,65.0,08/2025,Incumbent
11-9033.00,"Education Administrators, Postsecondary",5243,"Direct activities of administrative departments, such as admissions, registration, and career services.",Supplemental,114.0,08/2018,Incumbent
11-9033.00,"Education Administrators, Postsecondary",5242,"Appoint individuals to faculty positions, and evaluate their performance.",Supplemental,113.0,08/2018,Incumbent
11-9033.00,"Education Administrators, Postsecondary",5244,"Develop curricula, and recommend curricula revisions and additions.",Supplemental,112.0,08/2018,Incumbent
11-9033.00,"Education Administrators, Postsecondary",5246,Consult with government regulatory and licensing agencies to ensure the institution's conformance with applicable standards.,Supplemental,114.0,08/2018,Incumbent
11-9033.00,"Education Administrators, Postsecondary",5249,"Participate in student recruitment, selection, and admission, making admissions recommendations when required to do so.",Supplemental,114.0,08/2018,Incumbent
11-9033.00,"Education Administrators, Postsecondary",5245,"Determine course schedules, and coordinate teaching assignments and room assignments to ensure optimum use of buildings and equipment.",Supplemental,113.0,08/2018,Incumbent
11-9033.00,"Education Administrators, Postsecondary",5248,Teach courses within their department.,Supplemental,113.0,08/2018,Incumbent
11-9033.00,"Education Administrators, Postsecondary",5250,"Review student misconduct reports requiring disciplinary action, and counsel students regarding such reports.",Supplemental,113.0,08/2018,Incumbent
11-9033.00,"Education Administrators, Postsecondary",5255,"Review registration statistics, and consult with faculty officials to develop registration policies.",Supplemental,114.0,08/2018,Incumbent
11-9033.00,"Education Administrators, Postsecondary",5241,Confer with other academic staff to explain and formulate admission requirements and course credit policies.,Supplemental,113.0,08/2018,Incumbent
11-9033.00,"Education Administrators, Postsecondary",5253,"Direct scholarship, fellowship, and loan programs, performing activities such as selecting recipients and distributing aid.",Supplemental,114.0,08/2018,Incumbent
11-9033.00,"Education Administrators, Postsecondary",5259,"Direct and participate in institutional fundraising activities, and encourage alumni participation in such activities.",Supplemental,114.0,08/2018,Incumbent
11-9033.00,"Education Administrators, Postsecondary",5254,"Coordinate the production and dissemination of university publications, such as course catalogs and class schedules.",Supplemental,114.0,08/2018,Incumbent
11-9033.00,"Education Administrators, Postsecondary",18597,"Write grants to procure external funding, and supervise grant-funded projects.",Supplemental,113.0,08/2018,Incumbent
11-9033.00,"Education Administrators, Postsecondary",5258,"Plan and promote sporting events and social, cultural, and recreational activities.",Supplemental,113.0,08/2018,Incumbent
11-9041.00,Architectural and Engineering Managers,1063,"Plan or direct the installation, testing, operation, maintenance, or repair of facilities or equipment.",Supplemental,60.0,08/2020,Incumbent
11-9041.00,Architectural and Engineering Managers,19528,Identify environmental threats or opportunities associated with the development and launch of new technologies.,Supplemental,59.0,08/2020,Incumbent
11-9041.00,Architectural and Engineering Managers,20180,"Plan, direct, or coordinate survey work with other project activities.",Supplemental,58.0,08/2020,Incumbent
11-9041.00,Architectural and Engineering Managers,19526,Evaluate environmental regulations or social pressures related to environmental issues to inform strategic or operational decision-making.,Supplemental,60.0,08/2020,Incumbent
11-9041.00,Architectural and Engineering Managers,20179,Solicit project support by conferring with officials or providing information to the public.,Supplemental,60.0,08/2020,Incumbent
11-9041.01,Biofuels/Biodiesel Technology and Product Development Managers,15572,Develop methods to estimate the efficiency of biomass pretreatments.,Supplemental,100.0,07/2014,Incumbent
11-9041.01,Biofuels/Biodiesel Technology and Product Development Managers,15569,Perform protein functional analysis and engineering for processing of feedstock and creation of biofuels.,Supplemental,97.0,07/2014,Incumbent
11-9041.01,Biofuels/Biodiesel Technology and Product Development Managers,15581,"Conduct research to breed or develop energy crops with improved biomass yield, environmental adaptability, pest resistance, production efficiency, bioprocessing characteristics, or reduced environmental impacts.",Supplemental,99.0,07/2014,Incumbent
11-9041.01,Biofuels/Biodiesel Technology and Product Development Managers,15564,Develop computational tools or approaches to improve biofuels research and development activities.,Supplemental,98.0,07/2014,Incumbent
11-9041.01,Biofuels/Biodiesel Technology and Product Development Managers,15570,Develop separation processes to recover biofuels.,Supplemental,98.0,07/2014,Incumbent
11-9041.01,Biofuels/Biodiesel Technology and Product Development Managers,15575,"Design chemical conversion processes, such as etherification, esterification, interesterification, transesterification, distillation, hydrogenation, oxidation or reduction of fats and oils, and vegetable oil refining.",Supplemental,99.0,07/2014,Incumbent
11-9041.01,Biofuels/Biodiesel Technology and Product Development Managers,15573,Design or execute solvent or product recovery experiments in laboratory or field settings.,Supplemental,99.0,07/2014,Incumbent
11-9041.01,Biofuels/Biodiesel Technology and Product Development Managers,15571,Develop methods to recover ethanol or other fuels from complex bioreactor liquid and gas streams.,Supplemental,100.0,07/2014,Incumbent
11-9051.00,Food Service Managers,1097,Monitor employee and patron activities to ensure liquor regulations are obeyed.,Supplemental,104.0,08/2025,Incumbent
11-9051.00,Food Service Managers,1098,"Greet guests, escort them to their seats, and present them with menus and wine lists.",Supplemental,108.0,08/2025,Incumbent
11-9051.00,Food Service Managers,1094,"Record the number, type, and cost of items sold to determine which items may be unpopular or less profitable.",Supplemental,106.0,08/2025,Incumbent
11-9051.00,Food Service Managers,1100,"Plan menus and food utilization, based on anticipated number of guests, nutritional value, palatability, popularity, and costs.",Supplemental,105.0,08/2025,Incumbent
11-9051.00,Food Service Managers,1093,"Review menus and analyze recipes to determine labor and overhead costs, and assign prices to menu items.",Supplemental,107.0,08/2025,Incumbent
11-9051.00,Food Service Managers,1102,Take dining reservations.,Supplemental,107.0,08/2025,Incumbent
11-9051.00,Food Service Managers,1101,Create specialty dishes and develop recipes to be used in dining facilities.,Supplemental,108.0,08/2025,Incumbent
11-9051.00,Food Service Managers,1103,"Schedule use of facilities or catering services for events such as banquets or receptions, and negotiate details of arrangements with clients.",Supplemental,108.0,08/2025,Incumbent
11-9051.00,Food Service Managers,1099,"Establish and enforce nutritional standards for dining establishments, based on accepted industry standards.",Supplemental,108.0,08/2025,Incumbent
11-9071.00,Gambling Managers,7189,"Circulate among gaming tables to ensure that operations are conducted properly, that dealers follow house rules, or that players are not cheating.",Supplemental,76.0,08/2023,Incumbent
11-9071.00,Gambling Managers,7197,Set and maintain a bank and table limit for each game.,Supplemental,75.0,08/2023,Incumbent
11-9071.00,Gambling Managers,7201,Direct the compilation of summary sheets that show wager amounts and payoffs for races or events.,Supplemental,76.0,08/2023,Incumbent
11-9071.00,Gambling Managers,7199,"Review operational expenses, budget estimates, betting accounts, or collection reports for accuracy.",Supplemental,74.0,08/2023,Incumbent
11-9071.00,Gambling Managers,7200,"Record, collect, or pay off bets, issuing receipts as necessary.",Supplemental,75.0,08/2023,Incumbent
11-9071.00,Gambling Managers,7202,Notify board attendants of table vacancies so that waiting patrons can play.,Supplemental,75.0,08/2023,Incumbent
11-9071.00,Gambling Managers,7198,Monitor credit extended to players.,Supplemental,74.0,08/2023,Incumbent
11-9072.00,"Entertainment and Recreation Managers, Except Gambling",21405,"Inspect equipment, such as rides, games, and vehicles, to detect wear and damage.",Supplemental,53.0,08/2025,Incumbent
11-9072.00,"Entertainment and Recreation Managers, Except Gambling",21403,"Clean equipment and areas of amusement park, cruise ship, or other recreational facility.",Supplemental,53.0,08/2025,Incumbent
11-9072.00,"Entertainment and Recreation Managers, Except Gambling",21407,"Operate, drive, or explain the use of mechanical equipment in amusement parks, cruise ships, or other recreational facilities.",Supplemental,53.0,08/2025,Incumbent
11-9081.00,Lodging Managers,1124,"Meet with clients to schedule and plan details of conventions, banquets, receptions and other functions.",Supplemental,49.0,07/2017,Incumbent
11-9081.00,Lodging Managers,1126,Book tickets for guests for local tours and attractions.,Supplemental,49.0,07/2017,Incumbent
11-9111.00,Medical and Health Services Managers,60,"Inspect facilities and recommend building or equipment modifications to ensure emergency readiness and compliance to access, safety, and sanitation regulations.",Supplemental,28.0,08/2022,Occupational Expert
11-9121.00,Natural Sciences Managers,7213,"Provide for stewardship of plant or animal resources or habitats, studying land use, monitoring animal populations, or providing shelter, resources, or medical treatment for animals.",Supplemental,70.0,08/2021,Incumbent
11-9121.00,Natural Sciences Managers,7216,Advise or assist in obtaining patents or meeting other legal requirements.,Supplemental,70.0,08/2021,Incumbent
11-9121.01,Clinical Research Coordinators,15604,"Dispense medical devices or drugs, and calculate dosages and provide instructions as necessary.",Supplemental,52.0,08/2021,Incumbent
11-9121.01,Clinical Research Coordinators,15611,Arrange for research study sites and determine staff or equipment availability.,Supplemental,52.0,08/2021,Incumbent
11-9121.01,Clinical Research Coordinators,15588,Interpret protocols and advise treating physicians on appropriate dosage modifications or treatment calculations based on patient characteristics.,Supplemental,53.0,08/2021,Incumbent
11-9121.01,Clinical Research Coordinators,15590,Contact industry representatives to ensure equipment and software specifications necessary for successful study completion.,Supplemental,53.0,08/2021,Incumbent
11-9121.01,Clinical Research Coordinators,15584,Register protocol patients with appropriate statistical centers as required.,Supplemental,53.0,08/2021,Incumbent
11-9121.01,Clinical Research Coordinators,15582,Solicit industry-sponsored trials through contacts and professional organizations.,Supplemental,53.0,08/2021,Incumbent
11-9121.01,Clinical Research Coordinators,15586,Participate in preparation and management of research budgets and monetary disbursements.,Supplemental,53.0,08/2021,Incumbent
11-9121.02,Water Resource Specialists,15625,"Identify methods for distributing purified wastewater into rivers, streams, or oceans.",Supplemental,22.0,08/2020,Occupational Expert
11-9131.00,Postmasters and Mail Superintendents,5270,Select and train postmasters and managers of associate postal units.,Supplemental,85.0,07/2016,Incumbent
11-9131.00,Postmasters and Mail Superintendents,5269,"Inform the public of available services, and of postal laws and regulations.",Supplemental,85.0,07/2016,Incumbent
11-9131.00,Postmasters and Mail Superintendents,5268,Issue and cash money orders.,Supplemental,86.0,07/2016,Incumbent
11-9131.00,Postmasters and Mail Superintendents,5267,Collect rents for post office boxes.,Supplemental,86.0,07/2016,Incumbent
11-9131.00,Postmasters and Mail Superintendents,5271,"Confer with suppliers to obtain bids for proposed purchases and to requisition supplies, disbursing funds according to federal regulations.",Supplemental,85.0,07/2016,Incumbent
11-9141.00,"Property, Real Estate, and Community Association Managers",7233,Review rents to ensure that they are in line with rental markets.,Supplemental,20.0,08/2020,Occupational Expert
11-9141.00,"Property, Real Estate, and Community Association Managers",7240,"Clean common areas, change light bulbs, and make minor property repairs.",Supplemental,20.0,08/2020,Occupational Expert
11-9141.00,"Property, Real Estate, and Community Association Managers",7227,"Determine and certify the eligibility of prospective tenants, following government regulations.",Supplemental,20.0,08/2020,Occupational Expert
11-9141.00,"Property, Real Estate, and Community Association Managers",7237,Confer regularly with community association members to ensure their needs are being met.,Supplemental,20.0,08/2020,Occupational Expert
11-9141.00,"Property, Real Estate, and Community Association Managers",7219,"Meet with prospective tenants to show properties, explain terms of occupancy, and provide information about local areas.",Supplemental,20.0,08/2020,Occupational Expert
11-9141.00,"Property, Real Estate, and Community Association Managers",7245,"Analyze information on property values, taxes, zoning, population growth, and traffic volume and patterns to determine if properties should be acquired.",Supplemental,20.0,08/2020,Occupational Expert
11-9141.00,"Property, Real Estate, and Community Association Managers",7225,"Negotiate the sale, lease, or development of property and complete or review appropriate documents and forms.",Supplemental,20.0,08/2020,Occupational Expert
11-9141.00,"Property, Real Estate, and Community Association Managers",7243,Contract with architectural firms to draw up detailed plans for new structures.,Supplemental,20.0,08/2020,Occupational Expert
11-9141.00,"Property, Real Estate, and Community Association Managers",7242,Negotiate short- and long-term loans to finance construction and ownership of structures.,Supplemental,20.0,08/2020,Occupational Expert
11-9141.00,"Property, Real Estate, and Community Association Managers",7244,"Negotiate with government leaders, businesses, special interest representatives, and utility companies to gain support for new projects and to eliminate potential obstacles.",Supplemental,20.0,08/2020,Occupational Expert
11-9151.00,Social and Community Service Managers,1138,"Analyze proposed legislation, regulations, or rule changes to determine how agency services could be impacted.",Supplemental,72.0,08/2018,Incumbent
11-9151.00,Social and Community Service Managers,1137,"Plan and administer budgets for programs, equipment, and support services.",Supplemental,72.0,08/2018,Incumbent
11-9151.00,Social and Community Service Managers,1136,Represent organizations in relations with governmental and media institutions.,Supplemental,72.0,08/2018,Incumbent
11-9151.00,Social and Community Service Managers,1141,Direct fundraising activities and the preparation of public relations materials.,Supplemental,72.0,08/2018,Incumbent
11-9161.00,Emergency Management Directors,7273,"Develop and implement training procedures and strategies for radiological protection, detection, and decontamination.",Supplemental,22.0,08/2023,Occupational Expert
11-9161.00,Emergency Management Directors,7274,"Inventory and distribute nuclear, biological, and chemical detection and contamination equipment, providing instruction in its maintenance and use.",Supplemental,22.0,08/2023,Occupational Expert
11-9179.01,Fitness and Wellness Coordinators,15554,"Organize and oversee health screenings or other preventive measures, such as mammography, blood pressure, or cholesterol screenings or flu vaccinations.",Supplemental,26.0,08/2022,Occupational Expert
11-9179.01,Fitness and Wellness Coordinators,20314,Interpret insurance data or Health Reimbursement Account (HRA) data to develop programs that address specific needs of target populations.,Supplemental,26.0,08/2022,Occupational Expert
11-9199.01,Regulatory Affairs Managers,18044,Evaluate new software publishing systems and confer with regulatory agencies concerning news or updates on electronic publishing of submissions.,Supplemental,23.0,08/2024,Occupational Expert
11-9199.02,Compliance Managers,21092,"Develop risk management strategies based on assessment of product, compliance, or operational risks.",Supplemental,76.0,08/2019,Incumbent
11-9199.02,Compliance Managers,19533,Advise technical professionals on the development or use of environmental compliance or reporting tools.,Supplemental,77.0,08/2019,Incumbent
11-9199.02,Compliance Managers,19534,Conduct environmental audits to ensure adherence to environmental standards.,Supplemental,77.0,08/2019,Incumbent
11-9199.02,Compliance Managers,19537,Evaluate testing procedures to meet the specifications of environmental monitoring programs.,Supplemental,75.0,08/2019,Incumbent
11-9199.02,Compliance Managers,19538,Review or modify policies or operating guidelines to comply with changes to environmental standards or regulations.,Supplemental,76.0,08/2019,Incumbent
11-9199.02,Compliance Managers,15643,Review communications such as securities sales advertising to ensure there are no violations of standards or regulations.,Supplemental,77.0,08/2019,Incumbent
11-9199.02,Compliance Managers,21093,"Oversee internal reporting systems, such as corporate compliance hotlines.",Supplemental,76.0,08/2019,Incumbent
11-9199.02,Compliance Managers,15636,Verify that software technology is in place to adequately provide oversight and monitoring in all required areas.,Supplemental,76.0,08/2019,Incumbent
11-9199.02,Compliance Managers,19536,"Direct environmental programs, such as air or water compliance, aboveground or underground storage tanks, spill prevention or control, hazardous waste or materials management, solid waste recycling, medical waste management, indoor air quality, integrated pest management, employee training, or disaster preparedness.",Supplemental,76.0,08/2019,Incumbent
11-9199.08,Loss Prevention Managers,15785,"Maintain databases such as bad check logs, reports on multiple offenders, and alarm activation lists.",Supplemental,22.0,08/2019,Occupational Expert
11-9199.11,Brownfield Redevelopment Specialists and Site Managers,15841,Provide training on hazardous material or waste cleanup procedures and technologies.,Supplemental,22.0,08/2021,Occupational Expert
11-9199.11,Brownfield Redevelopment Specialists and Site Managers,15851,Develop or implement plans for revegetation of brownfield sites.,Supplemental,22.0,08/2021,Occupational Expert
11-9199.11,Brownfield Redevelopment Specialists and Site Managers,15842,"Provide expert witness testimony on issues such as soil, air, or water contamination and associated cleanup measures.",Supplemental,22.0,08/2021,Occupational Expert
13-1011.00,"Agents and Business Managers of Artists, Performers, and Athletes",12871,"Manage business and financial affairs for clients, such as arranging travel and lodging, selling tickets, and directing marketing and advertising activities.",Supplemental,63.0,08/2020,Incumbent
13-1011.00,"Agents and Business Managers of Artists, Performers, and Athletes",12877,"Hire trainers or coaches to advise clients on performance matters, such as training techniques or performance presentations.",Supplemental,64.0,08/2020,Incumbent
13-1011.00,"Agents and Business Managers of Artists, Performers, and Athletes",12874,Prepare periodic accounting statements for clients.,Supplemental,64.0,08/2020,Incumbent
13-1011.00,"Agents and Business Managers of Artists, Performers, and Athletes",12876,"Obtain information about or inspect performance facilities, equipment, and accommodations to ensure that they meet specifications.",Supplemental,64.0,08/2020,Incumbent
13-1011.00,"Agents and Business Managers of Artists, Performers, and Athletes",12875,"Advise clients on financial and legal matters, such as investments and taxes.",Supplemental,64.0,08/2020,Incumbent
13-1021.00,"Buyers and Purchasing Agents, Farm Products",12884,"Examine or test crops or products to estimate their value, determine their grade, or locate any evidence of disease or insect damage.",Supplemental,71.0,07/2013,Incumbent
13-1021.00,"Buyers and Purchasing Agents, Farm Products",12885,"Coordinate or direct activities of workers engaged in cutting, transporting, storing, or milling products and maintaining records.",Supplemental,71.0,07/2013,Incumbent
13-1021.00,"Buyers and Purchasing Agents, Farm Products",12887,"Sell supplies, such as seed, feed, fertilizers, or insecticides, arranging for loans or financing as necessary.",Supplemental,71.0,07/2013,Incumbent
13-1021.00,"Buyers and Purchasing Agents, Farm Products",12889,Advise farm groups or growers on land preparation or livestock care techniques that will maximize the quantity and quality of production.,Supplemental,70.0,07/2013,Incumbent
13-1021.00,"Buyers and Purchasing Agents, Farm Products",12886,Calculate applicable government grain quotas.,Supplemental,71.0,07/2013,Incumbent
13-1021.00,"Buyers and Purchasing Agents, Farm Products",12888,"Estimate land production possibilities, surveying property and studying factors such as crop rotation history, soil fertility, or irrigation facilities.",Supplemental,70.0,07/2013,Incumbent
13-1022.00,"Wholesale and Retail Buyers, Except Farm Products",72,Consult with store or merchandise managers about budgets or goods to be purchased.,Supplemental,82.0,07/2015,Incumbent
13-1022.00,"Wholesale and Retail Buyers, Except Farm Products",77,"Provide clerks with information to print on price tags, such as price, mark-ups or mark-downs, manufacturer number, season code, or style number.",Supplemental,81.0,07/2015,Incumbent
13-1022.00,"Wholesale and Retail Buyers, Except Farm Products",76,Train or supervise sales or clerical staff.,Supplemental,81.0,07/2015,Incumbent
13-1022.00,"Wholesale and Retail Buyers, Except Farm Products",78,"Determine which products should be featured in advertising, the advertising medium to be used, or when the ads should be run.",Supplemental,81.0,07/2015,Incumbent
13-1022.00,"Wholesale and Retail Buyers, Except Farm Products",79,Monitor competitors' sales activities by following their advertisements in newspapers or other media.,Supplemental,81.0,07/2015,Incumbent
13-1022.00,"Wholesale and Retail Buyers, Except Farm Products",19547,Analyze environmental aspects of competing merchandise when making buying decisions.,Supplemental,82.0,07/2015,Incumbent
13-1022.00,"Wholesale and Retail Buyers, Except Farm Products",19548,Compare transportation options to determine the most energy-efficient options.,Supplemental,81.0,07/2015,Incumbent
13-1022.00,"Wholesale and Retail Buyers, Except Farm Products",19549,Develop strategies to advertise green products or merchandise to consumers.,Supplemental,81.0,07/2015,Incumbent
13-1022.00,"Wholesale and Retail Buyers, Except Farm Products",19550,"Identify opportunities to buy green commodities, such as alternative energy, water, or carbon-neutral products for resale to consumers.",Supplemental,82.0,07/2015,Incumbent
13-1022.00,"Wholesale and Retail Buyers, Except Farm Products",19551,Monitor consumer preferences or environmental trends to determine the best way to introduce new green products.,Supplemental,81.0,07/2015,Incumbent
13-1023.00,"Purchasing Agents, Except Wholesale, Retail, and Farm Products",1155,Arrange the payment of duty and freight charges.,Supplemental,20.0,08/2025,Occupational Expert
13-1023.00,"Purchasing Agents, Except Wholesale, Retail, and Farm Products",1154,"Interview vendors and visit suppliers' plants and distribution centers to examine and learn about products, services, and prices.",Supplemental,20.0,08/2025,Occupational Expert
13-1031.00,"Claims Adjusters, Examiners, and Investigators",21436,Supervise claims adjusters to ensure that adjusters have followed proper methods.,Supplemental,44.0,08/2022,Incumbent
13-1031.00,"Claims Adjusters, Examiners, and Investigators",21437,Conduct detailed bill reviews to implement sound litigation management and expense control.,Supplemental,43.0,08/2022,Incumbent
13-1031.00,"Claims Adjusters, Examiners, and Investigators",21440,Communicate with reinsurance brokers to obtain information necessary for processing claims.,Supplemental,44.0,08/2022,Incumbent
13-1031.00,"Claims Adjusters, Examiners, and Investigators",21441,Prepare reports to be submitted to company's data processing department.,Supplemental,44.0,08/2022,Incumbent
13-1031.00,"Claims Adjusters, Examiners, and Investigators",21438,Examine titles to property to determine validity and act as company agent in transactions with property owners.,Supplemental,78.0,08/2022,Incumbent
13-1031.00,"Claims Adjusters, Examiners, and Investigators",21442,Obtain credit information from banks and other credit services.,Supplemental,81.0,08/2022,Incumbent
13-1041.00,Compliance Officers,21452,Issue licenses to individuals meeting standards.,Supplemental,,11/2020,Analyst - Transition
13-1041.00,Compliance Officers,21453,Collect fees for licenses.,Supplemental,,11/2020,Analyst - Transition
13-1041.00,Compliance Officers,21454,"Administer oral, written, road, or flight tests to license applicants.",Supplemental,,11/2020,Analyst - Transition
13-1041.00,Compliance Officers,21455,Visit establishments to verify that valid licenses or permits are displayed and that licensing standards are being upheld.,Supplemental,,11/2020,Analyst - Transition
13-1041.00,Compliance Officers,21456,Score tests and observe equipment operation and control to rate ability of applicants.,Supplemental,,11/2020,Analyst - Transition
13-1041.00,Compliance Officers,21457,Prepare correspondence to inform concerned parties of licensing decisions or appeals processes.,Supplemental,,11/2020,Analyst - Transition
13-1041.01,Environmental Compliance Inspectors,10836,"Inspect waste pretreatment, treatment, and disposal facilities and systems for conformance to federal, state, or local regulations.",Supplemental,20.0,08/2021,Occupational Expert
13-1041.01,Environmental Compliance Inspectors,10846,"Analyze and implement state, federal or local requirements as necessary to maintain approved pretreatment, pollution prevention, and storm water runoff programs.",Supplemental,20.0,08/2021,Occupational Expert
13-1041.01,Environmental Compliance Inspectors,10844,Evaluate label information for accuracy and conformance to regulatory requirements.,Supplemental,20.0,08/2021,Occupational Expert
13-1041.01,Environmental Compliance Inspectors,10853,"Respond to questions and inquiries, such as those concerning service charges and capacity fees, or refer them to supervisors.",Supplemental,20.0,08/2021,Occupational Expert
13-1041.01,Environmental Compliance Inspectors,10849,"Research and perform calculations related to landscape allowances, discharge volumes, production-based and alternative limits, and wastewater strength classifications, making recommendations and completing documentation.",Supplemental,20.0,08/2021,Occupational Expert
13-1041.01,Environmental Compliance Inspectors,10847,"Perform laboratory tests on samples collected, such as analyzing the content of contaminated wastewater.",Supplemental,20.0,08/2021,Occupational Expert
13-1041.01,Environmental Compliance Inspectors,10845,"Inform health professionals, property owners, and the public about harmful properties and related problems of water pollution and contaminated wastewater.",Supplemental,20.0,08/2021,Occupational Expert
13-1041.01,Environmental Compliance Inspectors,10848,"Review and evaluate applications for registration of products containing dangerous materials, or for pollution control discharge permits.",Supplemental,20.0,08/2021,Occupational Expert
13-1041.01,Environmental Compliance Inspectors,10852,Conduct research on hazardous waste management projects to determine the magnitude of problems and treatment or disposal alternatives and costs.,Supplemental,20.0,08/2021,Occupational Expert
13-1041.01,Environmental Compliance Inspectors,10851,"Maintain and repair materials, work sites, and equipment.",Supplemental,20.0,08/2021,Occupational Expert
13-1041.01,Environmental Compliance Inspectors,20473,Prepare data to calculate sewer service charges and capacity fees.,Supplemental,20.0,08/2021,Occupational Expert
13-1041.03,Equal Opportunity Representatives and Officers,10870,"Prepare reports of selection, survey, or other statistics and recommendations for corrective action.",Supplemental,105.0,07/2015,Incumbent
13-1041.03,Equal Opportunity Representatives and Officers,10879,"Meet with job search committees or coordinators to explain the role of the equal opportunity coordinator, to provide resources for advertising, or to explain expectations for future contacts.",Supplemental,106.0,07/2015,Incumbent
13-1041.03,Equal Opportunity Representatives and Officers,10874,"Counsel newly hired members of minority or disadvantaged groups, informing them about details of civil rights laws.",Supplemental,109.0,07/2015,Incumbent
13-1041.03,Equal Opportunity Representatives and Officers,10873,Review company contracts to determine actions required to meet governmental equal opportunity provisions.,Supplemental,108.0,07/2015,Incumbent
13-1041.03,Equal Opportunity Representatives and Officers,10876,Verify that all job descriptions are submitted for review and approval and that descriptions meet regulatory standards.,Supplemental,105.0,07/2015,Incumbent
13-1041.03,Equal Opportunity Representatives and Officers,10878,Consult with community representatives to develop technical assistance agreements in accordance with governmental regulations.,Supplemental,107.0,07/2015,Incumbent
13-1041.03,Equal Opportunity Representatives and Officers,10880,"Participate in the recruitment of employees through job fairs, career days, or advertising plans.",Supplemental,106.0,07/2015,Incumbent
13-1041.04,Government Property Inspectors and Investigators,20844,Investigate alleged license or permit violations.,Supplemental,52.0,07/2016,Incumbent
13-1041.04,Government Property Inspectors and Investigators,12894,Inspect manufactured or processed products to ensure compliance with contract specifications or legal requirements.,Supplemental,52.0,07/2016,Incumbent
13-1041.04,Government Property Inspectors and Investigators,12893,"Collect, identify, evaluate, or preserve case evidence.",Supplemental,52.0,07/2016,Incumbent
13-1041.04,Government Property Inspectors and Investigators,12900,"Submit samples of products to government laboratories for testing, as required.",Supplemental,52.0,07/2016,Incumbent
13-1041.04,Government Property Inspectors and Investigators,12898,Inspect government-owned equipment or materials in the possession of private contractors to ensure compliance with contracts or regulations or to prevent misuse.,Supplemental,51.0,07/2016,Incumbent
13-1041.04,Government Property Inspectors and Investigators,20845,Investigate applications for special licenses or permits.,Supplemental,52.0,07/2016,Incumbent
13-1041.04,Government Property Inspectors and Investigators,12899,Recommend legal or administrative action to protect government property.,Supplemental,52.0,07/2016,Incumbent
13-1041.04,Government Property Inspectors and Investigators,12896,Testify in court or at administrative proceedings concerning investigation findings.,Supplemental,52.0,07/2016,Incumbent
13-1041.04,Government Property Inspectors and Investigators,12895,Coordinate with or assist law enforcement agencies in matters of mutual concern.,Supplemental,52.0,07/2016,Incumbent
13-1041.04,Government Property Inspectors and Investigators,12892,Monitor investigations of suspected offenders to ensure that they are conducted in accordance with constitutional requirements.,Supplemental,51.0,07/2016,Incumbent
13-1041.06,Coroners,8929,"Record the disposition of minor children, as well as details of arrangements made for their care.",Supplemental,20.0,08/2024,Occupational Expert
13-1041.07,Regulatory Affairs Specialists,19553,"Determine requirements applying to treatment, storage, shipment, or disposal of potentially hazardous production-related waste.",Supplemental,20.0,08/2019,Occupational Expert
13-1041.07,Regulatory Affairs Specialists,18069,Direct the collection and preparation of laboratory samples as requested by regulatory agencies.,Supplemental,20.0,08/2019,Occupational Expert
13-1041.07,Regulatory Affairs Specialists,18064,"Prepare responses to customer requests for information, such as product data, written regulatory affairs statements, surveys, or questionnaires.",Supplemental,20.0,08/2019,Occupational Expert
13-1041.07,Regulatory Affairs Specialists,19557,"Specialize in regulatory issues related to agriculture, such as the cultivation of green biotechnology crops or the post-market regulation of genetically altered crops.",Supplemental,20.0,08/2019,Occupational Expert
13-1041.07,Regulatory Affairs Specialists,19552,"Determine regulations or procedures related to the management, collection, reuse, recovery, or recycling of packaging waste.",Supplemental,20.0,08/2019,Occupational Expert
13-1041.07,Regulatory Affairs Specialists,19554,"Determine the legal implications of the production, supply, or use of ozone-depleting substances or equipment containing such substances.",Supplemental,20.0,08/2019,Occupational Expert
13-1041.08,Customs Brokers,15931,Suggest best methods of packaging or labeling products.,Supplemental,20.0,07/2017,Occupational Expert
13-1041.08,Customs Brokers,15938,Maintain relationships with customs brokers in other ports to expedite clearing of cargo.,Supplemental,20.0,07/2017,Occupational Expert
13-1071.00,Human Resources Specialists,21097,Administer employee benefit plans.,Supplemental,123.0,08/2019,Incumbent
13-1071.00,Human Resources Specialists,18869,"Schedule or administer skill, intelligence, psychological, or drug tests for current or prospective employees.",Supplemental,123.0,08/2019,Incumbent
13-1071.00,Human Resources Specialists,18855,Conduct reference or background checks on job applicants.,Supplemental,123.0,08/2019,Incumbent
13-1071.00,Human Resources Specialists,18876,"Review and evaluate applicant qualifications or eligibility for specified licensing, according to established guidelines and designated licensing codes.",Supplemental,124.0,08/2019,Incumbent
13-1071.00,Human Resources Specialists,18874,"Evaluate recruitment or selection criteria to ensure conformance to professional, statistical, or testing standards, recommending revisions, as needed.",Supplemental,124.0,08/2019,Incumbent
13-1071.00,Human Resources Specialists,18873,"Coordinate with outside staffing agencies to secure temporary employees, based on departmental needs.",Supplemental,123.0,08/2019,Incumbent
13-1071.00,Human Resources Specialists,18875,Evaluate selection or testing techniques by conducting research or follow-up activities and conferring with management or supervisory personnel.,Supplemental,121.0,08/2019,Incumbent
13-1074.00,Farm Labor Contractors,14844,Direct and transport workers to appropriate work sites.,Supplemental,57.0,06/2008,Incumbent
13-1075.00,Labor Relations Specialists,18897,Assess the impact of union proposals on company or government operations.,Supplemental,21.0,08/2023,Occupational Expert
13-1075.00,Labor Relations Specialists,18877,Advise management on matters related to the administration of contracts or employee discipline or grievance procedures.,Supplemental,20.0,08/2023,Occupational Expert
13-1075.00,Labor Relations Specialists,18904,"Train managers or supervisors on topics related to labor relations, such as working conditions, safety, or equal opportunity practices.",Supplemental,21.0,08/2023,Occupational Expert
13-1075.00,Labor Relations Specialists,18901,Provide expert testimony in legal proceedings related to labor relations or labor contracts.,Supplemental,21.0,08/2023,Occupational Expert
13-1075.00,Labor Relations Specialists,18898,Develop employee health and safety policies.,Supplemental,21.0,08/2023,Occupational Expert
13-1075.00,Labor Relations Specialists,18899,"Develop methods to monitor employee satisfaction with policies or working conditions, including grievance or complaint procedures.",Supplemental,21.0,08/2023,Occupational Expert
13-1075.00,Labor Relations Specialists,18888,Prepare reports or presentations to communicate employee satisfaction or related data to management.,Supplemental,21.0,08/2023,Occupational Expert
13-1075.00,Labor Relations Specialists,18887,"Prepare and submit required governmental reports or forms related to labor relations matters, such as equal employment opportunity (EEO) forms, new hire forms, or minority compensation reports.",Supplemental,21.0,08/2023,Occupational Expert
13-1081.01,Logistics Engineers,20008,"Assess the environmental impact or energy efficiency of logistics activities, using carbon mitigation software.",Supplemental,23.0,08/2025,Occupational Expert
13-1081.02,Logistics Analysts,20010,"Reorganize shipping schedules to consolidate loads, maximize vehicle usage, or limit the movement of empty vehicles or containers.",Supplemental,22.0,08/2020,Occupational Expert
13-1081.02,Logistics Analysts,15887,Contact potential vendors to determine material availability.,Supplemental,22.0,08/2020,Occupational Expert
13-1081.02,Logistics Analysts,15884,Develop or maintain payment systems to ensure accuracy of vendor payments.,Supplemental,22.0,08/2020,Occupational Expert
13-1081.02,Logistics Analysts,15886,Develop or maintain freight rate databases for use by supply chain departments to determine the most economical modes of transportation.,Supplemental,22.0,08/2020,Occupational Expert
13-1081.02,Logistics Analysts,20011,"Route or reroute drivers in real time with remote route navigation software, satellite linkup systems, or global positioning systems (GPS) to improve operational efficiencies.",Supplemental,22.0,08/2020,Occupational Expert
13-1081.02,Logistics Analysts,15885,Determine packaging requirements.,Supplemental,22.0,08/2020,Occupational Expert
13-1081.02,Logistics Analysts,20014,Enter carbon-output or environmental-impact data into spreadsheets or environmental management or auditing software programs.,Supplemental,22.0,08/2020,Occupational Expert
13-1081.02,Logistics Analysts,20013,Compare locations or environmental policies of carriers or suppliers to make transportation decisions with lower environmental impact.,Supplemental,22.0,08/2020,Occupational Expert
13-1081.02,Logistics Analysts,20012,Arrange for sale or lease of excess storage or transport capacity to minimize losses or inefficiencies associated with empty space.,Supplemental,22.0,08/2020,Occupational Expert
13-1111.00,Management Analysts,7286,Recommend purchase of storage equipment and design area layout to locate equipment in space available.,Supplemental,21.0,08/2022,Occupational Expert
13-1121.00,"Meeting, Convention, and Event Planners",1224,Organize registration of event participants.,Supplemental,66.0,07/2016,Incumbent
13-1121.00,"Meeting, Convention, and Event Planners",1229,Develop event topics and choose featured speakers.,Supplemental,66.0,07/2016,Incumbent
13-1121.00,"Meeting, Convention, and Event Planners",1228,"Promote conference, convention and trades show services by performing tasks such as meeting with professional and trade associations, and producing brochures and other publications.",Supplemental,66.0,07/2016,Incumbent
13-1121.00,"Meeting, Convention, and Event Planners",1225,Design and implement efforts to publicize events and promote sponsorships.,Supplemental,66.0,07/2016,Incumbent
13-1121.00,"Meeting, Convention, and Event Planners",1227,Obtain permits from fire and health departments to erect displays and exhibits and serve food at events.,Supplemental,66.0,07/2016,Incumbent
13-1131.00,Fundraisers,18909,"Develop corporate fundraising programs, such as employer gift-matching.",Supplemental,21.0,08/2021,Occupational Expert
13-1131.00,Fundraisers,18927,"Coordinate transportation or delivery of materials, supplies, or donations for fundraising events.",Supplemental,21.0,08/2021,Occupational Expert
13-1131.00,Fundraisers,18928,Develop and maintain media contact lists.,Supplemental,20.0,08/2021,Occupational Expert
13-1131.00,Fundraisers,18929,"Prepare materials such as fundraising envelopes, bid sheets, or gift bags for charitable events.",Supplemental,21.0,08/2021,Occupational Expert
13-1141.00,"Compensation, Benefits, and Job Analysis Specialists",23985,"Develop and administer compensation programs, such as merit or incentive pay.",Supplemental,21.0,08/2024,Occupational Expert
13-1141.00,"Compensation, Benefits, and Job Analysis Specialists",3351,"Evaluate job positions, determining classification, exempt or non-exempt status, and salary.",Supplemental,21.0,08/2024,Occupational Expert
13-1141.00,"Compensation, Benefits, and Job Analysis Specialists",3356,"Prepare occupational classifications, job descriptions, and salary scales.",Supplemental,21.0,08/2024,Occupational Expert
13-1141.00,"Compensation, Benefits, and Job Analysis Specialists",3371,"Consult with, or serve as, technical liaison between business, industry, government, and union officials.",Supplemental,21.0,08/2024,Occupational Expert
13-1141.00,"Compensation, Benefits, and Job Analysis Specialists",3362,Perform multifactor data and cost analyses that may be used in areas such as support of collective bargaining agreements.,Supplemental,21.0,08/2024,Occupational Expert
13-1141.00,"Compensation, Benefits, and Job Analysis Specialists",3361,"Develop, implement, administer, and evaluate personnel and labor relations programs, including performance appraisal, affirmative action, and employment equity programs.",Supplemental,21.0,08/2024,Occupational Expert
13-1141.00,"Compensation, Benefits, and Job Analysis Specialists",3355,Provide advice on the resolution of classification and salary complaints.,Supplemental,21.0,08/2024,Occupational Expert
13-1141.00,"Compensation, Benefits, and Job Analysis Specialists",3360,"Negotiate collective agreements on behalf of employers or workers, and mediate labor disputes and grievances.",Supplemental,21.0,08/2024,Occupational Expert
13-1141.00,"Compensation, Benefits, and Job Analysis Specialists",3364,"Analyze organizational, occupational, and industrial data to facilitate organizational functions and provide technical information to business, industry, and government.",Supplemental,21.0,08/2024,Occupational Expert
13-1141.00,"Compensation, Benefits, and Job Analysis Specialists",3366,Assess need for and develop job analysis instruments and materials.,Supplemental,21.0,08/2024,Occupational Expert
13-1141.00,"Compensation, Benefits, and Job Analysis Specialists",3370,"Observe, interview, and survey employees and conduct focus group meetings to collect job, organizational, and occupational information.",Supplemental,21.0,08/2024,Occupational Expert
13-1141.00,"Compensation, Benefits, and Job Analysis Specialists",3354,"Plan, develop, evaluate, improve, and communicate methods and techniques for selecting, promoting, compensating, evaluating, and training workers.",Supplemental,21.0,08/2024,Occupational Expert
13-1141.00,"Compensation, Benefits, and Job Analysis Specialists",3368,"Research job and worker requirements, structural and functional relationships among jobs and occupations, and occupational trends.",Supplemental,21.0,08/2024,Occupational Expert
13-1141.00,"Compensation, Benefits, and Job Analysis Specialists",3358,"Prepare reports, such as organization and flow charts and career path reports, to summarize job analysis and evaluation and compensation analysis information.",Supplemental,21.0,08/2024,Occupational Expert
13-1141.00,"Compensation, Benefits, and Job Analysis Specialists",3365,Advise staff of individuals' qualifications.,Supplemental,21.0,08/2024,Occupational Expert
13-1141.00,"Compensation, Benefits, and Job Analysis Specialists",3372,"Prepare research results for publication in form of journals, books, manuals, and film.",Supplemental,21.0,08/2024,Occupational Expert
13-1151.00,Training and Development Specialists,111,"Refer trainees to employer relations representatives, to locations offering job placement assistance, or to appropriate social services agencies, if warranted.",Supplemental,23.0,08/2022,Occupational Expert
13-1151.00,Training and Development Specialists,19558,"Develop or implement training programs related to efficiency, recycling, or other issues with environmental impacts.",Supplemental,23.0,08/2022,Occupational Expert
13-1161.01,Search Marketing Strategists,16174,Implement online customer service processes to ensure positive and consistent user experiences.,Supplemental,23.0,08/2021,Occupational Expert
13-1161.01,Search Marketing Strategists,16184,"Develop transactional Web applications, using Web programming software and knowledge of programming languages, such as hypertext markup language (HTML) and extensible markup language (XML).",Supplemental,23.0,08/2021,Occupational Expert
13-1161.01,Search Marketing Strategists,16183,"Identify and develop commercial or technical specifications, such as usability, pricing, checkout, or data security, to promote transactional internet-enabled commerce functionality.",Supplemental,23.0,08/2021,Occupational Expert
13-1161.01,Search Marketing Strategists,16177,"Define product requirements, based on market research analysis, in collaboration with user interface design and engineering staff.",Supplemental,23.0,08/2021,Occupational Expert
13-1161.01,Search Marketing Strategists,20324,"Execute or manage banner, video, or other non-text link ad campaigns.",Supplemental,23.0,08/2021,Occupational Expert
13-1161.01,Search Marketing Strategists,16178,Assist in the evaluation or negotiation of contracts with vendors or online partners.,Supplemental,23.0,08/2021,Occupational Expert
13-1161.01,Search Marketing Strategists,16181,"Prepare electronic commerce designs or prototypes, such as storyboards, mock-ups, or other content, using graphics design software.",Supplemental,23.0,08/2021,Occupational Expert
13-1161.01,Search Marketing Strategists,16180,Assist in the development of online transaction or security policies.,Supplemental,23.0,08/2021,Occupational Expert
13-1161.01,Search Marketing Strategists,20323,Execute and manage communications with digital journalists or bloggers.,Supplemental,23.0,08/2021,Occupational Expert
13-1161.01,Search Marketing Strategists,16173,Resolve product availability problems in collaboration with customer service staff.,Supplemental,23.0,08/2021,Occupational Expert
13-1161.01,Search Marketing Strategists,16176,Identify methods for interfacing Web application technologies with enterprise resource planning or other system software.,Supplemental,23.0,08/2021,Occupational Expert
13-1199.04,Business Continuity Planners,15966,"Conduct or oversee collection of corporate intelligence to avoid fraud, financial crime, cyber attack, terrorism, and infrastructure failure.",Supplemental,23.0,08/2025,Occupational Expert
13-1199.04,Business Continuity Planners,15950,Identify individual or transaction targets to direct intelligence collection.,Supplemental,23.0,08/2025,Occupational Expert
13-1199.06,Online Merchants,15727,"Design customer interface of online storefront, using web programming or e-commerce software.",Supplemental,73.0,07/2014,Incumbent
13-1199.06,Online Merchants,15716,"Select and purchase technical web services, such as web hosting services, online merchant accounts, shopping cart software, payment gateway software, or spyware.",Supplemental,73.0,07/2014,Incumbent
13-1199.06,Online Merchants,15715,"Transfer digital media, such as music, video, or software, to customers via the Internet.",Supplemental,73.0,07/2014,Incumbent
13-1199.06,Online Merchants,15724,"Devise, select, or purchase domain name and web address.",Supplemental,75.0,07/2014,Incumbent
13-1199.06,Online Merchants,15722,Initiate online auctions through auction hosting sites or auction management software.,Supplemental,75.0,07/2014,Incumbent
13-1199.06,Online Merchants,15723,"Implement security practices to preserve assets, minimize liabilities, or ensure customer privacy, using parallel servers, hardware redundancy, fail-safe technology, information encryption, or firewalls.",Supplemental,74.0,07/2014,Incumbent
13-1199.06,Online Merchants,15720,"Investigate sources, such as auctions, estate sales, liquidators, wholesalers, or trade shows for new items, used items, or collectibles.",Supplemental,73.0,07/2014,Incumbent
13-1199.06,Online Merchants,15702,"Participate in online forums or conferences to stay abreast of online retailing trends, techniques, or security threats.",Supplemental,73.0,07/2014,Incumbent
13-1199.06,Online Merchants,15706,Integrate online retailing strategy with physical or catalogue retailing operations.,Supplemental,74.0,07/2014,Incumbent
13-1199.06,Online Merchants,15712,"Create or distribute offline promotional material, such as brochures, pamphlets, business cards, stationary, or signage.",Supplemental,73.0,07/2014,Incumbent
13-1199.07,Security Management Specialists,21489,"Engineer, install, maintain, or repair security systems, programmable logic controls, or other security-related electronic systems.",Supplemental,20.0,08/2025,Occupational Expert
13-2011.00,Accountants and Auditors,21525,"Review taxpayer accounts, and conduct audits on-site, by correspondence, or by summoning taxpayer to office.",Supplemental,,11/2020,Analyst - Transition
13-2011.00,Accountants and Auditors,21526,"Compute taxes owed and prepare tax returns, ensuring compliance with payment, reporting, or other tax requirements.",Supplemental,,11/2020,Analyst - Transition
13-2011.00,Accountants and Auditors,21527,"Advise clients in areas such as compensation, employee health care benefits, the design of accounting or data processing systems, or long-range tax or estate plans.",Supplemental,,11/2020,Analyst - Transition
13-2011.00,Accountants and Auditors,21529,"Direct activities of personnel engaged in filing, recording, compiling, and transmitting financial records.",Supplemental,,11/2020,Analyst - Transition
13-2011.00,Accountants and Auditors,21530,Conduct pre-implementation audits to determine if systems and programs under development will work as planned.,Supplemental,,11/2020,Analyst - Transition
13-2022.00,Appraisers of Personal and Business Property,21542,Recommend loan amounts based on the value of property being used as collateral.,Supplemental,23.0,08/2025,Occupational Expert
13-2023.00,Appraisers and Assessors of Real Estate,21555,Identify the ownership of each piece of taxable property.,Supplemental,24.0,08/2025,Occupational Expert
13-2023.00,Appraisers and Assessors of Real Estate,21553,"Prepare and maintain current data on each parcel assessed, including maps of boundaries, inventories of land and structures, property characteristics, and any applicable exemptions.",Supplemental,23.0,08/2025,Occupational Expert
13-2023.00,Appraisers and Assessors of Real Estate,21561,Establish uniform and equitable systems for assessing all classes and kinds of property.,Supplemental,24.0,08/2025,Occupational Expert
13-2023.00,Appraisers and Assessors of Real Estate,21575,Calculate tax bills for properties by multiplying assessed values by jurisdiction tax rates.,Supplemental,24.0,08/2025,Occupational Expert
13-2023.00,Appraisers and Assessors of Real Estate,21578,"Determine taxability of properties, using methods such as field inspection, structural measurement, calculation, sales analysis, market trend studies, and income and expense analysis.",Supplemental,24.0,08/2025,Occupational Expert
13-2023.00,Appraisers and Assessors of Real Estate,21554,Explain assessed values to property owners and defend appealed assessments at public hearings.,Supplemental,24.0,08/2025,Occupational Expert
13-2023.00,Appraisers and Assessors of Real Estate,21559,Explain real and personal property taxes to property owners.,Supplemental,24.0,08/2025,Occupational Expert
13-2031.00,Budget Analysts,3406,"Testify before examining and fund-granting authorities, clarifying and promoting the proposed budgets.",Supplemental,55.0,08/2024,Incumbent
13-2041.00,Credit Analysts,21164,Contact customers to collect payments on delinquent accounts.,Supplemental,20.0,08/2020,Occupational Expert
13-2041.00,Credit Analysts,1252,"Evaluate customer records and recommend payment plans, based on earnings, savings data, payment history, and purchase activity.",Supplemental,20.0,08/2020,Occupational Expert
13-2041.00,Credit Analysts,1256,Review individual or commercial customer files to identify and select delinquent accounts for collection.,Supplemental,20.0,08/2020,Occupational Expert
13-2041.00,Credit Analysts,1253,Confer with credit association and other business representatives to exchange credit information.,Supplemental,20.0,08/2020,Occupational Expert
13-2052.00,Personal Financial Advisors,12918,"Open accounts for clients, and disburse funds from accounts to creditors as agent for clients.",Supplemental,26.0,08/2024,Occupational Expert
13-2052.00,Personal Financial Advisors,19570,"Inform clients about tax benefits, government rebates, or other financial benefits of alternative-fuel vehicle purchases or energy-efficient home construction, improvements, or remodeling.",Supplemental,26.0,08/2024,Occupational Expert
13-2052.00,Personal Financial Advisors,19571,"Recommend environmentally responsible investments, such as cleantech, alternative energy, or conservation technologies, companies, or funds.",Supplemental,26.0,08/2024,Occupational Expert
13-2052.00,Personal Financial Advisors,12919,"Conduct seminars or workshops on financial planning topics, such as retirement planning, estate planning, or the evaluation of severance packages.",Supplemental,26.0,08/2024,Occupational Expert
13-2061.00,Financial Examiners,7329,"Confer with officials of real estate, securities, or financial institution industries to exchange views and discuss issues or pending cases.",Supplemental,23.0,08/2020,Occupational Expert
13-2071.00,Credit Counselors,18951,Disburse funds from client accounts to creditors.,Supplemental,23.0,08/2020,Occupational Expert
13-2071.00,Credit Counselors,18954,"Investigate missing checks, payment histories, held funds, returned checks, or other related issues to resolve client or creditor problems.",Supplemental,25.0,08/2020,Occupational Expert
13-2072.00,Loan Officers,3422,Supervise loan personnel.,Supplemental,62.0,08/2020,Incumbent
13-2072.00,Loan Officers,3426,"Prepare reports to send to customers whose accounts are delinquent, and forward irreconcilable accounts for collector action.",Supplemental,63.0,08/2020,Incumbent
13-2072.00,Loan Officers,3423,"Set credit policies, credit lines, procedures and standards in conjunction with senior managers.",Supplemental,62.0,08/2020,Incumbent
13-2081.00,"Tax Examiners and Collectors, and Revenue Agents",5288,Collect taxes from individuals or businesses according to prescribed laws and regulations.,Supplemental,61.0,08/2022,Incumbent
13-2081.00,"Tax Examiners and Collectors, and Revenue Agents",5305,"Determine appropriate methods of debt settlement, such as offers of compromise, wage garnishment, or seizure and sale of property.",Supplemental,61.0,08/2022,Incumbent
13-2081.00,"Tax Examiners and Collectors, and Revenue Agents",5302,"Check tax forms to verify that names and taxpayer identification numbers are correct, that computations have been performed correctly, or that amounts match those on supporting documentation.",Supplemental,59.0,08/2022,Incumbent
13-2081.00,"Tax Examiners and Collectors, and Revenue Agents",5303,Examine and analyze tax assets and liabilities to determine resolution of delinquent tax problems.,Supplemental,61.0,08/2022,Incumbent
13-2081.00,"Tax Examiners and Collectors, and Revenue Agents",5301,Impose payment deadlines on delinquent taxpayers and monitor payments to ensure that deadlines are met.,Supplemental,60.0,08/2022,Incumbent
13-2081.00,"Tax Examiners and Collectors, and Revenue Agents",5308,"Direct service of legal documents, such as subpoenas, warrants, notices of assessment, and garnishments.",Supplemental,61.0,08/2022,Incumbent
13-2081.00,"Tax Examiners and Collectors, and Revenue Agents",5296,Review filed tax returns to determine whether claimed tax credits and deductions are allowed by law.,Supplemental,61.0,08/2022,Incumbent
13-2081.00,"Tax Examiners and Collectors, and Revenue Agents",5289,"Maintain knowledge of tax code changes, and of accounting procedures and theory to properly evaluate financial information.",Supplemental,60.0,08/2022,Incumbent
13-2081.00,"Tax Examiners and Collectors, and Revenue Agents",5310,"Investigate claims of inability to pay taxes by researching court information for the status of liens, mortgages, or financial statements, or by locating assets through third parties.",Supplemental,59.0,08/2022,Incumbent
13-2081.00,"Tax Examiners and Collectors, and Revenue Agents",5297,Review selected tax returns to determine the nature and extent of audits to be performed on them.,Supplemental,61.0,08/2022,Incumbent
13-2081.00,"Tax Examiners and Collectors, and Revenue Agents",5299,Examine accounting systems and records to determine whether accounting methods used were appropriate and in compliance with statutory provisions.,Supplemental,60.0,08/2022,Incumbent
13-2081.00,"Tax Examiners and Collectors, and Revenue Agents",5312,Participate in informal appeals hearings on contested cases from other agents.,Supplemental,60.0,08/2022,Incumbent
13-2081.00,"Tax Examiners and Collectors, and Revenue Agents",5307,Prepare briefs and assist in searching and seizing records to prepare charges and documentation for court cases.,Supplemental,60.0,08/2022,Incumbent
13-2081.00,"Tax Examiners and Collectors, and Revenue Agents",5298,Enter tax return information into computers for processing.,Supplemental,61.0,08/2022,Incumbent
13-2081.00,"Tax Examiners and Collectors, and Revenue Agents",5306,Secure a taxpayer's agreement to discharge a tax assessment or submit contested determinations to other administrative or judicial conferees for appeals hearings.,Supplemental,58.0,08/2022,Incumbent
13-2099.01,Financial Quantitative Analysts,15984,"Identify, track, or maintain metrics for trading system operations.",Supplemental,20.0,08/2023,Occupational Expert
13-2099.01,Financial Quantitative Analysts,19574,"Develop methods of assessing or measuring corporate performance in terms of environmental, social, and governance (ESG) issues.",Supplemental,20.0,08/2023,Occupational Expert
13-2099.01,Financial Quantitative Analysts,15994,"Collaborate with product development teams to research, model, validate, or implement quantitative structured solutions for new or expanded markets.",Supplemental,20.0,08/2023,Occupational Expert
13-2099.01,Financial Quantitative Analysts,15982,Prepare requirements documentation for use by software developers.,Supplemental,20.0,08/2023,Occupational Expert
13-2099.01,Financial Quantitative Analysts,19575,Develop solutions to help clients hedge carbon exposure or risk.,Supplemental,20.0,08/2023,Occupational Expert
13-2099.01,Financial Quantitative Analysts,19576,"Develop tools to assess green technologies or green financial products, such as green hedge funds or social responsibility investment funds.",Supplemental,20.0,08/2023,Occupational Expert
13-2099.01,Financial Quantitative Analysts,19573,"Assess the potential impact of climate change on business financial issues, such as damage repairs, insurance costs, or potential disruptions of daily activities.",Supplemental,20.0,08/2023,Occupational Expert
13-2099.01,Financial Quantitative Analysts,19572,Analyze pricing or risks of carbon trading products.,Supplemental,20.0,08/2023,Occupational Expert
13-2099.04,"Fraud Examiners, Investigators and Analysts",16039,Obtain and serve subpoenas.,Supplemental,24.0,08/2023,Occupational Expert
13-2099.04,"Fraud Examiners, Investigators and Analysts",16042,Arrest individuals to be charged with fraud.,Supplemental,25.0,08/2023,Occupational Expert
15-1211.00,Computer Systems Analysts,3478,"Review and analyze computer printouts and performance indicators to locate code problems, and correct errors by correcting codes.",Supplemental,65.0,08/2023,Incumbent
15-1211.00,Computer Systems Analysts,3471,"Interview or survey workers, observe job performance, or perform the job to determine what information is processed and how it is processed.",Supplemental,65.0,08/2023,Incumbent
15-1211.00,Computer Systems Analysts,3481,Supervise computer programmers or other systems analysts or serve as project leaders for particular systems projects.,Supplemental,65.0,08/2023,Incumbent
15-1211.00,Computer Systems Analysts,3483,Prepare cost-benefit and return-on-investment analyses to aid in decisions on system implementation.,Supplemental,65.0,08/2023,Incumbent
15-1211.01,Health Informatics Specialists,18091,"Plan, install, repair, or troubleshoot telehealth technology applications or systems in homes.",Supplemental,21.0,08/2024,Occupational Expert
15-1221.00,Computer and Information Research Scientists,14634,"Maintain network hardware and software, direct network security measures, and monitor networks to ensure availability to system users.",Supplemental,48.0,08/2019,Incumbent
15-1221.00,Computer and Information Research Scientists,14637,"Direct daily operations of departments, coordinating project activities with other departments.",Supplemental,48.0,08/2019,Incumbent
15-1221.00,Computer and Information Research Scientists,14631,Participate in staffing decisions and direct training of subordinates.,Supplemental,48.0,08/2019,Incumbent
15-1221.00,Computer and Information Research Scientists,14636,"Approve, prepare, monitor, and adjust operational budgets.",Supplemental,49.0,08/2019,Incumbent
15-1232.00,Computer User Support Specialists,1297,"Conduct office automation feasibility studies, including workflow analysis, space design, or cost comparison analysis.",Supplemental,73.0,08/2023,Incumbent
15-1232.00,Computer User Support Specialists,15204,"Hire, supervise, and direct workers engaged in special project work, problem-solving, monitoring, and installation of data communication equipment and software.",Supplemental,73.0,08/2023,Incumbent
15-1232.00,Computer User Support Specialists,1296,Modify and customize commercial programs for internal needs.,Supplemental,73.0,08/2023,Incumbent
15-1241.00,Computer Network Architects,18987,"Visit vendors, attend conferences or training sessions, or study technical journals to keep up with changes in technology.",Supplemental,20.0,08/2024,Occupational Expert
15-1241.00,Computer Network Architects,18970,Develop or maintain project reporting systems.,Supplemental,20.0,08/2024,Occupational Expert
15-1241.00,Computer Network Architects,18978,"Maintain or coordinate the maintenance of network peripherals, such as printers.",Supplemental,20.0,08/2024,Occupational Expert
15-1241.01,Telecommunications Engineering Specialists,16075,"Implement controls to provide security for operating systems, software, and data.",Supplemental,21.0,08/2020,Occupational Expert
15-1241.01,Telecommunications Engineering Specialists,16070,Manage user access to systems and equipment through account management and password administration.,Supplemental,21.0,08/2020,Occupational Expert
15-1241.01,Telecommunications Engineering Specialists,16061,"Test and evaluate hardware and software to determine efficiency, reliability, or compatibility with existing systems.",Supplemental,21.0,08/2020,Occupational Expert
15-1241.01,Telecommunications Engineering Specialists,16069,"Monitor and analyze system performance, such as network traffic, security, and capacity.",Supplemental,21.0,08/2020,Occupational Expert
15-1241.01,Telecommunications Engineering Specialists,16062,Supervise maintenance of telecommunications equipment.,Supplemental,21.0,08/2020,Occupational Expert
15-1242.00,Database Administrators,1312,Identify and evaluate industry trends in database systems to serve as a source of information and advice for upper management.,Supplemental,67.0,08/2023,Incumbent
15-1242.00,Database Administrators,1314,"Review workflow charts developed by programmer analyst to understand tasks computer will perform, such as updating records.",Supplemental,67.0,08/2023,Incumbent
15-1242.00,Database Administrators,1315,Revise company definition of data as defined in data dictionary.,Supplemental,67.0,08/2023,Incumbent
15-1243.00,Database Architects,21658,Train users and answer questions.,Supplemental,21.0,08/2023,Occupational Expert
15-1244.00,Network and Computer Systems Administrators,15208,"Implement and provide technical support for voice services and equipment, such as private branch exchange, voice mail system, and telecom system.",Supplemental,123.0,07/2017,Incumbent
15-1244.00,Network and Computer Systems Administrators,1332,Maintain an inventory of parts for emergency repairs.,Supplemental,123.0,07/2017,Incumbent
15-1244.00,Network and Computer Systems Administrators,15207,"Research new technologies by attending seminars, reading trade articles, or taking classes, and implement or recommend the implementation of new technologies.",Supplemental,122.0,07/2017,Incumbent
15-1251.00,Computer Programmers,1281,Train subordinates in programming and program coding.,Supplemental,70.0,08/2018,Incumbent
15-1251.00,Computer Programmers,21049,Develop Web sites.,Supplemental,70.0,08/2018,Incumbent
15-1251.00,Computer Programmers,21050,Train users on the use and function of computer programs.,Supplemental,70.0,08/2018,Incumbent
15-1251.00,Computer Programmers,1280,Collaborate with computer manufacturers and other users to develop new programming methods.,Supplemental,70.0,08/2018,Incumbent
15-1252.00,Software Developers,21671,Monitor functioning of equipment to ensure system operates in conformance with specifications.,Supplemental,72.0,08/2025,Incumbent
15-1252.00,Software Developers,21666,Coordinate installation of software system.,Supplemental,72.0,08/2025,Incumbent
15-1252.00,Software Developers,21678,"Supervise the work of programmers, technologists and technicians and other engineering and scientific personnel.",Supplemental,71.0,08/2025,Incumbent
15-1252.00,Software Developers,21677,"Supervise and assign work to programmers, designers, technologists, technicians, or other engineering or scientific personnel.",Supplemental,72.0,08/2025,Incumbent
15-1252.00,Software Developers,21672,"Obtain and evaluate information on factors such as reporting formats required, costs, or security needs to determine hardware configuration.",Supplemental,72.0,08/2025,Incumbent
15-1252.00,Software Developers,21679,Train users to use new or modified equipment.,Supplemental,72.0,08/2025,Incumbent
15-1254.00,Web Developers,14723,Monitor security system performance logs to identify problems and notify security specialists when problems occur.,Supplemental,24.0,07/2017,Occupational Expert
15-1254.00,Web Developers,14729,Install and configure hypertext transfer protocol (HTTP) servers and associated operating systems.,Supplemental,24.0,07/2017,Occupational Expert
15-1254.00,Web Developers,14727,"Research, document, rate, or select alternatives for Web architecture or technologies.",Supplemental,24.0,07/2017,Occupational Expert
15-1254.00,Web Developers,14730,Develop system interaction or sequence diagrams.,Supplemental,24.0,07/2017,Occupational Expert
15-1299.01,Web Administrators,14736,"Administer internet or intranet infrastructure, including Web, file, and mail servers.",Supplemental,20.0,08/2018,Occupational Expert
15-1299.02,Geographic Information Systems Technologists and Technicians,21740,Apply three-dimensional (3D) or four-dimensional (4D) technologies to geospatial data to allow for new or different analyses or applications.,Supplemental,,11/2020,Analyst - Transition
15-1299.03,Document Management Specialists,16235,"Analyze, interpret, or disseminate system performance data.",Supplemental,20.0,08/2021,Occupational Expert
15-1299.08,Computer Systems Engineers/Architects,14692,Develop application-specific software.,Supplemental,22.0,08/2024,Occupational Expert
15-2011.00,Actuaries,3507,Testify in court as expert witness or to provide legal evidence on matters such as the value of potential lifetime earnings of a person disabled or killed in an accident.,Supplemental,28.0,08/2023,Occupational Expert
15-2011.00,Actuaries,3513,Explain changes in contract provisions to customers.,Supplemental,28.0,08/2023,Occupational Expert
15-2011.00,Actuaries,3510,Manage credit and help price corporate security offerings.,Supplemental,27.0,08/2023,Occupational Expert
15-2021.00,Mathematicians,7375,"Design, analyze, and decipher encryption systems designed to transmit military, political, financial, or law-enforcement-related information in code.",Supplemental,20.0,08/2025,Occupational Expert
15-2041.00,Statisticians,21101,Prepare and structure data warehouses for storing data.,Supplemental,21.0,08/2024,Occupational Expert
15-2051.02,Clinical Data Managers,16271,Develop or select specific software programs for various research scenarios.,Supplemental,20.0,07/2016,Occupational Expert
15-2051.02,Clinical Data Managers,16267,"Provide support and information to functional areas such as marketing, clinical monitoring, and medical affairs.",Supplemental,20.0,07/2016,Occupational Expert
15-2099.01,Bioinformatics Technicians,17713,Develop or apply data mining and machine learning algorithms.,Supplemental,66.0,07/2014,Incumbent
15-2099.01,Bioinformatics Technicians,17712,Design or implement web-based tools for querying large-scale biological databases.,Supplemental,65.0,07/2014,Incumbent
15-2099.01,Bioinformatics Technicians,17708,"Monitor database performance and perform any necessary maintenance, upgrades, or repairs.",Supplemental,65.0,07/2014,Incumbent
15-2099.01,Bioinformatics Technicians,17722,Confer with database users about project timelines and changes.,Supplemental,65.0,07/2014,Incumbent
15-2099.01,Bioinformatics Technicians,17724,"Perform routine system administrative functions, such as troubleshooting, back-ups, or upgrades.",Supplemental,66.0,07/2014,Incumbent
15-2099.01,Bioinformatics Technicians,17723,Package bioinformatics data for submission to public repositories.,Supplemental,65.0,07/2014,Incumbent
15-2099.01,Bioinformatics Technicians,17719,Train bioinformatics staff or researchers in the use of databases.,Supplemental,65.0,07/2014,Incumbent
15-2099.01,Bioinformatics Technicians,17718,Test new or updated software or tools and provide feedback to developers.,Supplemental,66.0,07/2014,Incumbent
17-1011.00,"Architects, Except Landscape and Naval",19594,Gather information related to projects' environmental sustainability or operational efficiency.,Supplemental,21.0,08/2021,Occupational Expert
17-1011.00,"Architects, Except Landscape and Naval",20487,Inspect proposed building sites to determine suitability for construction.,Supplemental,21.0,08/2021,Occupational Expert
17-1011.00,"Architects, Except Landscape and Naval",19591,"Design environmentally sound structural upgrades to existing buildings, such as natural lighting systems, green roofs, or rainwater collection systems.",Supplemental,21.0,08/2021,Occupational Expert
17-1011.00,"Architects, Except Landscape and Naval",19590,Calculate potential energy savings by comparing estimated energy consumption of proposed design to baseline standards.,Supplemental,21.0,08/2021,Occupational Expert
17-1011.00,"Architects, Except Landscape and Naval",140,"Prepare operating and maintenance manuals, studies, or reports.",Supplemental,21.0,08/2021,Occupational Expert
17-1021.00,Cartographers and Photogrammetrists,3525,Determine guidelines that specify which source material is acceptable for use.,Supplemental,59.0,08/2018,Incumbent
17-1021.00,Cartographers and Photogrammetrists,3521,Select aerial photographic and remote sensing techniques and plotting equipment needed to meet required standards of accuracy.,Supplemental,60.0,08/2018,Incumbent
17-1021.00,Cartographers and Photogrammetrists,3527,"Travel over photographed areas to observe, identify, record, and verify all relevant features.",Supplemental,60.0,08/2018,Incumbent
17-1022.00,Surveyors,3547,"Locate and mark sites selected for geophysical prospecting activities, such as efforts to locate petroleum or other mineral products.",Supplemental,20.0,08/2023,Occupational Expert
17-1022.00,Surveyors,3550,"Determine specifications for equipment to be used for aerial photography, as well as altitudes from which to photograph terrain.",Supplemental,20.0,08/2023,Occupational Expert
17-1022.00,Surveyors,3545,Develop criteria for the design and modification of survey instruments.,Supplemental,19.0,08/2023,Occupational Expert
17-2011.00,Aerospace Engineers,20727,Diagnose performance problems by reviewing reports or documentation from customers or field engineers or by inspecting malfunctioning or damaged products.,Supplemental,72.0,07/2015,Incumbent
17-2011.00,Aerospace Engineers,20728,Direct aerospace research and development programs.,Supplemental,72.0,07/2015,Incumbent
17-2011.00,Aerospace Engineers,1344,Evaluate and approve selection of vendors by studying past performance or new advertisements.,Supplemental,72.0,07/2015,Incumbent
17-2011.00,Aerospace Engineers,19601,"Design new or modify existing aerospace systems to reduce polluting emissions, such as nitrogen oxide, carbon monoxide, or smoke emissions.",Supplemental,72.0,07/2015,Incumbent
17-2021.00,Agricultural Engineers,5335,Design food processing plants and related mechanical systems.,Supplemental,20.0,08/2024,Occupational Expert
17-2021.00,Agricultural Engineers,5332,Supervise food processing or manufacturing plant operations.,Supplemental,19.0,08/2024,Occupational Expert
17-2031.00,Bioengineers and Biomedical Engineers,8980,Analyze new medical procedures to forecast likely outcomes.,Supplemental,23.0,08/2024,Occupational Expert
17-2031.00,Bioengineers and Biomedical Engineers,21845,"Design and deliver technology, such as prosthetic devices, to assist people with disabilities.",Supplemental,23.0,08/2024,Occupational Expert
17-2031.00,Bioengineers and Biomedical Engineers,21839,"Advise manufacturing staff regarding problems with fermentation, filtration, or other bioproduction processes.",Supplemental,23.0,08/2024,Occupational Expert
17-2031.00,Bioengineers and Biomedical Engineers,21859,Review existing manufacturing processes to identify opportunities for yield improvement or reduced process variation.,Supplemental,23.0,08/2024,Occupational Expert
17-2031.00,Bioengineers and Biomedical Engineers,21849,"Develop bioremediation processes to reduce pollution, protect the environment, or treat waste products.",Supplemental,23.0,08/2024,Occupational Expert
17-2031.00,Bioengineers and Biomedical Engineers,21852,Lead studies to examine or recommend changes in process sequences or operation protocols.,Supplemental,23.0,08/2024,Occupational Expert
17-2031.00,Bioengineers and Biomedical Engineers,21848,Design or direct bench or pilot production experiments to determine the scale of production methods that optimize product yield and minimize production costs.,Supplemental,23.0,08/2024,Occupational Expert
17-2051.00,Civil Engineers,153,"Test soils or materials to determine the adequacy and strength of foundations, concrete, asphalt, or steel.",Supplemental,21.0,08/2021,Occupational Expert
17-2051.00,Civil Engineers,19611,Identify environmental risks and develop risk management strategies for civil engineering projects.,Supplemental,21.0,08/2021,Occupational Expert
17-2051.00,Civil Engineers,155,Conduct studies of traffic patterns or environmental conditions to identify engineering problems and assess potential project impact.,Supplemental,21.0,08/2021,Occupational Expert
17-2051.00,Civil Engineers,19609,Develop or implement engineering solutions to clean up industrial accidents or other contaminated sites.,Supplemental,21.0,08/2021,Occupational Expert
17-2051.00,Civil Engineers,19608,"Design or engineer systems to efficiently dispose of chemical, biological, or other toxic wastes.",Supplemental,21.0,08/2021,Occupational Expert
17-2051.01,Transportation Engineers,16315,Investigate or test specific construction project materials to determine compliance to specifications or standards.,Supplemental,22.0,08/2023,Occupational Expert
17-2051.01,Transportation Engineers,16308,Develop or assist in the development of transportation-related computer software or computer processes.,Supplemental,22.0,08/2023,Occupational Expert
17-2051.01,Transportation Engineers,19614,Develop plans to deconstruct damaged or obsolete roadways or other transportation structures in a manner that is environmentally sound or prepares the land for sustainable development.,Supplemental,22.0,08/2023,Occupational Expert
17-2051.02,Water/Wastewater Engineers,16332,"Perform mathematical modeling of underground or surface water resources, such as floodplains, ocean coastlines, streams, rivers, or wetlands.",Supplemental,23.0,08/2020,Occupational Expert
17-2061.00,Computer Hardware Engineers,7405,Assemble and modify existing pieces of equipment to meet special needs.,Supplemental,29.0,08/2021,Occupational Expert
17-2061.00,Computer Hardware Engineers,7395,"Analyze information to determine, recommend, and plan layout, including type of computers and peripheral equipment modifications.",Supplemental,29.0,08/2021,Occupational Expert
17-2061.00,Computer Hardware Engineers,7408,"Recommend purchase of equipment to control dust, temperature, and humidity in area of system installation.",Supplemental,28.0,08/2021,Occupational Expert
17-2071.00,Electrical Engineers,1364,"Collect data relating to commercial or residential development, population, or power system interconnection to determine operating efficiency of electrical systems.",Supplemental,56.0,08/2023,Incumbent
17-2071.00,Electrical Engineers,19618,"Develop systems that produce electricity with renewable energy sources, such as wind, solar, or biofuels.",Supplemental,56.0,08/2023,Incumbent
17-2071.00,Electrical Engineers,23956,Develop software to control electrical systems.,Supplemental,56.0,08/2023,Incumbent
17-2071.00,Electrical Engineers,19619,Integrate electrical systems with renewable energy systems to improve overall efficiency.,Supplemental,56.0,08/2023,Incumbent
17-2071.00,Electrical Engineers,1365,"Conduct field surveys or study maps, graphs, diagrams, or other data to identify and correct power system problems.",Supplemental,56.0,08/2023,Incumbent
17-2071.00,Electrical Engineers,19617,"Design electrical systems or components that minimize electric energy requirements, such as lighting systems designed to account for natural lighting.",Supplemental,56.0,08/2023,Incumbent
17-2072.00,"Electronics Engineers, Except Computer",5355,"Prepare necessary criteria, procedures, reports, or plans for successful conduct of the project with consideration given to site preparation, facility validation, installation, quality assurance, or testing.",Supplemental,50.0,08/2022,Incumbent
17-2072.00,"Electronics Engineers, Except Computer",5351,"Plan or develop applications or modifications for electronic properties used in components, products, or systems to improve technical performance.",Supplemental,50.0,08/2022,Incumbent
17-2072.00,"Electronics Engineers, Except Computer",5352,"Prepare engineering sketches or specifications for construction, relocation, or installation of equipment, facilities, products, or systems.",Supplemental,50.0,08/2022,Incumbent
17-2072.00,"Electronics Engineers, Except Computer",20500,"Prepare budget or cost estimates for equipment, construction, or installation projects or control expenditures.",Supplemental,49.0,08/2022,Incumbent
17-2072.00,"Electronics Engineers, Except Computer",19621,"Investigate green consumer electronics applications for consumer electronic devices, power saving devices for computers or televisions, or energy efficient power chargers.",Supplemental,50.0,08/2022,Incumbent
17-2072.00,"Electronics Engineers, Except Computer",5357,"Represent employer at conferences, meetings, boards, panels, committees, or working groups to present, explain, or defend findings or recommendations, negotiate compromises or agreements, or exchange information.",Supplemental,49.0,08/2022,Incumbent
17-2072.00,"Electronics Engineers, Except Computer",19623,"Research or develop new green electronics technologies, such as lighting, optical data storage devices, or energy efficient televisions.",Supplemental,49.0,08/2022,Incumbent
17-2081.00,Environmental Engineers,1388,"Assess, sort, characterize, or pack known or unknown materials.",Supplemental,21.0,08/2024,Occupational Expert
17-2111.00,"Health and Safety Engineers, Except Mining Safety Engineers and Inspectors",21883,Design and build safety equipment.,Supplemental,,11/2020,Analyst - Transition
17-2111.00,"Health and Safety Engineers, Except Mining Safety Engineers and Inspectors",21884,Check floors of plants to ensure that they are strong enough to support heavy machinery.,Supplemental,,11/2020,Analyst - Transition
17-2112.00,Industrial Engineers,1410,Regulate and alter workflow schedules according to established manufacturing sequences and lead times to expedite production operations.,Supplemental,83.0,08/2020,Incumbent
17-2112.00,Industrial Engineers,1409,"Schedule deliveries based on production forecasts, material substitutions, storage and handling facilities, and maintenance requirements.",Supplemental,83.0,08/2020,Incumbent
17-2112.02,Validation Engineers,21054,Devise automated lab validation test stations or other test fixtures or equipment.,Supplemental,20.0,08/2018,Occupational Expert
17-2112.03,Manufacturing Engineers,19652,Redesign packaging for manufactured products to minimize raw material use or waste.,Supplemental,25.0,07/2017,Occupational Expert
17-2121.00,Marine Engineers and Naval Architects,21888,Supervise other engineers and crew members and train them for routine and emergency duties.,Supplemental,19.0,08/2025,Occupational Expert
17-2121.00,Marine Engineers and Naval Architects,21897,"Act as liaisons between ships' captains and shore personnel to ensure that schedules and budgets are maintained, and that ships are operated safely and efficiently.",Supplemental,19.0,08/2025,Occupational Expert
17-2121.00,Marine Engineers and Naval Architects,21902,"Maintain records of engineering department activities, including expense records and details of equipment maintenance and repairs.",Supplemental,19.0,08/2025,Occupational Expert
17-2121.00,Marine Engineers and Naval Architects,21908,Maintain and coordinate repair of marine machinery and equipment for installation on vessels.,Supplemental,18.0,08/2025,Occupational Expert
17-2121.00,Marine Engineers and Naval Architects,21891,"Oversee construction and testing of prototype in model basin and develop sectional and waterline curves of hull to establish center of gravity, ideal hull form, and buoyancy and stability data.",Supplemental,18.0,08/2025,Occupational Expert
17-2121.00,Marine Engineers and Naval Architects,21906,Procure materials needed to repair marine equipment and machinery.,Supplemental,19.0,08/2025,Occupational Expert
17-2121.00,Marine Engineers and Naval Architects,21914,"Schedule machine overhauls and the servicing of electrical, heating, ventilation, refrigeration, water, and sewage systems.",Supplemental,19.0,08/2025,Occupational Expert
17-2131.00,Materials Engineers,9020,Teach in colleges and universities.,Supplemental,21.0,08/2020,Occupational Expert
17-2141.00,Mechanical Engineers,19628,"Design integrated mechanical or alternative systems, such as mechanical cooling systems with natural ventilation systems, to improve energy efficiency.",Supplemental,85.0,08/2024,Incumbent
17-2141.00,Mechanical Engineers,19627,"Calculate energy losses for buildings, using equipment such as computers, combustion analyzers, or pressure gauges.",Supplemental,85.0,08/2024,Incumbent
17-2141.00,Mechanical Engineers,19631,Recommend the use of utility or energy services that minimize carbon footprints.,Supplemental,85.0,08/2024,Incumbent
17-2141.00,Mechanical Engineers,20739,"Perform personnel functions, such as supervision of production workers, technicians, technologists, or other engineers.",Supplemental,83.0,08/2024,Incumbent
17-2141.00,Mechanical Engineers,1430,"Apply engineering principles or practices to emerging fields, such as robotics, waste management, or biomedical engineering.",Supplemental,84.0,08/2024,Incumbent
17-2141.00,Mechanical Engineers,19629,"Direct the installation, operation, maintenance, or repair of renewable energy equipment, such as heating, ventilating, and air conditioning (HVAC) or water systems.",Supplemental,85.0,08/2024,Incumbent
17-2141.00,Mechanical Engineers,19632,"Select or install combined heat units, power units, cogeneration equipment, or trigeneration equipment that reduces energy use or pollution.",Supplemental,85.0,08/2024,Incumbent
17-2141.00,Mechanical Engineers,19630,Evaluate mechanical designs or prototypes for energy performance or environmental impact.,Supplemental,84.0,08/2024,Incumbent
17-2141.00,Mechanical Engineers,20742,"Study industrial processes to maximize the efficiency of equipment applications, including equipment placement.",Supplemental,85.0,08/2024,Incumbent
17-2141.00,Mechanical Engineers,1431,Design test control apparatus or equipment or develop procedures for testing products.,Supplemental,85.0,08/2024,Incumbent
17-2141.00,Mechanical Engineers,1427,"Establish or coordinate the maintenance or safety procedures, service schedule, or supply of materials required to maintain machines or equipment in the prescribed condition.",Supplemental,85.0,08/2024,Incumbent
17-2141.00,Mechanical Engineers,20740,Solicit new business.,Supplemental,82.0,08/2024,Incumbent
17-2141.01,Fuel Cell Engineers,19952,Develop or evaluate systems or methods of hydrogen storage for fuel cell applications.,Supplemental,22.0,08/2022,Occupational Expert
17-2151.00,"Mining and Geological Engineers, Including Mining Safety Engineers",3571,"Test air to detect toxic gases and recommend measures to remove them, such as installation of ventilation shafts.",Supplemental,67.0,08/2018,Incumbent
17-2151.00,"Mining and Geological Engineers, Including Mining Safety Engineers",3570,"Implement and coordinate mine safety programs, including the design and maintenance of protective and rescue equipment and safety devices.",Supplemental,67.0,08/2018,Incumbent
17-2151.00,"Mining and Geological Engineers, Including Mining Safety Engineers",3574,"Devise solutions to problems of land reclamation and water and air pollution, such as methods of storing excavated soil and returning exhausted mine sites to natural states.",Supplemental,66.0,08/2018,Incumbent
17-2151.00,"Mining and Geological Engineers, Including Mining Safety Engineers",3575,"Lay out, direct, and supervise mine construction operations, such as the construction of shafts and tunnels.",Supplemental,67.0,08/2018,Incumbent
17-2151.00,"Mining and Geological Engineers, Including Mining Safety Engineers",3572,"Design, develop, and implement computer applications for use in mining operations such as mine design, modeling, or mapping or for monitoring mine conditions.",Supplemental,67.0,08/2018,Incumbent
17-2151.00,"Mining and Geological Engineers, Including Mining Safety Engineers",3573,"Select or devise materials-handling methods and equipment to transport ore, waste materials, and mineral products efficiently and economically.",Supplemental,67.0,08/2018,Incumbent
17-2151.00,"Mining and Geological Engineers, Including Mining Safety Engineers",3576,"Evaluate data to develop new mining products, equipment, or processes.",Supplemental,67.0,08/2018,Incumbent
17-2151.00,"Mining and Geological Engineers, Including Mining Safety Engineers",3578,Design mining and mineral treatment equipment and machinery in collaboration with other engineering specialists.,Supplemental,67.0,08/2018,Incumbent
17-2151.00,"Mining and Geological Engineers, Including Mining Safety Engineers",3577,Conduct or direct mining experiments to test or prove research findings.,Supplemental,66.0,08/2018,Incumbent
17-2171.00,Petroleum Engineers,3600,Test machinery and equipment to ensure that it is safe and conforms to performance specifications.,Supplemental,58.0,08/2020,Incumbent
17-2171.00,Petroleum Engineers,3590,Assign work to staff to obtain maximum utilization of personnel.,Supplemental,58.0,08/2020,Incumbent
17-2171.00,Petroleum Engineers,3596,"Simulate reservoir performance for different recovery techniques, using computer models.",Supplemental,58.0,08/2020,Incumbent
17-2171.00,Petroleum Engineers,3592,Design and implement environmental controls on oil and gas operations.,Supplemental,58.0,08/2020,Incumbent
17-2171.00,Petroleum Engineers,3594,"Supervise the removal of drilling equipment, the removal of any waste, and the safe return of land to structural stability when wells or pockets are exhausted.",Supplemental,58.0,08/2020,Incumbent
17-2171.00,Petroleum Engineers,3595,Inspect oil and gas wells to determine that installations are completed.,Supplemental,58.0,08/2020,Incumbent
17-2171.00,Petroleum Engineers,3593,"Coordinate the installation, maintenance, and operation of mining and oil field equipment.",Supplemental,58.0,08/2020,Incumbent
17-2171.00,Petroleum Engineers,3597,"Take samples to assess the amount and quality of oil, the depth at which resources lie, and the equipment needed to properly extract them.",Supplemental,58.0,08/2020,Incumbent
17-2171.00,Petroleum Engineers,3599,"Design or modify mining and oil field machinery and tools, applying engineering principles.",Supplemental,58.0,08/2020,Incumbent
17-2171.00,Petroleum Engineers,3601,Conduct engineering research experiments to improve or modify mining and oil machinery and operations.,Supplemental,58.0,08/2020,Incumbent
17-2199.03,"Energy Engineers, Except Wind and Solar",18149,Consult with construction or renovation clients or other engineers on topics such as Leadership in Energy and Environmental Design (LEED) or Green Buildings.,Supplemental,22.0,07/2016,Occupational Expert
17-2199.05,Mechatronics Engineers,16480,"Develop electronic, mechanical, or computerized processes to perform tasks in dangerous situations, such as underwater exploration or extraterrestrial mining.",Supplemental,57.0,08/2022,Incumbent
17-2199.05,Mechatronics Engineers,19655,"Monitor or calibrate automated systems, industrial control systems, or system components to maximize efficiency of production.",Supplemental,58.0,08/2022,Incumbent
17-2199.05,Mechatronics Engineers,16476,Create embedded software design programs.,Supplemental,55.0,08/2022,Incumbent
17-2199.05,Mechatronics Engineers,16475,Design advanced electronic control systems for mechanical systems.,Supplemental,58.0,08/2022,Incumbent
17-2199.05,Mechatronics Engineers,19654,"Design self-monitoring mechanical systems, such as gear systems that monitor loading or condition of systems to detect and prevent failures.",Supplemental,55.0,08/2022,Incumbent
17-2199.05,Mechatronics Engineers,19653,"Design or develop automated control systems for environmental applications, such as waste processing, air quality, or water quality systems.",Supplemental,58.0,08/2022,Incumbent
17-2199.05,Mechatronics Engineers,16473,"Design, develop, or implement control circuits or algorithms for electromechanical or pneumatic devices or systems.",Supplemental,58.0,08/2022,Incumbent
17-2199.05,Mechatronics Engineers,16481,"Design mechatronics components for computer-controlled products, such as cameras, video recorders, automobiles, or airplanes.",Supplemental,58.0,08/2022,Incumbent
17-2199.06,Microsystems Engineers,16498,"Evaluate materials, fabrication methods, joining methods, surface treatments, or packaging to ensure acceptable processing, performance, cost, sustainability, or availability.",Supplemental,58.0,07/2016,Incumbent
17-2199.06,Microsystems Engineers,16494,"Refine final microelectromechanical systems (MEMS) design to optimize design for target dimensions, physical tolerances, or processing constraints.",Supplemental,58.0,07/2016,Incumbent
17-2199.06,Microsystems Engineers,16508,"Conduct harsh environmental testing, accelerated aging, device characterization, or field trials to validate devices, using inspection tools, testing protocols, peripheral instrumentation, or modeling and simulation software.",Supplemental,58.0,07/2016,Incumbent
17-2199.06,Microsystems Engineers,16489,"Develop or file intellectual property and patent disclosure or application documents related to microelectromechanical systems (MEMS) devices, products, or systems.",Supplemental,58.0,07/2016,Incumbent
17-2199.06,Microsystems Engineers,16504,Conduct or oversee the conduct of prototype development or microfabrication activities to ensure compliance to specifications and promote effective production processes.,Supplemental,58.0,07/2016,Incumbent
17-2199.06,Microsystems Engineers,16506,Conduct experimental or virtual studies to investigate characteristics and processing principles of potential microelectromechanical systems (MEMS) technology.,Supplemental,58.0,07/2016,Incumbent
17-2199.06,Microsystems Engineers,16499,"Devise microelectromechanical systems (MEMS) production methods, such as integrated circuit fabrication, lithographic electroform modeling, or micromachining.",Supplemental,58.0,07/2016,Incumbent
17-2199.06,Microsystems Engineers,16500,"Develop or validate specialized materials characterization procedures, such as thermal withstand, fatigue, notch sensitivity, abrasion, or hardness tests.",Supplemental,58.0,07/2016,Incumbent
17-2199.06,Microsystems Engineers,16507,"Validate fabrication processes for microelectromechanical systems (MEMS), using statistical process control implementation, virtual process simulations, data mining, or life testing.",Supplemental,58.0,07/2016,Incumbent
17-2199.06,Microsystems Engineers,16491,"Demonstrate miniaturized systems that contain components, such as microsensors, microactuators, or integrated electronic circuits, fabricated on silicon or silicon carbide wafers.",Supplemental,58.0,07/2016,Incumbent
17-2199.06,Microsystems Engineers,16484,Manage new product introduction projects to ensure effective deployment of microelectromechanical systems (MEMS) devices or applications.,Supplemental,57.0,07/2016,Incumbent
17-2199.06,Microsystems Engineers,16493,"Conduct acceptance tests, vendor-qualification protocols, surveys, audits, corrective-action reviews, or performance monitoring of incoming materials or components to ensure conformance to specifications.",Supplemental,58.0,07/2016,Incumbent
17-2199.06,Microsystems Engineers,16486,"Develop or implement microelectromechanical systems (MEMS) processing tools, fixtures, gages, dies, molds, or trays.",Supplemental,58.0,07/2016,Incumbent
17-2199.06,Microsystems Engineers,16488,"Develop customer documentation, such as performance specifications, training manuals, or operating instructions.",Supplemental,58.0,07/2016,Incumbent
17-2199.06,Microsystems Engineers,16487,"Identify, procure, or develop test equipment, instrumentation, or facilities for characterization of microelectromechanical systems (MEMS) applications.",Supplemental,58.0,07/2016,Incumbent
17-2199.06,Microsystems Engineers,16501,"Develop or validate product-specific test protocols, acceptance thresholds, or inspection tools for quality control testing or performance measurement.",Supplemental,58.0,07/2016,Incumbent
17-2199.06,Microsystems Engineers,16496,"Oversee operation of microelectromechanical systems (MEMS) fabrication or assembly equipment, such as handling, singulation, assembly, wire-bonding, soldering, or package sealing.",Supplemental,58.0,07/2016,Incumbent
17-2199.07,Photonics Engineers,19665,Design solar energy photonics or other materials or devices to generate energy.,Supplemental,23.0,08/2018,Occupational Expert
17-2199.07,Photonics Engineers,19663,Design or redesign optical fibers to minimize energy loss.,Supplemental,23.0,08/2018,Occupational Expert
17-2199.07,Photonics Engineers,19666,Develop photonics sensing or manufacturing technologies to improve the efficiency of manufacturing or related processes.,Supplemental,23.0,08/2018,Occupational Expert
17-2199.07,Photonics Engineers,18191,"Develop laser-processed designs, such as laser-cut medical devices.",Supplemental,23.0,08/2018,Occupational Expert
17-2199.07,Photonics Engineers,19662,Design or develop new crystals for photonics applications.,Supplemental,23.0,08/2018,Occupational Expert
17-2199.07,Photonics Engineers,18190,Design laser machining equipment for purposes such as high-speed ablation.,Supplemental,23.0,08/2018,Occupational Expert
17-2199.07,Photonics Engineers,18187,"Select, purchase, set up, operate, or troubleshoot state-of-the-art laser cutting equipment.",Supplemental,23.0,08/2018,Occupational Expert
17-2199.08,Robotics Engineers,19667,Design or program robotics systems for environmental clean-up applications to minimize human exposure to toxic or hazardous materials or to improve the quality or speed of clean-up operations.,Supplemental,30.0,08/2018,Occupational Expert
17-2199.08,Robotics Engineers,16518,Plan mobile robot paths and teach path plans to robots.,Supplemental,30.0,08/2018,Occupational Expert
17-2199.08,Robotics Engineers,19668,"Design robotics applications for manufacturers of green products, such as wind turbines or solar panels, to increase production time, eliminate waste, or reduce costs.",Supplemental,30.0,08/2018,Occupational Expert
17-2199.08,Robotics Engineers,16524,Automate assays on laboratory robotics.,Supplemental,30.0,08/2018,Occupational Expert
17-2199.09,Nanosystems Engineers,19670,"Design nano-based manufacturing processes to minimize water, chemical, or energy use, as well as to reduce waste production.",Supplemental,21.0,08/2023,Occupational Expert
17-2199.09,Nanosystems Engineers,19673,Design nanosystems with components such as nanocatalysts or nanofiltration devices to clean specific pollutants from hazardous waste sites.,Supplemental,21.0,08/2023,Occupational Expert
17-2199.09,Nanosystems Engineers,16538,Prepare nanotechnology-related invention disclosures or patent applications.,Supplemental,21.0,08/2023,Occupational Expert
17-2199.09,Nanosystems Engineers,19677,Reengineer nanomaterials to improve biodegradability.,Supplemental,21.0,08/2023,Occupational Expert
17-2199.09,Nanosystems Engineers,19676,"Integrate nanotechnology with antimicrobial properties into products, such as household or medical appliances, to reduce the development of bacteria or other microbes.",Supplemental,21.0,08/2023,Occupational Expert
17-2199.09,Nanosystems Engineers,19674,"Develop catalysis or other green chemistry methods to synthesize nanomaterials, such as nanotubes, nanocrystals, nanorods, or nanowires.",Supplemental,21.0,08/2023,Occupational Expert
17-2199.09,Nanosystems Engineers,19672,"Design nanoparticle catalysts to detect or remove chemical or other pollutants from water, soil, or air.",Supplemental,21.0,08/2023,Occupational Expert
17-2199.09,Nanosystems Engineers,19675,"Develop green building nanocoatings, such as self-cleaning, anti-stain, depolluting, anti-fogging, anti-icing, antimicrobial, moisture-resistant, or ultraviolet protectant coatings.",Supplemental,21.0,08/2023,Occupational Expert
17-2199.10,Wind Energy Engineers,16553,Provide engineering technical support to designers of prototype wind turbines.,Supplemental,115.0,07/2012,Incumbent
17-2199.10,Wind Energy Engineers,16550,"Investigate experimental wind turbines or wind turbine technologies for properties such as aerodynamics, production, noise, and load.",Supplemental,114.0,07/2012,Incumbent
17-2199.10,Wind Energy Engineers,16558,"Develop active control algorithms, electronics, software, electromechanical, or electrohydraulic systems for wind turbines.",Supplemental,114.0,07/2012,Incumbent
17-2199.10,Wind Energy Engineers,16557,"Develop specifications for wind technology components, such as gearboxes, blades, generators, frequency converters, or pad transformers.",Supplemental,114.0,07/2012,Incumbent
17-2199.10,Wind Energy Engineers,16552,"Test wind turbine components, using mechanical or electronic testing equipment.",Supplemental,114.0,07/2012,Incumbent
17-2199.10,Wind Energy Engineers,16548,Oversee the work activities of wind farm consultants or subcontractors.,Supplemental,113.0,07/2012,Incumbent
17-2199.10,Wind Energy Engineers,16551,Test wind turbine equipment to determine effects of stress or fatigue.,Supplemental,113.0,07/2012,Incumbent
17-2199.10,Wind Energy Engineers,16555,Monitor wind farm construction to ensure compliance with regulatory standards or environmental requirements.,Supplemental,114.0,07/2012,Incumbent
17-2199.10,Wind Energy Engineers,16556,"Direct balance of plant (BOP) construction, generator installation, testing, commissioning, or supervisory control and data acquisition (SCADA) to ensure compliance with specifications.",Supplemental,114.0,07/2012,Incumbent
17-2199.10,Wind Energy Engineers,16562,"Analyze operation of wind farms or wind farm components to determine reliability, performance, and compliance with specifications.",Supplemental,114.0,07/2012,Incumbent
17-2199.10,Wind Energy Engineers,16554,Perform root cause analysis on wind turbine tower component failures.,Supplemental,113.0,07/2012,Incumbent
17-2199.10,Wind Energy Engineers,16561,Design underground or overhead wind farm collector systems.,Supplemental,113.0,07/2012,Incumbent
17-2199.10,Wind Energy Engineers,16547,Write reports to document wind farm collector system test results.,Supplemental,113.0,07/2012,Incumbent
17-2199.11,Solar Energy Systems Engineers,16563,Test or evaluate photovoltaic (PV) cells or modules.,Supplemental,28.0,08/2023,Occupational Expert
17-2199.11,Solar Energy Systems Engineers,16567,Design or develop vacuum tube collector systems for solar applications.,Supplemental,28.0,08/2023,Occupational Expert
17-3011.00,Architectural and Civil Drafters,21939,"Plot characteristics of boreholes for oil and gas wells from photographic subsurface survey recordings and other data, representing depth, degree, and direction of inclination.",Supplemental,,11/2020,Analyst - Transition
17-3011.00,Architectural and Civil Drafters,21940,"Reproduce drawings on copy machines or trace copies of plans and drawings, using transparent paper or cloth, ink, pencil, and standard drafting instruments.",Supplemental,,11/2020,Analyst - Transition
17-3011.00,Architectural and Civil Drafters,21941,"Calculate heat loss and gain of buildings and structures to determine required equipment specifications, following standard procedures.",Supplemental,,11/2020,Analyst - Transition
17-3012.00,Electrical and Electronics Drafters,21960,Generate computer tapes of final layout design to produce layered photo masks or photo plotting design onto film.,Supplemental,59.0,08/2022,Incumbent
17-3012.00,Electrical and Electronics Drafters,21964,"Determine the order of work and the method of presentation, such as orthographic or isometric drawing.",Supplemental,138.0,08/2022,Incumbent
17-3012.00,Electrical and Electronics Drafters,21966,Visit proposed installation sites and draw rough sketches of location.,Supplemental,140.0,08/2022,Incumbent
17-3012.00,Electrical and Electronics Drafters,21961,Key and program specified commands and engineering specifications into computer system to change functions and test final layout.,Supplemental,59.0,08/2022,Incumbent
17-3012.00,Electrical and Electronics Drafters,21970,Copy drawings of printed circuit board fabrication using print machine or blueprinting procedure.,Supplemental,58.0,08/2022,Incumbent
17-3012.00,Electrical and Electronics Drafters,21967,"Select drill size to drill test head, according to test design and specifications, and submit guide layout to designated department.",Supplemental,59.0,08/2022,Incumbent
17-3012.00,Electrical and Electronics Drafters,21968,Plot electrical test points on layout sheets and draw schematics for wiring test fixture heads to frames.,Supplemental,58.0,08/2022,Incumbent
17-3012.00,Electrical and Electronics Drafters,21969,Write technical reports and draw charts that display statistics and data.,Supplemental,140.0,08/2022,Incumbent
17-3012.00,Electrical and Electronics Drafters,21962,"Supervise and coordinate work activities of workers engaged in drafting, designing layouts, assembling, or testing printed circuit boards.",Supplemental,59.0,08/2022,Incumbent
17-3012.00,Electrical and Electronics Drafters,21971,"Train students to use drafting machines and to prepare schematic diagrams, block diagrams, control drawings, logic diagrams, integrated circuit drawings, or interconnection diagrams.",Supplemental,59.0,08/2022,Incumbent
17-3013.00,Mechanical Drafters,1460,"Shade or color drawings to clarify and emphasize details and dimensions or eliminate background, using ink, crayon, airbrush, and overlays.",Supplemental,81.0,07/2017,Incumbent
17-3021.00,Aerospace Engineering and Operations Technologists and Technicians,10890,Finish vehicle instrumentation and deinstrumentation.,Supplemental,47.0,08/2019,Incumbent
17-3021.00,Aerospace Engineering and Operations Technologists and Technicians,10886,"Construct and maintain test facilities for aircraft parts and systems, according to specifications.",Supplemental,48.0,08/2019,Incumbent
17-3021.00,Aerospace Engineering and Operations Technologists and Technicians,21102,Design electrical and mechanical systems for avionic instrumentation applications.,Supplemental,49.0,08/2019,Incumbent
17-3022.00,Civil Engineering Technologists and Technicians,1467,Inspect project site and evaluate contractor work to detect design malfunctions and ensure conformance to design specifications and applicable codes.,Supplemental,98.0,07/2017,Incumbent
17-3022.00,Civil Engineering Technologists and Technicians,1471,"Conduct materials test and analysis, using tools and equipment and applying engineering knowledge.",Supplemental,99.0,07/2017,Incumbent
17-3022.00,Civil Engineering Technologists and Technicians,1469,"Develop plans and estimate costs for installation of systems, utilization of facilities, or construction of structures.",Supplemental,99.0,07/2017,Incumbent
17-3022.00,Civil Engineering Technologists and Technicians,20965,Develop project budgets by estimating the cost of project activities.,Supplemental,97.0,07/2017,Incumbent
17-3022.00,Civil Engineering Technologists and Technicians,1468,Plan and conduct field surveys to locate new sites and analyze details of project sites.,Supplemental,98.0,07/2017,Incumbent
17-3022.00,Civil Engineering Technologists and Technicians,1472,Respond to public suggestions and complaints.,Supplemental,97.0,07/2017,Incumbent
17-3022.00,Civil Engineering Technologists and Technicians,20966,Negotiate with contractors on prices for new contracts or modifications to existing contracts.,Supplemental,99.0,07/2017,Incumbent
17-3023.00,Electrical and Electronic Engineering Technologists and Technicians,21998,"Install or maintain electrical control systems, industrial automation systems, or electrical equipment, including control circuits, variable speed drives, or programmable logic controllers.",Supplemental,,11/2020,Analyst - Transition
17-3023.00,Electrical and Electronic Engineering Technologists and Technicians,21999,"Design or modify engineering schematics for electrical transmission and distribution systems or for electrical installation in residential, commercial, or industrial buildings, using computer-aided design (CAD) software.",Supplemental,,11/2020,Analyst - Transition
17-3023.00,Electrical and Electronic Engineering Technologists and Technicians,22000,Interpret test information to resolve design-related problems.,Supplemental,,11/2020,Analyst - Transition
17-3024.00,Electro-Mechanical and Mechatronics Technologists and Technicians,10902,"Develop, test, or program new robots.",Supplemental,74.0,08/2022,Incumbent
17-3024.00,Electro-Mechanical and Mechatronics Technologists and Technicians,20743,Prepare written documentation of electromechanical test results.,Supplemental,74.0,08/2022,Incumbent
17-3024.00,Electro-Mechanical and Mechatronics Technologists and Technicians,10900,"Repair, rework, or calibrate hydraulic or pneumatic assemblies or systems to meet operational specifications or tolerances.",Supplemental,72.0,08/2022,Incumbent
17-3024.00,Electro-Mechanical and Mechatronics Technologists and Technicians,22017,"Select and use laboratory, operational, or diagnostic techniques or test equipment to assess electromechanical circuits, equipment, processes, systems, or subsystems.",Supplemental,43.0,08/2022,Incumbent
17-3024.00,Electro-Mechanical and Mechatronics Technologists and Technicians,19683,"Operate, test, or maintain robotic equipment used for green production applications, such as waste-to-energy conversion systems, minimization of material waste, or replacement of human operators in dangerous work environments.",Supplemental,64.0,08/2022,Incumbent
17-3024.00,Electro-Mechanical and Mechatronics Technologists and Technicians,22009,Determine whether selected electromechanical components comply with environmental standards and regulations.,Supplemental,43.0,08/2022,Incumbent
17-3024.00,Electro-Mechanical and Mechatronics Technologists and Technicians,22010,Develop or implement programs related to the environmental impact of engineering activities.,Supplemental,43.0,08/2022,Incumbent
17-3024.00,Electro-Mechanical and Mechatronics Technologists and Technicians,10901,"Train others to install, use, or maintain robots.",Supplemental,74.0,08/2022,Incumbent
17-3024.00,Electro-Mechanical and Mechatronics Technologists and Technicians,22005,"Analyze engineering designs of logic or digital circuitry, motor controls, instrumentation, or data acquisition for implementation into new or existing automated, servomechanical, or other electromechanical systems.",Supplemental,43.0,08/2022,Incumbent
17-3024.00,Electro-Mechanical and Mechatronics Technologists and Technicians,22007,Conduct statistical studies to analyze or compare production costs for sustainable and nonsustainable designs.,Supplemental,43.0,08/2022,Incumbent
17-3024.00,Electro-Mechanical and Mechatronics Technologists and Technicians,22019,"Specify, coordinate, or conduct quality-control or quality-assurance programs and procedures.",Supplemental,43.0,08/2022,Incumbent
17-3024.00,Electro-Mechanical and Mechatronics Technologists and Technicians,10899,"Operate metalworking machines to fabricate housings, jigs, fittings, or fixtures.",Supplemental,72.0,08/2022,Incumbent
17-3024.00,Electro-Mechanical and Mechatronics Technologists and Technicians,22021,"Translate electromechanical drawings into design specifications, applying principles of engineering, thermal or fluid sciences, mathematics, or statistics.",Supplemental,43.0,08/2022,Incumbent
17-3024.00,Electro-Mechanical and Mechatronics Technologists and Technicians,22013,"Identify energy-conserving production or fabrication methods, such as by bending metal rather than cutting and welding or casting metal.",Supplemental,43.0,08/2022,Incumbent
17-3024.01,Robotics Technicians,16577,"Program complex robotic systems, such as vision systems.",Supplemental,22.0,08/2018,Occupational Expert
17-3024.01,Robotics Technicians,16585,"Develop robotic path motions to maximize efficiency, safety, and quality.",Supplemental,22.0,08/2018,Occupational Expert
17-3024.01,Robotics Technicians,16580,"Fabricate housings, jigs, fittings, or fixtures, using metalworking machines.",Supplemental,22.0,08/2018,Occupational Expert
17-3024.01,Robotics Technicians,16590,"Train robots, using artificial intelligence software or interactive training techniques, to perform simple or complex tasks, such as designing and carrying out a series of iterative tests of chemical samples.",Supplemental,22.0,08/2018,Occupational Expert
17-3024.01,Robotics Technicians,16583,Inspect installation sites.,Supplemental,22.0,08/2018,Occupational Expert
17-3024.01,Robotics Technicians,21060,"Maintain inventories of robotic production supplies, such as sensors or cables.",Supplemental,22.0,08/2018,Occupational Expert
17-3024.01,Robotics Technicians,16582,Develop three-dimensional simulations of automation systems.,Supplemental,22.0,08/2018,Occupational Expert
17-3025.00,Environmental Engineering Technologists and Technicians,3653,Assist in the cleanup of hazardous material spills.,Supplemental,81.0,07/2014,Incumbent
17-3025.00,Environmental Engineering Technologists and Technicians,3649,"Inspect facilities to monitor compliance with regulations governing substances, such as asbestos, lead, or wastewater.",Supplemental,82.0,07/2014,Incumbent
17-3025.00,Environmental Engineering Technologists and Technicians,3658,"Develop work plans, including writing specifications or establishing material, manpower, or facilities needs.",Supplemental,80.0,07/2014,Incumbent
17-3025.00,Environmental Engineering Technologists and Technicians,3657,Perform statistical analysis and correction of air or water pollution data submitted by industry or other agencies.,Supplemental,81.0,07/2014,Incumbent
17-3025.00,Environmental Engineering Technologists and Technicians,3648,"Arrange for the disposal of lead, asbestos, or other hazardous materials.",Supplemental,82.0,07/2014,Incumbent
17-3025.00,Environmental Engineering Technologists and Technicians,19689,"Evaluate and select technologies to clean up polluted sites, restore polluted air, water, or soil, or rehabilitate degraded ecosystems.",Supplemental,81.0,07/2014,Incumbent
17-3025.00,Environmental Engineering Technologists and Technicians,19686,"Assess the ability of environments to naturally remove or reduce conventional or emerging contaminants from air, water, or soil.",Supplemental,81.0,07/2014,Incumbent
17-3025.00,Environmental Engineering Technologists and Technicians,3656,Work with customers to assess the environmental impact of proposed construction or to develop pollution prevention programs.,Supplemental,81.0,07/2014,Incumbent
17-3025.00,Environmental Engineering Technologists and Technicians,3650,"Provide technical engineering support in the planning of projects, such as wastewater treatment plants, to ensure compliance with environmental regulations and policies.",Supplemental,81.0,07/2014,Incumbent
17-3025.00,Environmental Engineering Technologists and Technicians,19690,"Model biological, chemical, or physical treatment processes to remove or degrade pollutants.",Supplemental,82.0,07/2014,Incumbent
17-3025.00,Environmental Engineering Technologists and Technicians,3652,Oversee support staff.,Supplemental,82.0,07/2014,Incumbent
17-3025.00,Environmental Engineering Technologists and Technicians,19687,Create models to demonstrate or predict the process by which pollutants move through or impact an environment.,Supplemental,80.0,07/2014,Incumbent
17-3025.00,Environmental Engineering Technologists and Technicians,3651,Improve chemical processes to reduce toxic emissions.,Supplemental,81.0,07/2014,Incumbent
17-3025.00,Environmental Engineering Technologists and Technicians,3647,"Obtain product information, identify vendors or suppliers, or order materials or equipment to maintain inventory.",Supplemental,82.0,07/2014,Incumbent
17-3026.00,Industrial Engineering Technologists and Technicians,19692,"Evaluate industrial operations for compliance with permits or regulations related to the generation, storage, treatment, transportation, or disposal of hazardous materials or waste.",Supplemental,76.0,07/2014,Incumbent
17-3026.01,Nanotechnology Engineering Technologists and Technicians,22067,"Measure emission of nanodust or nanoparticles during nanocomposite or other nano-scale production processes, using systems such as aerosol detection systems.",Supplemental,20.0,08/2025,Occupational Expert
17-3026.01,Nanotechnology Engineering Technologists and Technicians,22062,"Perform functional tests of nano-enhanced assemblies, components, or systems, using equipment such as torque gauges or conductivity meters.",Supplemental,20.0,08/2025,Occupational Expert
17-3026.01,Nanotechnology Engineering Technologists and Technicians,22057,"Compare the performance or environmental impact of nanomaterials by nanoparticle size, shape, or organization.",Supplemental,20.0,08/2025,Occupational Expert
17-3026.01,Nanotechnology Engineering Technologists and Technicians,22059,"Process nanoparticles or nanostructures, using technologies such as ultraviolet radiation, microwave energy, or catalysis.",Supplemental,20.0,08/2025,Occupational Expert
17-3026.01,Nanotechnology Engineering Technologists and Technicians,22064,"Assemble components, using techniques such as interference fitting, solvent bonding, adhesive bonding, heat sealing, or ultrasonic welding.",Supplemental,20.0,08/2025,Occupational Expert
17-3026.01,Nanotechnology Engineering Technologists and Technicians,22066,Analyze the life cycle of nanomaterials or nano-enabled products to determine environmental impact.,Supplemental,20.0,08/2025,Occupational Expert
17-3027.00,Mechanical Engineering Technologists and Technicians,1489,Set up prototype and test apparatus and operate test controlling equipment to observe and record prototype test results.,Supplemental,55.0,08/2022,Incumbent
17-3027.00,Mechanical Engineering Technologists and Technicians,1483,Evaluate tool drawing designs by measuring drawing dimensions and comparing with original specifications for form and function using engineering skills.,Supplemental,55.0,08/2022,Incumbent
17-3027.00,Mechanical Engineering Technologists and Technicians,22070,"Analyze energy requirements and distribution systems to maximize the use of intermittent or inflexible renewable energy sources, such as wind or nuclear.",Supplemental,37.0,08/2022,Incumbent
17-3027.00,Mechanical Engineering Technologists and Technicians,1474,Prepare parts sketches and write work orders and purchase requests to be furnished by outside contractors.,Supplemental,55.0,08/2022,Incumbent
17-3027.00,Mechanical Engineering Technologists and Technicians,1488,"Estimate cost factors including labor and material for purchased and fabricated parts and costs for assembly, testing, or installing.",Supplemental,55.0,08/2022,Incumbent
17-3027.00,Mechanical Engineering Technologists and Technicians,22074,Assist mechanical engineers in product testing through activities such as setting up instrumentation for automobile crash tests.,Supplemental,39.0,08/2022,Incumbent
17-3027.00,Mechanical Engineering Technologists and Technicians,22076,Conduct statistical studies to analyze or compare production costs for sustainable and nonsustainable designs.,Supplemental,39.0,08/2022,Incumbent
17-3029.01,Non-Destructive Testing Specialists,16614,"Evaluate material properties, using radio astronomy, voltage and amperage measurement, or rheometric flow measurement.",Supplemental,21.0,08/2023,Occupational Expert
17-3029.08,Photonics Technicians,16731,"Assemble fiber optical, optoelectronic, or free-space optics components, subcomponents, assemblies, or subassemblies.",Supplemental,22.0,08/2024,Occupational Expert
17-3029.08,Photonics Technicians,20387,Optimize photonic process parameters by making prototype or production devices.,Supplemental,22.0,08/2024,Occupational Expert
17-3029.08,Photonics Technicians,16723,"Splice fibers, using fusion splicing or other techniques.",Supplemental,22.0,08/2024,Occupational Expert
17-3029.08,Photonics Technicians,16730,"Build prototype optomechanical devices for use in equipment such as aerial cameras, gun sights, or telescopes.",Supplemental,22.0,08/2024,Occupational Expert
17-3029.08,Photonics Technicians,16724,"Terminate, cure, polish, or test fiber cables with mechanical connectors.",Supplemental,22.0,08/2024,Occupational Expert
17-3029.08,Photonics Technicians,16716,"Perform diagnostic analyses of processing steps, using analytical or metrological tools, such as microscopy, profilometry, or ellipsometry devices.",Supplemental,22.0,08/2024,Occupational Expert
17-3029.08,Photonics Technicians,16722,Assemble or adjust parts or related electrical units of prototypes to prepare for testing.,Supplemental,22.0,08/2024,Occupational Expert
17-3029.08,Photonics Technicians,16727,"Repair or calibrate products, such as surgical lasers.",Supplemental,22.0,08/2024,Occupational Expert
17-3029.08,Photonics Technicians,16719,"Design, build, or modify fixtures used to assemble parts.",Supplemental,22.0,08/2024,Occupational Expert
17-3029.08,Photonics Technicians,19731,"Assemble components of energy-efficient optical communications systems involving photonic switches, optical backplanes, or optoelectronic interfaces.",Supplemental,22.0,08/2024,Occupational Expert
17-3029.08,Photonics Technicians,16720,"Lay out cutting lines for machining, using drafting tools.",Supplemental,21.0,08/2024,Occupational Expert
17-3029.08,Photonics Technicians,16718,"Mix, pour, or use processing chemicals or gases according to safety standards or established operating procedures.",Supplemental,22.0,08/2024,Occupational Expert
17-3029.08,Photonics Technicians,16729,"Fabricate devices, such as optoelectronic or semiconductor devices.",Supplemental,22.0,08/2024,Occupational Expert
17-3031.00,Surveying and Mapping Technicians,22120,"Answer questions and provide information to the public or to staff members regarding assessment maps, surveys, boundaries, easements, property ownership, roads, zoning, or similar matters.",Supplemental,,11/2020,Analyst - Transition
17-3031.00,Surveying and Mapping Technicians,22121,Complete detailed source and method notes describing the location of routine or complex land parcels.,Supplemental,,11/2020,Analyst - Transition
19-1011.00,Animal Scientists,5419,"Determine genetic composition of animal populations and heritability of traits, using principles of genetics.",Supplemental,23.0,08/2022,Occupational Expert
19-1011.00,Animal Scientists,5420,Crossbreed animals with existing strains or cross strains to obtain new combinations of desirable characteristics.,Supplemental,23.0,08/2022,Occupational Expert
19-1013.00,Soil and Plant Scientists,9031,"Survey undisturbed or disturbed lands for classification, inventory, mapping, environmental impact assessments, environmental protection planning, conservation planning, or reclamation planning.",Supplemental,21.0,08/2021,Occupational Expert
19-1013.00,Soil and Plant Scientists,20198,Plan or supervise waste management programs for composting or farming.,Supplemental,21.0,08/2021,Occupational Expert
19-1013.00,Soil and Plant Scientists,19753,"Research technical requirements or environmental impacts of urban green spaces, such as green roof installations.",Supplemental,21.0,08/2021,Occupational Expert
19-1013.00,Soil and Plant Scientists,9041,Conduct experiments regarding causes of bee diseases or factors affecting yields of nectar or pollen.,Supplemental,21.0,08/2021,Occupational Expert
19-1013.00,Soil and Plant Scientists,9040,"Identify or classify species of insects or allied forms, such as mites or spiders.",Supplemental,21.0,08/2021,Occupational Expert
19-1013.00,Soil and Plant Scientists,9039,Study insect distribution or habitat and recommend methods to prevent importation or spread of injurious species.,Supplemental,21.0,08/2021,Occupational Expert
19-1013.00,Soil and Plant Scientists,20199,Plan or supervise land conservation or reclamation programs for industrial development projects.,Supplemental,21.0,08/2021,Occupational Expert
19-1013.00,Soil and Plant Scientists,19750,Conduct research into the use of plant species as green fuels or in the production of green fuels.,Supplemental,21.0,08/2021,Occupational Expert
19-1021.00,Biochemists and Biophysicists,12939,Prepare pharmaceutical compounds for commercial distribution.,Supplemental,20.0,08/2020,Occupational Expert
19-1021.00,Biochemists and Biophysicists,12942,"Develop methods to process, store, or use foods, drugs, or chemical compounds.",Supplemental,20.0,08/2020,Occupational Expert
19-1021.00,Biochemists and Biophysicists,12943,"Investigate the nature, composition, or expression of genes or research how genetic engineering can impact these processes.",Supplemental,20.0,08/2020,Occupational Expert
19-1021.00,Biochemists and Biophysicists,12945,"Produce pharmaceutically or industrially useful proteins, using recombinant DNA technology.",Supplemental,20.0,08/2020,Occupational Expert
19-1022.00,Microbiologists,3685,"Research use of bacteria and microorganisms to develop vitamins, antibiotics, amino acids, grain alcohol, sugars, and polymers.",Supplemental,22.0,08/2024,Occupational Expert
19-1023.00,Zoologists and Wildlife Biologists,1499,Organize and conduct experimental studies with live animals in controlled or natural surroundings.,Supplemental,61.0,08/2023,Incumbent
19-1023.00,Zoologists and Wildlife Biologists,1501,Coordinate preventive programs to control the outbreak of wildlife diseases.,Supplemental,61.0,08/2023,Incumbent
19-1023.00,Zoologists and Wildlife Biologists,1502,Prepare collections of preserved specimens or microscopic slides for species identification and study of development or disease.,Supplemental,61.0,08/2023,Incumbent
19-1023.00,Zoologists and Wildlife Biologists,1504,Collect and dissect animal specimens and examine specimens under microscope.,Supplemental,61.0,08/2023,Incumbent
19-1029.01,Bioinformatics Scientists,16784,Improve user interfaces to bioinformatics software and databases.,Supplemental,79.0,07/2012,Incumbent
19-1029.01,Bioinformatics Scientists,16778,"Confer with departments, such as marketing, business development, or operations, to coordinate product development or improvement.",Supplemental,80.0,07/2012,Incumbent
19-1029.01,Bioinformatics Scientists,16776,Recommend new systems and processes to improve operations.,Supplemental,80.0,07/2012,Incumbent
19-1029.01,Bioinformatics Scientists,16783,Instruct others in the selection and use of bioinformatics tools.,Supplemental,79.0,07/2012,Incumbent
19-1029.01,Bioinformatics Scientists,16779,Collaborate with software developers in the development and modification of commercial bioinformatics software.,Supplemental,80.0,07/2012,Incumbent
19-1029.01,Bioinformatics Scientists,16780,Test new and updated bioinformatics tools and software.,Supplemental,79.0,07/2012,Incumbent
19-1029.01,Bioinformatics Scientists,16782,Prepare summary statistics of information regarding human genomes.,Supplemental,79.0,07/2012,Incumbent
19-1029.02,Molecular and Cellular Biologists,16797,"Participate in all levels of bioproduct development, including proposing new products, performing market analyses, designing and performing experiments, and collaborating with operations and quality control teams during product launches.",Supplemental,26.0,08/2021,Occupational Expert
19-1029.02,Molecular and Cellular Biologists,16801,Confer with vendors to evaluate new equipment or reagents or to discuss the customization of product lines to meet user requirements.,Supplemental,26.0,08/2021,Occupational Expert
19-1029.02,Molecular and Cellular Biologists,16812,"Design databases, such as mutagenesis libraries.",Supplemental,26.0,08/2021,Occupational Expert
19-1029.03,Geneticists,16823,"Evaluate, diagnose, or treat genetic diseases.",Supplemental,25.0,08/2021,Occupational Expert
19-1029.03,Geneticists,16838,Conduct family medical studies to evaluate the genetic basis for traits or diseases.,Supplemental,25.0,08/2021,Occupational Expert
19-1029.03,Geneticists,16824,Design and maintain genetics computer databases.,Supplemental,25.0,08/2021,Occupational Expert
19-1029.03,Geneticists,16820,Participate in the development of endangered species breeding programs or species survival plans.,Supplemental,25.0,08/2021,Occupational Expert
19-1029.03,Geneticists,16819,"Plan curatorial programs for species collections that include acquisition, distribution, maintenance, or regeneration.",Supplemental,24.0,08/2021,Occupational Expert
19-1029.04,Biologists,182,"Research environmental effects of present and potential uses of land and water areas, determining methods of improving environmental conditions or such outputs as crop yields.",Supplemental,55.0,08/2025,Incumbent
19-1029.04,Biologists,176,"Study aquatic plants and animals and environmental conditions affecting them, such as radioactivity or pollution.",Supplemental,55.0,08/2025,Incumbent
19-1029.04,Biologists,188,Study and manage wild animal populations.,Supplemental,55.0,08/2025,Incumbent
19-1029.04,Biologists,191,Prepare plans for management of renewable resources.,Supplemental,54.0,08/2025,Incumbent
19-1029.04,Biologists,184,"Measure salinity, acidity, light, oxygen content, and other physical conditions of water to determine their relationship to aquatic life.",Supplemental,55.0,08/2025,Incumbent
19-1029.04,Biologists,194,"Develop pest management and control measures, and conduct risk assessments related to pest exclusion, using scientific methods.",Supplemental,55.0,08/2025,Incumbent
19-1029.04,Biologists,192,"Develop methods and apparatus for securing representative plant, animal, aquatic, or soil samples.",Supplemental,55.0,08/2025,Incumbent
19-1029.04,Biologists,181,"Plan and administer biological research programs for government, research firms, medical industries, or manufacturing firms.",Supplemental,55.0,08/2025,Incumbent
19-1029.04,Biologists,193,"Study reactions of plants, animals, and marine species to parasites.",Supplemental,55.0,08/2025,Incumbent
19-1031.00,Conservation Scientists,22155,"Develop water conservation or harvest plans, using weather information systems, irrigation information management systems, or other sources of daily evapotranspiration (ET) data.",Supplemental,23.0,08/2022,Occupational Expert
19-1031.02,Range Managers,7509,Develop methods for protecting range from fire and rodent damage and for controlling poisonous plants.,Supplemental,58.0,08/2020,Incumbent
19-1031.02,Range Managers,7511,"Develop new and improved instruments and techniques for activities, such as range reseeding.",Supplemental,58.0,08/2020,Incumbent
19-1031.03,Park Naturalists,23960,Provide care for park program animals.,Supplemental,68.0,08/2023,Incumbent
19-1031.03,Park Naturalists,3697,Interview specialists in desired fields to obtain and develop data for park information programs.,Supplemental,68.0,08/2023,Incumbent
19-1031.03,Park Naturalists,3700,Survey park to determine forest conditions and distribution and abundance of fauna and flora.,Supplemental,68.0,08/2023,Incumbent
19-1032.00,Foresters,210,Procure timber from private landowners.,Supplemental,73.0,08/2023,Incumbent
19-1032.00,Foresters,211,Subcontract with loggers or pulpwood cutters for tree removal and to aid in road layout.,Supplemental,74.0,08/2023,Incumbent
19-1032.00,Foresters,201,"Direct, and participate in, forest fire suppression.",Supplemental,74.0,08/2023,Incumbent
19-1032.00,Foresters,217,"Study different tree species' classification, life history, light and soil requirements, adaptation to new environmental conditions and resistance to disease and insects.",Supplemental,74.0,08/2023,Incumbent
19-1032.00,Foresters,203,"Analyze effect of forest conditions on tree growth rates and tree species prevalence and the yield, duration, seed production, growth viability, and germination of different species.",Supplemental,74.0,08/2023,Incumbent
19-1032.00,Foresters,214,"Plan and direct construction and maintenance of recreation facilities, fire towers, trails, roads and bridges, ensuring that they comply with guidelines and regulations set for forested public lands.",Supplemental,74.0,08/2023,Incumbent
19-1032.00,Foresters,209,Conduct public educational programs on forest care and conservation.,Supplemental,73.0,08/2023,Incumbent
19-1032.00,Foresters,213,Monitor wildlife populations and assess the impacts of forest operations on population and habitats.,Supplemental,73.0,08/2023,Incumbent
19-1032.00,Foresters,215,"Contact local forest owners and gain permission to take inventory of the type, amount, and location of all standing timber on the property.",Supplemental,73.0,08/2023,Incumbent
19-1032.00,Foresters,218,Develop new techniques for wood or residue use.,Supplemental,73.0,08/2023,Incumbent
19-1041.00,Epidemiologists,5430,"Teach principles of medicine and medical and laboratory procedures to physicians, residents, students, and technicians.",Supplemental,19.0,08/2023,Occupational Expert
19-1041.00,Epidemiologists,5432,"Prepare and analyze samples to study effects of drugs, gases, pesticides, or microorganisms on cell structure and tissue.",Supplemental,19.0,08/2023,Occupational Expert
19-1042.00,"Medical Scientists, Except Epidemiologists",7518,"Standardize drug dosages, methods of immunization, and procedures for manufacture of drugs and medicinal compounds.",Supplemental,65.0,08/2021,Incumbent
19-1042.00,"Medical Scientists, Except Epidemiologists",7521,Study animal and human health and physiological processes.,Supplemental,65.0,08/2021,Incumbent
19-1042.00,"Medical Scientists, Except Epidemiologists",7519,"Investigate cause, progress, life cycle, or mode of transmission of diseases or parasites.",Supplemental,65.0,08/2021,Incumbent
19-1042.00,"Medical Scientists, Except Epidemiologists",7523,"Use equipment such as atomic absorption spectrometers, electron microscopes, flow cytometers, or chromatography systems.",Supplemental,64.0,08/2021,Incumbent
19-1042.00,"Medical Scientists, Except Epidemiologists",7520,"Confer with health departments, industry personnel, physicians, and others to develop health safety standards and public health improvement programs.",Supplemental,64.0,08/2021,Incumbent
19-1042.00,"Medical Scientists, Except Epidemiologists",7522,"Consult with and advise physicians, educators, researchers, and others regarding medical applications of physics, biology, and chemistry.",Supplemental,64.0,08/2021,Incumbent
19-2011.00,Astronomers,7535,Direct the operations of a planetarium.,Supplemental,23.0,08/2024,Occupational Expert
19-2012.00,Physicists,10910,"Observe the structure and properties of matter, and the transformation and propagation of energy, using equipment such as masers, lasers, and telescopes, to explore and identify the basic principles governing these phenomena.",Supplemental,59.0,08/2020,Incumbent
19-2012.00,Physicists,10911,"Develop theories and laws on the basis of observation and experiments, and apply these theories and laws to problems in areas such as nuclear energy, optics, and aerospace technology.",Supplemental,58.0,08/2020,Incumbent
19-2012.00,Physicists,10908,"Collaborate with other scientists in the design, development, and testing of experimental, industrial, or medical equipment, instrumentation, and procedures.",Supplemental,59.0,08/2020,Incumbent
19-2021.00,Atmospheric and Space Scientists,9076,Direct forecasting services at weather stations or at radio or television broadcasting facilities.,Supplemental,20.0,08/2024,Occupational Expert
19-2021.00,Atmospheric and Space Scientists,9078,Collect air samples from planes or ships over land or sea to study atmospheric composition.,Supplemental,20.0,08/2024,Occupational Expert
19-2021.00,Atmospheric and Space Scientists,20204,"Teach college-level courses on topics such as atmospheric and space science, meteorology, or global climate change.",Supplemental,20.0,08/2024,Occupational Expert
19-2021.00,Atmospheric and Space Scientists,9083,"Design or develop new equipment or methods for meteorological data collection, remote sensing, or related applications.",Supplemental,20.0,08/2024,Occupational Expert
19-2021.00,Atmospheric and Space Scientists,20212,"Research the impact of industrial projects or pollution on climate, air quality, or weather phenomena.",Supplemental,20.0,08/2024,Occupational Expert
19-2021.00,Atmospheric and Space Scientists,19756,"Conduct wind assessment, integration, or validation studies.",Supplemental,20.0,08/2024,Occupational Expert
19-2021.00,Atmospheric and Space Scientists,9079,Conduct numerical simulations of climate conditions to understand and predict global or regional weather patterns.,Supplemental,20.0,08/2024,Occupational Expert
19-2021.00,Atmospheric and Space Scientists,19758,Estimate or predict the effects of global warming over time for specific geographic regions.,Supplemental,20.0,08/2024,Occupational Expert
19-2021.00,Atmospheric and Space Scientists,19757,"Create visualizations to illustrate historical or future changes in the Earth's climate, using paleoclimate or climate geographic information systems (GIS) databases.",Supplemental,20.0,08/2024,Occupational Expert
19-2032.00,Materials Scientists,9099,Teach in colleges and universities.,Supplemental,21.0,08/2024,Occupational Expert
19-2041.00,"Environmental Scientists and Specialists, Including Health",1515,Evaluate violations or problems discovered during inspections to determine appropriate regulatory actions or to provide advice on the development and prosecution of regulatory cases.,Supplemental,92.0,08/2023,Incumbent
19-2041.00,"Environmental Scientists and Specialists, Including Health",1520,"Analyze data to determine validity, quality, and scientific significance and to interpret correlations between human activities and environmental effects.",Supplemental,93.0,08/2023,Incumbent
19-2041.00,"Environmental Scientists and Specialists, Including Health",1525,Investigate and report on accidents affecting the environment.,Supplemental,93.0,08/2023,Incumbent
19-2041.00,"Environmental Scientists and Specialists, Including Health",1524,"Develop the technical portions of legal documents, administrative orders, or consent decrees.",Supplemental,93.0,08/2023,Incumbent
19-2041.00,"Environmental Scientists and Specialists, Including Health",1531,Design or direct studies to obtain technical environmental information about planned projects.,Supplemental,92.0,08/2023,Incumbent
19-2041.00,"Environmental Scientists and Specialists, Including Health",1522,Determine data collection methods to be employed in research projects or surveys.,Supplemental,92.0,08/2023,Incumbent
19-2041.00,"Environmental Scientists and Specialists, Including Health",15223,"Conduct applied research on environmental topics, such as waste control or treatment or pollution abatement methods.",Supplemental,93.0,08/2023,Incumbent
19-2041.00,"Environmental Scientists and Specialists, Including Health",1528,"Develop programs designed to obtain the most productive, non-damaging use of land.",Supplemental,93.0,08/2023,Incumbent
19-2041.00,"Environmental Scientists and Specialists, Including Health",1534,"Plan or develop research models, using knowledge of mathematical and statistical concepts.",Supplemental,93.0,08/2023,Incumbent
19-2041.00,"Environmental Scientists and Specialists, Including Health",1533,"Develop methods to minimize the impact of production processes on the environment, based on the study and assessment of industrial production, environmental legislation, and physical, biological, and social environments.",Supplemental,93.0,08/2023,Incumbent
19-2041.03,Industrial Ecologists,16890,Develop or test protocols to monitor ecosystem components and ecological processes.,Supplemental,23.0,08/2021,Occupational Expert
19-2041.03,Industrial Ecologists,19981,"Research environmental effects of land and water use to determine methods of improving environmental conditions or increasing outputs, such as crop yields.",Supplemental,23.0,08/2021,Occupational Expert
19-2041.03,Industrial Ecologists,16883,"Provide industrial managers with technical materials on environmental issues, regulatory guidelines, or compliance actions.",Supplemental,23.0,08/2021,Occupational Expert
19-2041.03,Industrial Ecologists,16896,"Conduct applied research on the effects of industrial processes on the protection, restoration, inventory, monitoring, or reintroduction of species to the natural environment.",Supplemental,23.0,08/2021,Occupational Expert
19-2041.03,Industrial Ecologists,16892,"Conduct scientific protection, mitigation, or restoration projects to prevent resource damage, maintain the integrity of critical habitats, and minimize the impact of human activities.",Supplemental,23.0,08/2021,Occupational Expert
19-2041.03,Industrial Ecologists,16879,Investigate accidents affecting the environment to assess ecological impact.,Supplemental,23.0,08/2021,Occupational Expert
19-2041.03,Industrial Ecologists,19967,"Conduct analyses to determine the maximum amount of work that can be accomplished for a given amount of energy in a system, such as industrial production systems and waste treatment systems.",Supplemental,23.0,08/2021,Occupational Expert
19-2041.03,Industrial Ecologists,16880,Investigate the adaptability of various animal and plant species to changed environmental conditions.,Supplemental,23.0,08/2021,Occupational Expert
19-2042.00,"Geoscientists, Except Hydrologists and Geographers",3707,"Assess ground or surface water movement to provide advice on issues, such as waste management, route and site selection, or the restoration of contaminated sites.",Supplemental,32.0,08/2020,Occupational Expert
19-2042.00,"Geoscientists, Except Hydrologists and Geographers",20392,"Inspect construction projects to analyze engineering problems, using test equipment or drilling machinery.",Supplemental,32.0,08/2020,Occupational Expert
19-2042.00,"Geoscientists, Except Hydrologists and Geographers",19768,Provide advice on the safe siting of new nuclear reactor projects or methods of nuclear waste management.,Supplemental,32.0,08/2020,Occupational Expert
19-2042.00,"Geoscientists, Except Hydrologists and Geographers",15226,"Design geological mine maps, monitor mine structural integrity, or advise and monitor mining crews.",Supplemental,32.0,08/2020,Occupational Expert
19-2042.00,"Geoscientists, Except Hydrologists and Geographers",19771,Review work plans to determine the effectiveness of activities for mitigating soil or groundwater contamination.,Supplemental,32.0,08/2020,Occupational Expert
19-2042.00,"Geoscientists, Except Hydrologists and Geographers",3714,"Test industrial diamonds or abrasives, soil, or rocks to determine their geological characteristics, using optical, x-ray, heat, acid, or precision instruments.",Supplemental,32.0,08/2020,Occupational Expert
19-2042.00,"Geoscientists, Except Hydrologists and Geographers",19772,"Study historical climate change indicators found in locations, such as ice sheets or rock formations to develop climate change models.",Supplemental,32.0,08/2020,Occupational Expert
19-2042.00,"Geoscientists, Except Hydrologists and Geographers",19763,Develop strategies for more environmentally friendly resource extraction and reclamation.,Supplemental,32.0,08/2020,Occupational Expert
19-2042.00,"Geoscientists, Except Hydrologists and Geographers",20393,"Identify deposits of construction materials suitable for use as concrete aggregates, road fill, or other applications.",Supplemental,32.0,08/2020,Occupational Expert
19-2042.00,"Geoscientists, Except Hydrologists and Geographers",19765,"Identify new sources of platinum group elements for industrial applications, such as automotive fuel cells or pollution abatement systems.",Supplemental,32.0,08/2020,Occupational Expert
19-2042.00,"Geoscientists, Except Hydrologists and Geographers",19767,Locate potential sources of geothermal energy.,Supplemental,32.0,08/2020,Occupational Expert
19-2042.00,"Geoscientists, Except Hydrologists and Geographers",19770,Research ways to reduce the ecological footprint of increasingly prevalent megacities.,Supplemental,32.0,08/2020,Occupational Expert
19-2042.00,"Geoscientists, Except Hydrologists and Geographers",19760,Collaborate with medical or health researchers to address health problems related to geological materials or processes.,Supplemental,31.0,08/2020,Occupational Expert
19-2042.00,"Geoscientists, Except Hydrologists and Geographers",19762,Determine ways to mitigate the negative consequences of mineral dust dispersion.,Supplemental,31.0,08/2020,Occupational Expert
19-2042.00,"Geoscientists, Except Hydrologists and Geographers",19766,Identify possible sites for carbon sequestration projects.,Supplemental,32.0,08/2020,Occupational Expert
19-2042.00,"Geoscientists, Except Hydrologists and Geographers",19764,Develop ways to capture or use gases burned off as waste during oil production processes.,Supplemental,32.0,08/2020,Occupational Expert
19-2042.00,"Geoscientists, Except Hydrologists and Geographers",19769,Research geomechanical or geochemical processes to be used in carbon sequestration projects.,Supplemental,31.0,08/2020,Occupational Expert
19-2042.00,"Geoscientists, Except Hydrologists and Geographers",3716,Develop applied software for the analysis and interpretation of geological data.,Supplemental,32.0,08/2020,Occupational Expert
19-2042.00,"Geoscientists, Except Hydrologists and Geographers",19761,Determine methods to incorporate geomethane or methane hydrates into global energy production or evaluate the potential environmental impacts of such incorporation.,Supplemental,32.0,08/2020,Occupational Expert
19-2043.00,Hydrologists,9117,"Design civil works associated with hydrographic activities and supervise their construction, installation, and maintenance.",Supplemental,23.0,08/2018,Occupational Expert
19-2043.00,Hydrologists,9122,Compile and evaluate hydrologic information to prepare navigational charts and maps and to predict atmospheric conditions.,Supplemental,22.0,08/2018,Occupational Expert
19-3011.00,Economists,7543,"Forecast production and consumption of renewable resources and supply, consumption, and depletion of non-renewable resources.",Supplemental,24.0,08/2024,Occupational Expert
19-3011.01,Environmental Economists,16900,Identify and recommend environmentally friendly business practices.,Supplemental,27.0,08/2020,Occupational Expert
19-3011.01,Environmental Economists,16899,Interpret indicators to ascertain the overall health of an environment.,Supplemental,27.0,08/2020,Occupational Expert
19-3032.00,Industrial-Organizational Psychologists,7575,Participate in mediation and dispute resolution.,Supplemental,26.0,08/2023,Occupational Expert
19-3032.00,Industrial-Organizational Psychologists,7574,"Study consumers' reactions to new products and package designs, and to advertising efforts, using surveys and tests.",Supplemental,26.0,08/2023,Occupational Expert
19-3033.00,Clinical and Counseling Psychologists,22181,"Observe individuals at play, in group interactions, or in other contexts to detect indications of cognitive, intellectual, or developmental disabilities.",Supplemental,25.0,08/2024,Occupational Expert
19-3033.00,Clinical and Counseling Psychologists,22189,"Plan, supervise, and conduct psychological research and write papers describing research results.",Supplemental,25.0,08/2024,Occupational Expert
19-3033.00,Clinical and Counseling Psychologists,22187,Provide psychological or administrative services and advice to private firms or community agencies regarding mental health programs or individual cases.,Supplemental,25.0,08/2024,Occupational Expert
19-3034.00,School Psychologists,5463,Conduct research to generate new knowledge that can be used to address learning and behavior issues.,Supplemental,62.0,08/2019,Incumbent
19-3091.00,Anthropologists and Archeologists,22238,"Record the exact locations and conditions of artifacts uncovered in diggings or surveys, using drawings and photographs as necessary.",Supplemental,20.0,08/2024,Occupational Expert
19-3091.00,Anthropologists and Archeologists,22239,"Assess archeological sites for resource management, development, or conservation purposes and recommend methods for site protection.",Supplemental,20.0,08/2024,Occupational Expert
19-3091.00,Anthropologists and Archeologists,22240,Gather and analyze artifacts and skeletal remains to increase knowledge of ancient cultures.,Supplemental,20.0,08/2024,Occupational Expert
19-3091.00,Anthropologists and Archeologists,22237,Compare findings from one site with archeological data from other sites to find similarities or differences.,Supplemental,20.0,08/2024,Occupational Expert
19-3091.00,Anthropologists and Archeologists,22235,"Describe artifacts' physical properties or attributes, such as the materials from which artifacts are made and their size, shape, function, and decoration.",Supplemental,20.0,08/2024,Occupational Expert
19-3091.00,Anthropologists and Archeologists,22241,"Collect artifacts made of stone, bone, metal, and other materials, placing them in bags and marking them to show where they were found.",Supplemental,20.0,08/2024,Occupational Expert
19-3091.00,Anthropologists and Archeologists,22231,"Study objects and structures recovered by excavation to identify, date, and authenticate them and to interpret their significance.",Supplemental,20.0,08/2024,Occupational Expert
19-3091.00,Anthropologists and Archeologists,22243,"Consult site reports, existing artifacts, and topographic maps to identify archeological sites.",Supplemental,20.0,08/2024,Occupational Expert
19-3091.00,Anthropologists and Archeologists,22251,"Clean, restore, and preserve artifacts.",Supplemental,20.0,08/2024,Occupational Expert
19-3091.00,Anthropologists and Archeologists,22258,"Participate in forensic activities, such as tooth and bone structure identification, in conjunction with police departments and pathologists.",Supplemental,20.0,08/2024,Occupational Expert
19-3093.00,Historians,3735,Coordinate activities of workers engaged in cataloging and filing materials.,Supplemental,70.0,08/2025,Incumbent
19-3093.00,Historians,3732,Collect detailed information on individuals for use in biographies.,Supplemental,70.0,08/2025,Incumbent
19-3093.00,Historians,3721,"Teach and conduct research in colleges, universities, museums, and other research agencies and schools.",Supplemental,70.0,08/2025,Incumbent
19-3093.00,Historians,3736,Edit historical society publications.,Supplemental,70.0,08/2025,Incumbent
19-3093.00,Historians,3731,Translate or request translation of reference materials.,Supplemental,70.0,08/2025,Incumbent
19-3094.00,Political Scientists,5525,"Consult with and advise government officials, civic bodies, research agencies, the media, political parties, and others concerned with political issues.",Supplemental,26.0,08/2022,Occupational Expert
19-3094.00,Political Scientists,5522,"Evaluate programs and policies, and make related recommendations to institutions and organizations.",Supplemental,26.0,08/2022,Occupational Expert
19-3094.00,Political Scientists,5526,Provide media commentary or criticism related to public policy and political issues and events.,Supplemental,26.0,08/2022,Occupational Expert
19-3094.00,Political Scientists,5523,"Write drafts of legislative proposals, and prepare speeches, correspondence, and policy papers for governmental use.",Supplemental,26.0,08/2022,Occupational Expert
19-3099.01,Transportation Planners,16935,Represent jurisdictions in the legislative or administrative approval of land development projects.,Supplemental,20.0,08/2023,Occupational Expert
19-4012.00,Agricultural Technicians,19781,"Conduct studies of nitrogen or alternative fertilizer application methods, quantities, or timing to ensure satisfaction of crop needs and minimization of leaching, runoff, or denitrification.",Supplemental,56.0,08/2024,Incumbent
19-4012.00,Agricultural Technicians,20528,"Prepare laboratory samples for analysis, following proper protocols to ensure that they will be stored, prepared, and disposed of efficiently and effectively.",Supplemental,55.0,08/2024,Incumbent
19-4012.00,Agricultural Technicians,20526,Measure or weigh ingredients used in laboratory testing.,Supplemental,56.0,08/2024,Incumbent
19-4012.00,Agricultural Technicians,20535,Perform tests on seeds to evaluate seed viability.,Supplemental,56.0,08/2024,Incumbent
19-4012.00,Agricultural Technicians,5530,"Prepare data summaries, reports, or analyses that include results, charts, or graphs to document research findings and results.",Supplemental,56.0,08/2024,Incumbent
19-4012.00,Agricultural Technicians,20534,"Perform laboratory or field testing, using spectrometers, nitrogen determination apparatus, air samplers, centrifuges, or potential hydrogen (pH) meters to perform tests.",Supplemental,54.0,08/2024,Incumbent
19-4012.00,Agricultural Technicians,20531,"Supervise pest or weed control operations, including locating and identifying pests or weeds, selecting chemicals and application methods, or scheduling application.",Supplemental,55.0,08/2024,Incumbent
19-4012.00,Agricultural Technicians,5543,Devise cultural methods or environmental controls for plants for which guidelines are sketchy or nonexistent.,Supplemental,55.0,08/2024,Incumbent
19-4012.00,Agricultural Technicians,5538,Conduct insect or plant disease surveys.,Supplemental,55.0,08/2024,Incumbent
19-4012.00,Agricultural Technicians,5540,"Perform general nursery duties, such as propagating standard varieties of plant materials, collecting and germinating seeds, maintaining cuttings of plants, or controlling environmental conditions.",Supplemental,54.0,08/2024,Incumbent
19-4012.00,Agricultural Technicians,19782,"Record environmental data from field samples of soil, air, water, or pests to monitor the effectiveness of integrated pest management (IPM) practices.",Supplemental,55.0,08/2024,Incumbent
19-4012.00,Agricultural Technicians,20537,Determine the germination rates of seeds planted in specified areas.,Supplemental,55.0,08/2024,Incumbent
19-4012.00,Agricultural Technicians,5547,"Transplant trees, vegetables, or horticultural plants.",Supplemental,54.0,08/2024,Incumbent
19-4012.00,Agricultural Technicians,20536,"Prepare culture media, following standard procedures.",Supplemental,53.0,08/2024,Incumbent
19-4012.00,Agricultural Technicians,20532,Respond to general inquiries or requests from the public.,Supplemental,56.0,08/2024,Incumbent
19-4012.00,Agricultural Technicians,5549,Prepare or present agricultural demonstrations.,Supplemental,54.0,08/2024,Incumbent
19-4012.00,Agricultural Technicians,19780,"Assess comparative soil erosion from various planting or tillage systems, such as conservation tillage with mulch or ridge till systems, no-till systems, or conventional tillage systems with or without moldboard plows.",Supplemental,54.0,08/2024,Incumbent
19-4013.00,Food Science Technicians,20398,Prepare or incubate slides with cell cultures.,Supplemental,58.0,08/2023,Incumbent
19-4013.00,Food Science Technicians,7584,"Mix, blend, or cultivate ingredients to make reagents or to manufacture food or beverage products.",Supplemental,57.0,08/2023,Incumbent
19-4021.00,Biological Technicians,3745,"Participate in the research, development, or manufacturing of medicinal and pharmaceutical preparations.",Supplemental,72.0,07/2017,Incumbent
19-4021.00,Biological Technicians,3752,Feed livestock or laboratory animals.,Supplemental,72.0,07/2017,Incumbent
19-4021.00,Biological Technicians,3746,"Conduct standardized biological, microbiological or biochemical tests and laboratory analyses to evaluate the quantity or quality of physical or chemical substances in food or other products.",Supplemental,72.0,07/2017,Incumbent
19-4021.00,Biological Technicians,3750,Examine animals and specimens to detect the presence of disease or other problems.,Supplemental,73.0,07/2017,Incumbent
19-4021.00,Biological Technicians,3748,Measure or weigh compounds and solutions for use in testing or animal feed.,Supplemental,73.0,07/2017,Incumbent
19-4031.00,Chemical Technicians,1546,"Operate experimental pilot plants, assisting with experimental design.",Supplemental,47.0,08/2021,Incumbent
19-4031.00,Chemical Technicians,1545,Direct or monitor other workers producing chemical products.,Supplemental,48.0,08/2021,Incumbent
19-4031.00,Chemical Technicians,1548,Design or fabricate experimental apparatus to develop new products or processes.,Supplemental,47.0,08/2021,Incumbent
19-4031.00,Chemical Technicians,1547,Develop new chemical engineering processes or production techniques.,Supplemental,47.0,08/2021,Incumbent
19-4042.00,"Environmental Science and Protection Technicians, Including Health",1558,Initiate procedures to close down or fine establishments violating environmental or health regulations.,Supplemental,22.0,08/2023,Occupational Expert
19-4042.00,"Environmental Science and Protection Technicians, Including Health",1555,Inspect sanitary conditions at public facilities.,Supplemental,22.0,08/2023,Occupational Expert
19-4042.00,"Environmental Science and Protection Technicians, Including Health",1559,Determine amounts and kinds of chemicals to use in destroying harmful organisms or removing impurities from purification systems.,Supplemental,22.0,08/2023,Occupational Expert
19-4042.00,"Environmental Science and Protection Technicians, Including Health",1567,"Examine and analyze material for presence and concentration of contaminants, such as asbestos, using variety of microscopes.",Supplemental,21.0,08/2023,Occupational Expert
19-4042.00,"Environmental Science and Protection Technicians, Including Health",1564,"Distribute permits, closure plans, or cleanup plans.",Supplemental,22.0,08/2023,Occupational Expert
19-4043.00,"Geological Technicians, Except Hydrologic Technicians",22273,Operate or adjust equipment or apparatus used to obtain geological data.,Supplemental,,11/2020,Analyst - Transition
19-4043.00,"Geological Technicians, Except Hydrologic Technicians",22274,Plan and direct activities of workers who operate equipment to collect data.,Supplemental,,11/2020,Analyst - Transition
19-4043.00,"Geological Technicians, Except Hydrologic Technicians",22275,Set up or direct set-up of instruments used to collect geological data.,Supplemental,,11/2020,Analyst - Transition
19-4043.00,"Geological Technicians, Except Hydrologic Technicians",22276,Record readings in order to compile data used in prospecting for oil or gas.,Supplemental,,11/2020,Analyst - Transition
19-4043.00,"Geological Technicians, Except Hydrologic Technicians",22277,"Create photographic recordings of information, using equipment.",Supplemental,,11/2020,Analyst - Transition
19-4043.00,"Geological Technicians, Except Hydrologic Technicians",22278,"Measure geological characteristics used in prospecting for oil or gas, using measuring instruments.",Supplemental,,11/2020,Analyst - Transition
19-4043.00,"Geological Technicians, Except Hydrologic Technicians",22279,Participate in the evaluation of possible mining locations.,Supplemental,,11/2020,Analyst - Transition
19-4043.00,"Geological Technicians, Except Hydrologic Technicians",22280,Assess the environmental impacts of development projects on subsurface materials.,Supplemental,,11/2020,Analyst - Transition
19-4043.00,"Geological Technicians, Except Hydrologic Technicians",22281,"Evaluate and interpret core samples and cuttings, and other geological data used in prospecting for oil or gas.",Supplemental,,11/2020,Analyst - Transition
19-4043.00,"Geological Technicians, Except Hydrologic Technicians",22282,"Supervise well exploration, drilling activities, or well completions.",Supplemental,,11/2020,Analyst - Transition
19-4043.00,"Geological Technicians, Except Hydrologic Technicians",22283,"Inspect engines for wear or defective parts, using equipment or measuring devices.",Supplemental,,11/2020,Analyst - Transition
19-4043.00,"Geological Technicians, Except Hydrologic Technicians",22285,Collaborate with hydrogeologists to evaluate groundwater or well circulation.,Supplemental,,11/2020,Analyst - Transition
19-4051.00,Nuclear Technicians,22315,"Monitor instruments, gauges, or recording devices under direction of nuclear experimenters.",Supplemental,,11/2020,Analyst - Transition
19-4051.00,Nuclear Technicians,22316,"Perform testing, maintenance, repair, or upgrading of accelerator systems.",Supplemental,,11/2020,Analyst - Transition
19-4051.00,Nuclear Technicians,22318,Warn maintenance workers of radiation hazards and direct workers to vacate hazardous areas.,Supplemental,,11/2020,Analyst - Transition
19-4051.00,Nuclear Technicians,22319,"Calculate equipment operating factors, such as radiation times, dosages, temperatures, gamma intensities, or pressures, using standard formulas and conversion tables.",Supplemental,,11/2020,Analyst - Transition
19-4051.00,Nuclear Technicians,22320,"Measure the intensity and identify the types of radiation in work areas, equipment, or materials, using radiation detectors or other instruments.",Supplemental,,11/2020,Analyst - Transition
19-4051.00,Nuclear Technicians,22321,"Communicate with accelerator maintenance personnel to ensure readiness of support systems, such as vacuum, water cooling, or radio frequency power sources.",Supplemental,,11/2020,Analyst - Transition
19-4051.00,Nuclear Technicians,22323,"Identify and implement appropriate decontamination procedures, based on equipment and the size, nature, and type of contamination.",Supplemental,,11/2020,Analyst - Transition
19-4051.00,Nuclear Technicians,22324,"Decontaminate objects by cleaning them using soap or solvents or by abrading using brushes, buffing machines, or sandblasting machines.",Supplemental,,11/2020,Analyst - Transition
19-4051.00,Nuclear Technicians,22326,"Collect air, water, gas or solid samples for testing to determine radioactivity levels or to ensure appropriate radioactive containment.",Supplemental,,11/2020,Analyst - Transition
19-4051.02,Nuclear Monitoring Technicians,7610,Enter data into computers to record characteristics of nuclear events or to locate coordinates of particles.,Supplemental,118.0,07/2014,Incumbent
19-4051.02,Nuclear Monitoring Technicians,7608,"Calibrate and maintain chemical instrumentation sensing elements and sampling system equipment, using calibration instruments and hand tools.",Supplemental,118.0,07/2014,Incumbent
19-4061.00,Social Science Research Assistants,12954,Obtain informed consent of research subjects or their guardians.,Supplemental,70.0,08/2019,Incumbent
19-4061.00,Social Science Research Assistants,12967,"Administer standardized tests to research subjects, or interview them to collect research data.",Supplemental,70.0,08/2019,Incumbent
19-4061.00,Social Science Research Assistants,12968,Recruit and schedule research participants.,Supplemental,70.0,08/2019,Incumbent
19-4061.00,Social Science Research Assistants,12966,Screen potential subjects to determine their suitability as study participants.,Supplemental,70.0,08/2019,Incumbent
19-4061.00,Social Science Research Assistants,12969,"Track research participants, and perform any necessary follow-up tasks.",Supplemental,71.0,08/2019,Incumbent
19-4061.00,Social Science Research Assistants,12958,Edit and submit protocols and other required research documentation.,Supplemental,71.0,08/2019,Incumbent
19-4061.00,Social Science Research Assistants,12964,Code data in preparation for computer entry.,Supplemental,71.0,08/2019,Incumbent
19-4061.00,Social Science Research Assistants,12972,Track laboratory supplies and expenses such as participant reimbursement.,Supplemental,71.0,08/2019,Incumbent
19-4061.00,Social Science Research Assistants,12965,Provide assistance in the design of survey instruments such as questionnaires.,Supplemental,70.0,08/2019,Incumbent
19-4061.00,Social Science Research Assistants,12971,Supervise the work of survey interviewers.,Supplemental,70.0,08/2019,Incumbent
19-4061.00,Social Science Research Assistants,12973,Perform needs assessments or consult with clients to determine the types of research and information required.,Supplemental,71.0,08/2019,Incumbent
19-4061.00,Social Science Research Assistants,12970,Allocate and manage laboratory space and resources.,Supplemental,71.0,08/2019,Incumbent
19-4071.00,Forest and Conservation Technicians,5571,Keep records of the amount and condition of logs taken to mills.,Supplemental,94.0,08/2018,Incumbent
19-4071.00,Forest and Conservation Technicians,5567,"Manage forest protection activities, including fire control, fire crew training, and coordination of fire detection and public education programs.",Supplemental,94.0,08/2018,Incumbent
19-4071.00,Forest and Conservation Technicians,5564,Monitor activities of logging companies and contractors.,Supplemental,93.0,08/2018,Incumbent
19-4071.00,Forest and Conservation Technicians,5578,"Perform reforestation or forest renewal, including nursery and silviculture operations, site preparation, seeding and tree planting programs, cone collection, and tree improvement.",Supplemental,95.0,08/2018,Incumbent
19-4071.00,Forest and Conservation Technicians,5576,Plan and supervise construction of access routes and forest roads.,Supplemental,94.0,08/2018,Incumbent
19-4071.00,Forest and Conservation Technicians,5565,"Select and mark trees for thinning or logging, drawing detailed plans that include access roads.",Supplemental,95.0,08/2018,Incumbent
19-4071.00,Forest and Conservation Technicians,5572,"Supervise forest nursery operations, timber harvesting, land use activities such as livestock grazing, and disease or insect control programs.",Supplemental,95.0,08/2018,Incumbent
19-4071.00,Forest and Conservation Technicians,5574,Develop and maintain computer databases.,Supplemental,94.0,08/2018,Incumbent
19-4071.00,Forest and Conservation Technicians,5581,"Inspect trees and collect samples of plants, seeds, foliage, bark, and roots to locate insect and disease damage.",Supplemental,95.0,08/2018,Incumbent
19-4071.00,Forest and Conservation Technicians,5575,"Measure distances, clean sightlines, and record data to help survey crews.",Supplemental,92.0,08/2018,Incumbent
19-4071.00,Forest and Conservation Technicians,5573,"Issue fire permits, timber permits, and other forest use licenses.",Supplemental,95.0,08/2018,Incumbent
19-4071.00,Forest and Conservation Technicians,5568,"Survey, measure, and map access roads and forest areas such as burns, cut-over areas, experimental plots, and timber sales sections.",Supplemental,94.0,08/2018,Incumbent
19-4071.00,Forest and Conservation Technicians,5577,"Provide forestry education and general information, advice, and recommendations to woodlot owners, community organizations, and the general public.",Supplemental,93.0,08/2018,Incumbent
19-4071.00,Forest and Conservation Technicians,5580,"Provide technical support to forestry research programs in areas such as tree improvement, seed orchard operations, insect and disease surveys, or experimental forestry and forest engineering research.",Supplemental,95.0,08/2018,Incumbent
19-4071.00,Forest and Conservation Technicians,5579,"Conduct laboratory or field experiments with plants, animals, insects, diseases, and soils.",Supplemental,94.0,08/2018,Incumbent
19-4092.00,Forensic Science Technicians,23967,"Examine physical evidence, such as hair, biological fluids, fiber, wood, or soil residues to obtain information about its source and composition.",Supplemental,83.0,08/2023,Incumbent
19-4092.00,Forensic Science Technicians,1580,Reconstruct crime scenes to determine relationships among pieces of evidence.,Supplemental,83.0,08/2023,Incumbent
19-4092.00,Forensic Science Technicians,20401,Determine types of bullets and specific weapons used in shootings.,Supplemental,83.0,08/2023,Incumbent
19-4092.00,Forensic Science Technicians,20400,Review forensic analysts' reports for technical merit.,Supplemental,83.0,08/2023,Incumbent
19-4092.00,Forensic Science Technicians,1573,"Interpret laboratory findings or test results to identify and classify substances, materials, or other evidence collected at crime scenes.",Supplemental,83.0,08/2023,Incumbent
19-4092.00,Forensic Science Technicians,1590,"Compare objects, such as tools, with impression marks to determine whether a specific object is responsible for a specific mark.",Supplemental,83.0,08/2023,Incumbent
19-4092.00,Forensic Science Technicians,1578,"Identify and quantify drugs or poisons found in biological fluids or tissues, in foods, or at crime scenes.",Supplemental,83.0,08/2023,Incumbent
19-4092.00,Forensic Science Technicians,1587,"Examine firearms to determine mechanical condition and legal status, performing restoration work on damaged firearms to obtain information, such as serial numbers.",Supplemental,83.0,08/2023,Incumbent
19-4092.00,Forensic Science Technicians,23969,Analyze data from computers or other digital media sources for evidence related to criminal activity.,Supplemental,83.0,08/2023,Incumbent
19-4099.01,Quality Control Analysts,16969,Prepare or review required method transfer documentation including technical transfer protocols or reports.,Supplemental,54.0,08/2020,Incumbent
19-4099.01,Quality Control Analysts,16968,Review data from contract laboratories to ensure accuracy and regulatory compliance.,Supplemental,55.0,08/2020,Incumbent
19-4099.01,Quality Control Analysts,16962,Develop and qualify new testing methods.,Supplemental,55.0,08/2020,Incumbent
19-4099.01,Quality Control Analysts,16963,Coordinate testing with contract laboratories and vendors.,Supplemental,55.0,08/2020,Incumbent
19-4099.01,Quality Control Analysts,16960,Evaluate new technologies and methods to make recommendations regarding their use.,Supplemental,55.0,08/2020,Incumbent
19-4099.03,Remote Sensing Technicians,16994,Correct raw data for errors due to factors such as skew or atmospheric variation.,Supplemental,68.0,07/2012,Incumbent
19-4099.03,Remote Sensing Technicians,16995,Calibrate data collection equipment.,Supplemental,68.0,07/2012,Incumbent
19-4099.03,Remote Sensing Technicians,16993,Develop or maintain geospatial information databases.,Supplemental,68.0,07/2012,Incumbent
19-4099.03,Remote Sensing Technicians,16989,"Monitor raw data quality during collection, and make equipment corrections as necessary.",Supplemental,68.0,07/2012,Incumbent
19-4099.03,Remote Sensing Technicians,16982,Maintain records of survey data.,Supplemental,68.0,07/2012,Incumbent
19-4099.03,Remote Sensing Technicians,16992,"Evaluate remote sensing project requirements to determine the types of equipment or computer software necessary to meet project requirements, such as specific image types or output resolutions.",Supplemental,68.0,07/2012,Incumbent
19-4099.03,Remote Sensing Technicians,16985,"Collect verification data on the ground, using equipment such as global positioning receivers, digital cameras, or notebook computers.",Supplemental,68.0,07/2012,Incumbent
19-4099.03,Remote Sensing Technicians,16983,Document methods used and write technical reports containing information collected.,Supplemental,68.0,07/2012,Incumbent
19-4099.03,Remote Sensing Technicians,16984,Develop specialized computer software routines to customize and integrate image analysis.,Supplemental,68.0,07/2012,Incumbent
19-5011.00,Occupational Health and Safety Specialists,11079,"Maintain inventories of hazardous materials or hazardous wastes, using waste tracking systems to ensure that materials are handled properly.",Supplemental,23.0,08/2024,Occupational Expert
19-5011.00,Occupational Health and Safety Specialists,11080,"Prepare hazardous, radioactive, or mixed waste samples for transportation or storage by treating, compacting, packaging, and labeling them.",Supplemental,23.0,08/2024,Occupational Expert
19-5011.00,Occupational Health and Safety Specialists,11081,Perform laboratory analyses or physical inspections of samples to detect disease or to assess purity or cleanliness.,Supplemental,23.0,08/2024,Occupational Expert
19-5012.00,Occupational Health and Safety Technicians,11100,Help direct rescue or firefighting operations in the event of a fire or an explosion.,Supplemental,21.0,08/2024,Occupational Expert
19-5012.00,Occupational Health and Safety Technicians,19817,Test or balance newly installed HVAC systems to determine whether indoor air quality standards are met.,Supplemental,21.0,08/2024,Occupational Expert
19-5012.00,Occupational Health and Safety Technicians,11101,"Confer with schools, state authorities, or community groups to develop health standards or programs.",Supplemental,21.0,08/2024,Occupational Expert
19-5012.00,Occupational Health and Safety Technicians,19814,Collect data related to ecological or human health risks at brownfield sites.,Supplemental,21.0,08/2024,Occupational Expert
19-5012.00,Occupational Health and Safety Technicians,11095,Conduct interviews to obtain information or evidence regarding communicable diseases or violations of health or sanitation regulations.,Supplemental,21.0,08/2024,Occupational Expert
19-5012.00,Occupational Health and Safety Technicians,19816,Perform tests to identify any potential hazards related to recycled products used at green building sites.,Supplemental,21.0,08/2024,Occupational Expert
19-5012.00,Occupational Health and Safety Technicians,19815,Examine practices at green building sites to determine whether adherence to green building standards alters risks to workers.,Supplemental,21.0,08/2024,Occupational Expert
21-1011.00,Substance Abuse and Behavioral Disorder Counselors,5603,Supervise or direct other workers providing services to clients or patients.,Supplemental,54.0,08/2021,Incumbent
21-1012.00,"Educational, Guidance, and Career Counselors and Advisors",18626,Identify cases of domestic abuse or other family problems and encourage students or parents to seek additional assistance from mental health professionals.,Supplemental,76.0,08/2024,Incumbent
21-1012.00,"Educational, Guidance, and Career Counselors and Advisors",18624,"Confer with parents or guardians, teachers, administrators, and other professionals to discuss children's progress, resolve behavioral, academic, and other problems, and to determine priorities for students and their resource needs.",Supplemental,76.0,08/2024,Incumbent
21-1012.00,"Educational, Guidance, and Career Counselors and Advisors",5633,Provide special services such as alcohol and drug prevention programs and classes that teach students to handle conflicts without resorting to violence.,Supplemental,75.0,08/2024,Incumbent
21-1012.00,"Educational, Guidance, and Career Counselors and Advisors",5634,"Provide students with disabilities with assistive devices, supportive technology, and assistance accessing facilities, such as restrooms.",Supplemental,76.0,08/2024,Incumbent
21-1012.00,"Educational, Guidance, and Career Counselors and Advisors",18632,Establish and enforce administration policies and rules governing student behavior.,Supplemental,76.0,08/2024,Incumbent
21-1012.00,"Educational, Guidance, and Career Counselors and Advisors",18635,"Supervise, train, and direct professional staff and interns.",Supplemental,75.0,08/2024,Incumbent
21-1012.00,"Educational, Guidance, and Career Counselors and Advisors",5636,"Interview clients to obtain information about employment history, educational background, and career goals, and to identify barriers to employment.",Supplemental,76.0,08/2024,Incumbent
21-1012.00,"Educational, Guidance, and Career Counselors and Advisors",5629,"Compile and study occupational, educational, and economic information to assist counselees in determining and carrying out vocational and educational objectives.",Supplemental,75.0,08/2024,Incumbent
21-1012.00,"Educational, Guidance, and Career Counselors and Advisors",18633,Establish contacts with employers to create internship and employment opportunities for students.,Supplemental,76.0,08/2024,Incumbent
21-1012.00,"Educational, Guidance, and Career Counselors and Advisors",5637,Establish and supervise peer-counseling and peer-tutoring programs.,Supplemental,75.0,08/2024,Incumbent
21-1012.00,"Educational, Guidance, and Career Counselors and Advisors",18629,"Observe students during classroom and play activities to evaluate students' performance, behavior, social development, and physical health.",Supplemental,76.0,08/2024,Incumbent
21-1012.00,"Educational, Guidance, and Career Counselors and Advisors",5639,Refer qualified counselees to employers or employment services for job placement.,Supplemental,77.0,08/2024,Incumbent
21-1012.00,"Educational, Guidance, and Career Counselors and Advisors",5640,"Sponsor extracurricular activities, such as clubs, student organizations, and academic contests.",Supplemental,76.0,08/2024,Incumbent
21-1013.00,Marriage and Family Therapists,9193,Follow up on results of counseling programs and clients' adjustments to determine effectiveness of programs.,Supplemental,71.0,08/2020,Incumbent
21-1013.00,Marriage and Family Therapists,9197,"Supervise other counselors, social service staff, and assistants.",Supplemental,72.0,08/2020,Incumbent
21-1013.00,Marriage and Family Therapists,9195,"Gather information from doctors, schools, social workers, juvenile counselors, law enforcement personnel, and others to make recommendations to courts for resolution of child custody or visitation disputes.",Supplemental,72.0,08/2020,Incumbent
21-1013.00,Marriage and Family Therapists,9199,"Write evaluations of parents and children for use by courts deciding divorce and custody cases, testifying in court if necessary.",Supplemental,72.0,08/2020,Incumbent
21-1015.00,Rehabilitation Counselors,20234,"Manage budgets and direct case service allocations, authorizing expenditures and payments.",Supplemental,87.0,08/2020,Incumbent
21-1015.00,Rehabilitation Counselors,21178,Supervise rehabilitation counselors and staff.,Supplemental,86.0,08/2020,Incumbent
21-1015.00,Rehabilitation Counselors,9211,Develop diagnostic procedures to determine clients' needs.,Supplemental,85.0,08/2020,Incumbent
21-1021.00,"Child, Family, and School Social Workers",251,"Place children in foster or adoptive homes, institutions, or medical treatment centers.",Supplemental,63.0,08/2018,Incumbent
21-1021.00,"Child, Family, and School Social Workers",253,Recommend temporary foster care and advise foster or adoptive parents.,Supplemental,64.0,08/2018,Incumbent
21-1021.00,"Child, Family, and School Social Workers",238,"Counsel students whose behavior, school progress, or mental or physical impairment indicate a need for assistance, diagnosing students' problems and arranging for needed services.",Supplemental,63.0,08/2018,Incumbent
21-1021.00,"Child, Family, and School Social Workers",249,Evaluate personal characteristics and home conditions of foster home or adoption applicants.,Supplemental,64.0,08/2018,Incumbent
21-1021.00,"Child, Family, and School Social Workers",255,Conduct social research.,Supplemental,63.0,08/2018,Incumbent
21-1021.00,"Child, Family, and School Social Workers",252,Supervise other social workers.,Supplemental,64.0,08/2018,Incumbent
21-1021.00,"Child, Family, and School Social Workers",256,"Lead group counseling sessions that provide support in such areas as grief, stress, or chemical dependency.",Supplemental,64.0,08/2018,Incumbent
21-1021.00,"Child, Family, and School Social Workers",257,"Serve on policy-making committees, assist in community development, and assist client groups by lobbying for solutions to problems.",Supplemental,64.0,08/2018,Incumbent
21-1021.00,"Child, Family, and School Social Workers",254,Determine clients' eligibility for financial assistance.,Supplemental,64.0,08/2018,Incumbent
21-1022.00,Healthcare Social Workers,259,Investigate child abuse or neglect cases and take authorized protective action when necessary.,Supplemental,27.0,08/2021,Occupational Expert
21-1022.00,Healthcare Social Workers,270,Oversee Medicaid- and Medicare-related paperwork and recordkeeping in hospitals.,Supplemental,27.0,08/2021,Occupational Expert
21-1023.00,Mental Health and Substance Abuse Social Workers,280,"Plan or conduct programs to prevent substance abuse, combat social problems, or improve health or counseling services in community.",Supplemental,69.0,08/2021,Incumbent
21-1023.00,Mental Health and Substance Abuse Social Workers,282,Develop or advise on social policy or assist in community development.,Supplemental,69.0,08/2021,Incumbent
21-1091.00,Health Education Specialists,20235,"Develop educational materials and programs for community agencies, local government, and state government.",Supplemental,61.0,08/2019,Incumbent
21-1092.00,Probation Officers and Correctional Treatment Specialists,1619,"Develop rehabilitation programs for assigned offenders or inmates, establishing rules of conduct, goals, and objectives.",Supplemental,107.0,08/2020,Incumbent
21-1092.00,Probation Officers and Correctional Treatment Specialists,1630,Recommend appropriate penitentiary for initial placement of an offender.,Supplemental,105.0,08/2020,Incumbent
21-1092.00,Probation Officers and Correctional Treatment Specialists,1627,Assess the suitability of penitentiary inmates for release under parole and statutory release programs and submit recommendations to parole boards.,Supplemental,108.0,08/2020,Incumbent
21-1092.00,Probation Officers and Correctional Treatment Specialists,1632,Identify and approve work placements for offenders with community service sentences.,Supplemental,107.0,08/2020,Incumbent
21-1093.00,Social and Human Service Assistants,3758,Oversee day-to-day group activities of residents in institution.,Supplemental,69.0,08/2020,Incumbent
21-1093.00,Social and Human Service Assistants,3770,Assist in locating housing for displaced individuals.,Supplemental,67.0,08/2020,Incumbent
21-1093.00,Social and Human Service Assistants,3765,Consult with supervisor concerning programs for individual families.,Supplemental,69.0,08/2020,Incumbent
21-1093.00,Social and Human Service Assistants,3764,Demonstrate use and care of equipment for tenant use.,Supplemental,66.0,08/2020,Incumbent
21-1093.00,Social and Human Service Assistants,3772,"Assist in planning food budgets, using charts or sample budgets.",Supplemental,69.0,08/2020,Incumbent
21-1093.00,Social and Human Service Assistants,3771,"Assist clients with preparation of forms, such as tax or rent forms.",Supplemental,69.0,08/2020,Incumbent
21-1093.00,Social and Human Service Assistants,3762,"Explain rules established by owner or management, such as sanitation or maintenance requirements or parking regulations.",Supplemental,69.0,08/2020,Incumbent
21-1093.00,Social and Human Service Assistants,3767,Observe clients' food selections and recommend alternate economical and nutritional food choices.,Supplemental,69.0,08/2020,Incumbent
21-1093.00,Social and Human Service Assistants,3763,Observe and discuss meal preparation and suggest alternate methods of food preparation.,Supplemental,67.0,08/2020,Incumbent
21-1093.00,Social and Human Service Assistants,3761,"Transport and accompany clients to shopping areas or to appointments, using automobile.",Supplemental,68.0,08/2020,Incumbent
21-1093.00,Social and Human Service Assistants,3768,"Inform tenants of facilities, such as laundries or playgrounds.",Supplemental,69.0,08/2020,Incumbent
21-1094.00,Community Health Workers,19033,"Perform basic diagnostic procedures, such as blood pressure screening, breast cancer screening, or communicable disease screening.",Supplemental,61.0,07/2013,Incumbent
21-1094.00,Community Health Workers,19016,"Advise clients or community groups on issues related to diagnostic screenings, such as breast cancer screening, pap smears, glaucoma tests, or diabetes screenings.",Supplemental,62.0,07/2013,Incumbent
21-1094.00,Community Health Workers,19018,"Advise clients or community groups on issues related to risk or prevention of conditions, such as lead poisoning, human immunodeficiency virus (HIV), prenatal substance abuse, or domestic violence.",Supplemental,62.0,07/2013,Incumbent
21-1094.00,Community Health Workers,19015,Administer immunizations or other basic preventive treatments.,Supplemental,62.0,07/2013,Incumbent
21-1094.00,Community Health Workers,19029,Identify the particular health care needs of individuals in a community or target area.,Supplemental,61.0,07/2013,Incumbent
21-1094.00,Community Health Workers,19020,"Advise clients or community groups on issues related to self-care, such as diabetes management.",Supplemental,62.0,07/2013,Incumbent
21-1094.00,Community Health Workers,19025,"Conduct home visits for pregnant women, newborn infants, or other high-risk individuals to monitor their progress or assess their needs.",Supplemental,61.0,07/2013,Incumbent
21-1094.00,Community Health Workers,19043,Transport or accompany clients to scheduled health appointments or referral sites.,Supplemental,60.0,07/2013,Incumbent
21-1094.00,Community Health Workers,19023,Advocate for individual or community health needs with government agencies or health service providers.,Supplemental,61.0,07/2013,Incumbent
21-1094.00,Community Health Workers,19042,"Report incidences of child or elder abuse, neglect, or threats of harm to authorities, as required.",Supplemental,61.0,07/2013,Incumbent
21-1094.00,Community Health Workers,19038,"Teach classes or otherwise disseminate medical or dental health information to school groups, community groups, or targeted families or individuals, in a manner consistent with cultural norms.",Supplemental,60.0,07/2013,Incumbent
21-1094.00,Community Health Workers,19019,"Advise clients or community groups on issues related to sanitation or hygiene, such as flossing or hand washing.",Supplemental,62.0,07/2013,Incumbent
21-1094.00,Community Health Workers,19040,Collect information from individuals to compile vital statistics about the general health of community members.,Supplemental,61.0,07/2013,Incumbent
21-1094.00,Community Health Workers,19039,"Assist families to apply for social services, including Medicaid or Women, Infants, and Children (WIC).",Supplemental,61.0,07/2013,Incumbent
21-1094.00,Community Health Workers,19021,"Advise clients or community groups on issues related to social or intellectual development, such as education, childcare, or problem solving.",Supplemental,61.0,07/2013,Incumbent
21-1094.00,Community Health Workers,19034,"Provide basic health services, such as first aid.",Supplemental,61.0,07/2013,Incumbent
21-1094.00,Community Health Workers,19030,"Interpret, translate, or provide cultural mediation related to health services or information for community members.",Supplemental,61.0,07/2013,Incumbent
21-1094.00,Community Health Workers,19032,"Monitor nutrition of children, elderly, or other high-risk groups.",Supplemental,61.0,07/2013,Incumbent
21-1094.00,Community Health Workers,19022,Advise clients or community groups to ensure parental understanding of the importance of childhood immunizations and how to access immunization services.,Supplemental,61.0,07/2013,Incumbent
21-1094.00,Community Health Workers,19041,"Develop plans or formal contracts for individuals, families, or community groups to improve overall health.",Supplemental,60.0,07/2013,Incumbent
21-1094.00,Community Health Workers,19035,Provide feedback to health service providers regarding improving service accessibility or acceptability.,Supplemental,61.0,07/2013,Incumbent
21-2021.00,"Directors, Religious Activities and Education",12992,"Interpret religious education activities to the public through speaking, leading discussions, or writing articles for local or national publications.",Supplemental,56.0,08/2023,Incumbent
21-2021.00,"Directors, Religious Activities and Education",12990,Plan or conduct conferences dealing with the interpretation of religious ideas or convictions.,Supplemental,56.0,08/2023,Incumbent
23-1011.00,Lawyers,3776,Present and summarize cases to judges and juries.,Supplemental,72.0,08/2024,Incumbent
23-1011.00,Lawyers,3781,"Select jurors, argue motions, meet with judges, and question witnesses during the course of a trial.",Supplemental,72.0,08/2024,Incumbent
23-1011.00,Lawyers,3782,Present evidence to defend clients or prosecute defendants in criminal or civil litigation.,Supplemental,71.0,08/2024,Incumbent
23-1011.00,Lawyers,3792,Probate wills and represent and advise executors and administrators of estates.,Supplemental,72.0,08/2024,Incumbent
23-1011.00,Lawyers,3785,"Prepare legal briefs and opinions, and file appeals in state and federal courts of appeal.",Supplemental,71.0,08/2024,Incumbent
23-1011.00,Lawyers,3791,"Act as agent, trustee, guardian, or executor for businesses or individuals.",Supplemental,71.0,08/2024,Incumbent
23-1011.00,Lawyers,3793,"Help develop federal and state programs, draft and interpret laws and legislation, and establish enforcement procedures.",Supplemental,72.0,08/2024,Incumbent
23-1012.00,Judicial Law Clerks,19057,"Enter information into computerized court calendar, filing, or case management systems.",Supplemental,49.0,08/2021,Incumbent
23-1012.00,Judicial Law Clerks,19054,"Verify that all files, complaints, or other papers are available and in the proper order.",Supplemental,49.0,08/2021,Incumbent
23-1012.00,Judicial Law Clerks,19056,Coordinate judges' meeting and appointment schedules.,Supplemental,49.0,08/2021,Incumbent
23-1012.00,Judicial Law Clerks,19049,Participate in conferences or discussions between trial attorneys and judges.,Supplemental,48.0,08/2021,Incumbent
23-1012.00,Judicial Law Clerks,19060,"Prepare periodic reports on court proceedings, as required.",Supplemental,48.0,08/2021,Incumbent
23-1012.00,Judicial Law Clerks,19062,"Supervise law students, volunteers, or other personnel assigned to the court.",Supplemental,49.0,08/2021,Incumbent
23-1012.00,Judicial Law Clerks,19058,Maintain judges' law libraries by assembling or updating appropriate documents.,Supplemental,49.0,08/2021,Incumbent
23-1012.00,Judicial Law Clerks,19059,"Perform courtroom duties, including calling calendars, administering oaths, and swearing in jury panels and witnesses.",Supplemental,48.0,08/2021,Incumbent
23-1021.00,"Administrative Law Judges, Adjudicators, and Hearing Officers",21181,Schedule hearings.,Supplemental,76.0,08/2020,Incumbent
23-1021.00,"Administrative Law Judges, Adjudicators, and Hearing Officers",7629,Conduct studies of appeals procedures in field agencies to ensure adherence to legal requirements and to facilitate determination of cases.,Supplemental,77.0,08/2020,Incumbent
23-1022.00,"Arbitrators, Mediators, and Conciliators",13004,"Interview claimants, agents, or witnesses to obtain information about disputed issues.",Supplemental,20.0,08/2024,Occupational Expert
23-1022.00,"Arbitrators, Mediators, and Conciliators",13012,Conduct studies of appeals procedures to ensure adherence to legal requirements or to facilitate disposition of cases.,Supplemental,20.0,08/2024,Occupational Expert
23-1022.00,"Arbitrators, Mediators, and Conciliators",19807,Specialize in the negotiation and resolution of environmental conflicts involving issues such as natural resource allocation or regional development planning.,Supplemental,20.0,08/2024,Occupational Expert
23-1022.00,"Arbitrators, Mediators, and Conciliators",12997,"Organize or deliver public presentations about mediation to organizations, such as community agencies or schools.",Supplemental,19.0,08/2024,Occupational Expert
23-1022.00,"Arbitrators, Mediators, and Conciliators",13009,Participate in court proceedings.,Supplemental,20.0,08/2024,Occupational Expert
23-1023.00,"Judges, Magistrate Judges, and Magistrates",5658,"Rule on custody and access disputes, and enforce court orders regarding custody and support of children.",Supplemental,63.0,08/2020,Incumbent
23-1023.00,"Judges, Magistrate Judges, and Magistrates",5652,"Conduct preliminary hearings to decide issues, such as whether there is reasonable and probable cause to hold defendants in felony cases.",Supplemental,62.0,08/2020,Incumbent
23-1023.00,"Judges, Magistrate Judges, and Magistrates",5659,Grant divorces and divide assets between spouses.,Supplemental,63.0,08/2020,Incumbent
23-1023.00,"Judges, Magistrate Judges, and Magistrates",5660,Participate in judicial tribunals to help resolve disputes.,Supplemental,62.0,08/2020,Incumbent
23-1023.00,"Judges, Magistrate Judges, and Magistrates",20057,Provide information regarding the judicial system or other legal issues through the media and public speeches.,Supplemental,63.0,08/2020,Incumbent
23-1023.00,"Judges, Magistrate Judges, and Magistrates",5661,Perform wedding ceremonies.,Supplemental,63.0,08/2020,Incumbent
23-2011.00,Paralegals and Legal Assistants,18494,File pleadings with court clerks.,Supplemental,66.0,08/2024,Incumbent
23-2011.00,Paralegals and Legal Assistants,1639,"Direct and coordinate law office activity, including delivery of subpoenas.",Supplemental,67.0,08/2024,Incumbent
23-2011.00,Paralegals and Legal Assistants,1638,Call upon witnesses to testify at hearings.,Supplemental,66.0,08/2024,Incumbent
23-2011.00,Paralegals and Legal Assistants,18496,"Arbitrate disputes between parties and assist in the real estate closing process, such as by reviewing title searches.",Supplemental,66.0,08/2024,Incumbent
23-2011.00,Paralegals and Legal Assistants,1642,Appraise and inventory real and personal property for estate planning.,Supplemental,67.0,08/2024,Incumbent
23-2011.00,Paralegals and Legal Assistants,1641,Keep and monitor legal volumes to ensure that the law library is up-to-date.,Supplemental,67.0,08/2024,Incumbent
23-2093.00,"Title Examiners, Abstractors, and Searchers",9241,"Prepare and issue title commitments and title insurance policies, based on information compiled from title searches.",Supplemental,48.0,07/2017,Incumbent
23-2093.00,"Title Examiners, Abstractors, and Searchers",9239,"Direct activities of workers who search records and examine titles, assigning, scheduling, and evaluating work, and providing technical guidance as necessary.",Supplemental,46.0,07/2017,Incumbent
23-2093.00,"Title Examiners, Abstractors, and Searchers",9245,"Determine whether land-related documents can be registered under the relevant legislation, such as the Land Titles Act.",Supplemental,47.0,07/2017,Incumbent
23-2093.00,"Title Examiners, Abstractors, and Searchers",9246,Assess fees related to registration of property-related documents.,Supplemental,48.0,07/2017,Incumbent
23-2093.00,"Title Examiners, Abstractors, and Searchers",9242,"Summarize pertinent legal or insurance details, or sections of statutes or case law from reference books for use in examinations or as proofs or ready reference.",Supplemental,48.0,07/2017,Incumbent
25-1011.00,"Business Teachers, Postsecondary",5679,"Perform administrative duties, such as serving as department head.",Supplemental,105.0,08/2019,Incumbent
25-1011.00,"Business Teachers, Postsecondary",5675,"Participate in student recruitment, registration, and placement activities.",Supplemental,105.0,08/2019,Incumbent
25-1011.00,"Business Teachers, Postsecondary",5682,Act as advisers to student organizations.,Supplemental,104.0,08/2019,Incumbent
25-1011.00,"Business Teachers, Postsecondary",5680,"Supervise undergraduate or graduate teaching, internship, and research work.",Supplemental,103.0,08/2019,Incumbent
25-1011.00,"Business Teachers, Postsecondary",5683,Provide professional consulting services to government or industry.,Supplemental,103.0,08/2019,Incumbent
25-1011.00,"Business Teachers, Postsecondary",5684,Write grant proposals to procure external research funding.,Supplemental,104.0,08/2019,Incumbent
25-1021.00,"Computer Science Teachers, Postsecondary",5704,Direct research of other teachers or of graduate students working for advanced academic degrees.,Supplemental,90.0,08/2019,Incumbent
25-1021.00,"Computer Science Teachers, Postsecondary",5701,"Supervise undergraduate or graduate teaching, internship, and research work.",Supplemental,90.0,08/2019,Incumbent
25-1021.00,"Computer Science Teachers, Postsecondary",5703,"Conduct research in a particular field of knowledge and publish findings in professional journals, books, or electronic media.",Supplemental,90.0,08/2019,Incumbent
25-1021.00,"Computer Science Teachers, Postsecondary",5693,Supervise students' laboratory work.,Supplemental,89.0,08/2019,Incumbent
25-1021.00,"Computer Science Teachers, Postsecondary",5708,Write grant proposals to procure external research funding.,Supplemental,90.0,08/2019,Incumbent
25-1021.00,"Computer Science Teachers, Postsecondary",5702,"Perform administrative duties, such as serving as department head.",Supplemental,90.0,08/2019,Incumbent
25-1021.00,"Computer Science Teachers, Postsecondary",20059,Maintain computer equipment used in instruction.,Supplemental,88.0,08/2019,Incumbent
25-1021.00,"Computer Science Teachers, Postsecondary",5707,Compile bibliographies of specialized materials for outside reading assignments.,Supplemental,91.0,08/2019,Incumbent
25-1021.00,"Computer Science Teachers, Postsecondary",5705,Provide professional consulting services to government or industry.,Supplemental,90.0,08/2019,Incumbent
25-1021.00,"Computer Science Teachers, Postsecondary",5700,Act as advisers to student organizations.,Supplemental,90.0,08/2019,Incumbent
25-1022.00,"Mathematical Science Teachers, Postsecondary",5724,"Conduct research in a particular field of knowledge and publish findings in books, professional journals, or electronic media.",Supplemental,117.0,08/2019,Incumbent
25-1022.00,"Mathematical Science Teachers, Postsecondary",21110,Develop department and course schedules.,Supplemental,117.0,08/2019,Incumbent
25-1022.00,"Mathematical Science Teachers, Postsecondary",5723,"Perform administrative duties, such as serving as department head.",Supplemental,117.0,08/2019,Incumbent
25-1022.00,"Mathematical Science Teachers, Postsecondary",21111,Conduct faculty performance evaluations.,Supplemental,117.0,08/2019,Incumbent
25-1022.00,"Mathematical Science Teachers, Postsecondary",5725,"Supervise undergraduate or graduate teaching, internship, and research work.",Supplemental,117.0,08/2019,Incumbent
25-1022.00,"Mathematical Science Teachers, Postsecondary",5726,Act as advisers to student organizations.,Supplemental,116.0,08/2019,Incumbent
25-1022.00,"Mathematical Science Teachers, Postsecondary",5722,"Participate in student recruitment, registration, and placement activities.",Supplemental,117.0,08/2019,Incumbent
25-1022.00,"Mathematical Science Teachers, Postsecondary",5728,Write grant proposals to procure external research funding.,Supplemental,118.0,08/2019,Incumbent
25-1022.00,"Mathematical Science Teachers, Postsecondary",5727,Participate in campus and community events.,Supplemental,117.0,08/2019,Incumbent
25-1022.00,"Mathematical Science Teachers, Postsecondary",5729,Compile bibliographies of specialized materials for outside reading assignments.,Supplemental,117.0,08/2019,Incumbent
25-1031.00,"Architecture Teachers, Postsecondary",5750,"Perform administrative duties, such as serving as department head.",Supplemental,69.0,08/2019,Incumbent
25-1031.00,"Architecture Teachers, Postsecondary",5749,Provide professional consulting services to government or industry.,Supplemental,69.0,08/2019,Incumbent
25-1031.00,"Architecture Teachers, Postsecondary",5752,Participate in campus and community events.,Supplemental,68.0,08/2019,Incumbent
25-1032.00,"Engineering Teachers, Postsecondary",5771,"Perform administrative duties, such as serving as department head.",Supplemental,53.0,08/2019,Incumbent
25-1032.00,"Engineering Teachers, Postsecondary",21112,Review manuscripts for professional journals.,Supplemental,54.0,08/2019,Incumbent
25-1032.00,"Engineering Teachers, Postsecondary",5775,Participate in campus and community events.,Supplemental,54.0,08/2019,Incumbent
25-1032.00,"Engineering Teachers, Postsecondary",5774,Act as advisers to student organizations.,Supplemental,54.0,08/2019,Incumbent
25-1032.00,"Engineering Teachers, Postsecondary",5772,Provide professional consulting services to government or industry.,Supplemental,54.0,08/2019,Incumbent
25-1032.00,"Engineering Teachers, Postsecondary",5773,Compile bibliographies of specialized materials for outside reading assignments.,Supplemental,54.0,08/2019,Incumbent
25-1041.00,"Agricultural Sciences Teachers, Postsecondary",5797,"Perform administrative duties, such as serving as department head.",Supplemental,71.0,08/2019,Incumbent
25-1042.00,"Biological Science Teachers, Postsecondary",5817,"Perform administrative duties, such as serving as department head.",Supplemental,113.0,08/2019,Incumbent
25-1042.00,"Biological Science Teachers, Postsecondary",5819,Compile bibliographies of specialized materials for outside reading assignments.,Supplemental,113.0,08/2019,Incumbent
25-1042.00,"Biological Science Teachers, Postsecondary",20065,"Participate in campus and community events, such as giving presentations to the public.",Supplemental,113.0,08/2019,Incumbent
25-1042.00,"Biological Science Teachers, Postsecondary",5818,Act as advisers to student organizations.,Supplemental,113.0,08/2019,Incumbent
25-1042.00,"Biological Science Teachers, Postsecondary",5821,Provide professional consulting services to government or industry.,Supplemental,112.0,08/2019,Incumbent
25-1043.00,"Forestry and Conservation Science Teachers, Postsecondary",5841,"Perform administrative duties, such as serving as department head.",Supplemental,64.0,08/2020,Incumbent
25-1043.00,"Forestry and Conservation Science Teachers, Postsecondary",5844,Participate in campus and community events.,Supplemental,63.0,08/2020,Incumbent
25-1043.00,"Forestry and Conservation Science Teachers, Postsecondary",5840,Provide professional consulting services to government or industry.,Supplemental,64.0,08/2020,Incumbent
25-1043.00,"Forestry and Conservation Science Teachers, Postsecondary",5842,Compile bibliographies of specialized materials for outside reading assignments.,Supplemental,62.0,08/2020,Incumbent
25-1051.00,"Atmospheric, Earth, Marine, and Space Sciences Teachers, Postsecondary",5845,"Conduct research in a particular field of knowledge and publish findings in professional journals, books, or electronic media.",Supplemental,110.0,08/2019,Incumbent
25-1051.00,"Atmospheric, Earth, Marine, and Space Sciences Teachers, Postsecondary",5848,"Supervise undergraduate or graduate teaching, internship, and research work.",Supplemental,109.0,08/2019,Incumbent
25-1051.00,"Atmospheric, Earth, Marine, and Space Sciences Teachers, Postsecondary",5846,Write grant proposals to procure external research funding.,Supplemental,109.0,08/2019,Incumbent
25-1051.00,"Atmospheric, Earth, Marine, and Space Sciences Teachers, Postsecondary",5861,"Perform administrative duties, such as serving as department head.",Supplemental,108.0,08/2019,Incumbent
25-1051.00,"Atmospheric, Earth, Marine, and Space Sciences Teachers, Postsecondary",20068,Purchase and maintain equipment to support research projects.,Supplemental,109.0,08/2019,Incumbent
25-1051.00,"Atmospheric, Earth, Marine, and Space Sciences Teachers, Postsecondary",5860,"Participate in student recruitment, registration, and placement activities.",Supplemental,109.0,08/2019,Incumbent
25-1051.00,"Atmospheric, Earth, Marine, and Space Sciences Teachers, Postsecondary",5866,Act as advisers to student organizations.,Supplemental,109.0,08/2019,Incumbent
25-1051.00,"Atmospheric, Earth, Marine, and Space Sciences Teachers, Postsecondary",5864,Compile bibliographies of specialized materials for outside reading assignments.,Supplemental,109.0,08/2019,Incumbent
25-1051.00,"Atmospheric, Earth, Marine, and Space Sciences Teachers, Postsecondary",5867,Participate in campus and community events.,Supplemental,109.0,08/2019,Incumbent
25-1051.00,"Atmospheric, Earth, Marine, and Space Sciences Teachers, Postsecondary",20070,Answer questions from the public and media.,Supplemental,109.0,08/2019,Incumbent
25-1051.00,"Atmospheric, Earth, Marine, and Space Sciences Teachers, Postsecondary",20069,"Review papers or serve on editorial boards for scientific journals, and review grant proposals for federal agencies.",Supplemental,109.0,08/2019,Incumbent
25-1051.00,"Atmospheric, Earth, Marine, and Space Sciences Teachers, Postsecondary",5865,Provide professional consulting services to government or industry.,Supplemental,110.0,08/2019,Incumbent
25-1052.00,"Chemistry Teachers, Postsecondary",5887,"Perform administrative duties, such as serving as a department head.",Supplemental,101.0,08/2019,Incumbent
25-1052.00,"Chemistry Teachers, Postsecondary",5890,Participate in campus and community events.,Supplemental,102.0,08/2019,Incumbent
25-1052.00,"Chemistry Teachers, Postsecondary",5888,Act as advisers to student organizations.,Supplemental,102.0,08/2019,Incumbent
25-1052.00,"Chemistry Teachers, Postsecondary",5889,Compile bibliographies of specialized materials for outside reading assignments.,Supplemental,102.0,08/2019,Incumbent
25-1052.00,"Chemistry Teachers, Postsecondary",5891,Provide professional consulting services to government or industry.,Supplemental,102.0,08/2019,Incumbent
25-1053.00,"Environmental Science Teachers, Postsecondary",5908,"Perform administrative duties, such as serving as department head.",Supplemental,162.0,08/2019,Incumbent
25-1053.00,"Environmental Science Teachers, Postsecondary",5914,Act as advisers to student organizations.,Supplemental,163.0,08/2019,Incumbent
25-1053.00,"Environmental Science Teachers, Postsecondary",5913,Participate in campus and community events.,Supplemental,163.0,08/2019,Incumbent
25-1053.00,"Environmental Science Teachers, Postsecondary",5910,Provide professional consulting services to government or industry.,Supplemental,163.0,08/2019,Incumbent
25-1054.00,"Physics Teachers, Postsecondary",5932,Write grant proposals to procure external research funding.,Supplemental,122.0,08/2019,Incumbent
25-1054.00,"Physics Teachers, Postsecondary",5936,Compile bibliographies of specialized materials for outside reading assignments.,Supplemental,120.0,08/2019,Incumbent
25-1054.00,"Physics Teachers, Postsecondary",5937,Participate in campus and community events.,Supplemental,121.0,08/2019,Incumbent
25-1054.00,"Physics Teachers, Postsecondary",5934,Act as advisers to student organizations.,Supplemental,121.0,08/2019,Incumbent
25-1054.00,"Physics Teachers, Postsecondary",5935,Provide professional consulting services to government or industry.,Supplemental,121.0,08/2019,Incumbent
25-1061.00,"Anthropology and Archeology Teachers, Postsecondary",5953,Compile bibliographies of specialized materials for outside reading assignments.,Supplemental,22.0,08/2025,Occupational Expert
25-1061.00,"Anthropology and Archeology Teachers, Postsecondary",5959,Provide professional consulting services to government or industry.,Supplemental,22.0,08/2025,Occupational Expert
25-1062.00,"Area, Ethnic, and Cultural Studies Teachers, Postsecondary",5983,Provide professional consulting services to government or industry.,Supplemental,125.0,08/2019,Incumbent
25-1063.00,"Economics Teachers, Postsecondary",6004,Provide professional consulting services to government or industry.,Supplemental,70.0,08/2019,Incumbent
25-1063.00,"Economics Teachers, Postsecondary",6003,Participate in campus and community events.,Supplemental,72.0,08/2019,Incumbent
25-1063.00,"Economics Teachers, Postsecondary",6005,Act as advisers to student organizations.,Supplemental,70.0,08/2019,Incumbent
25-1064.00,"Geography Teachers, Postsecondary",6025,"Perform administrative duties, such as serving as department head.",Supplemental,107.0,08/2019,Incumbent
25-1064.00,"Geography Teachers, Postsecondary",6027,"Maintain geographic information systems laboratories, performing duties such as updating software.",Supplemental,104.0,08/2019,Incumbent
25-1064.00,"Geography Teachers, Postsecondary",6023,Participate in campus and community events.,Supplemental,110.0,08/2019,Incumbent
25-1064.00,"Geography Teachers, Postsecondary",6024,Compile bibliographies of specialized materials for outside reading assignments.,Supplemental,109.0,08/2019,Incumbent
25-1064.00,"Geography Teachers, Postsecondary",6030,Provide professional consulting services to government or industry.,Supplemental,106.0,08/2019,Incumbent
25-1064.00,"Geography Teachers, Postsecondary",6029,Act as advisers to student organizations.,Supplemental,107.0,08/2019,Incumbent
25-1065.00,"Political Science Teachers, Postsecondary",6051,Write grant proposals to procure external research funding.,Supplemental,100.0,08/2019,Incumbent
25-1065.00,"Political Science Teachers, Postsecondary",6046,Participate in campus and community events.,Supplemental,103.0,08/2019,Incumbent
25-1065.00,"Political Science Teachers, Postsecondary",6052,Provide professional consulting services to government or industry.,Supplemental,102.0,08/2019,Incumbent
25-1066.00,"Psychology Teachers, Postsecondary",6070,Supervise students' laboratory work.,Supplemental,92.0,08/2019,Incumbent
25-1066.00,"Psychology Teachers, Postsecondary",20082,Supervise the clinical work of practicum students.,Supplemental,92.0,08/2019,Incumbent
25-1066.00,"Psychology Teachers, Postsecondary",20081,"Provide clinical services to clients, such as assessing psychological problems and conducting psychotherapy.",Supplemental,92.0,08/2019,Incumbent
25-1066.00,"Psychology Teachers, Postsecondary",20083,Review books and journal articles for potential publication.,Supplemental,92.0,08/2019,Incumbent
25-1066.00,"Psychology Teachers, Postsecondary",6068,Compile bibliographies of specialized materials for outside reading assignments.,Supplemental,91.0,08/2019,Incumbent
25-1066.00,"Psychology Teachers, Postsecondary",6072,Act as advisers to student organizations.,Supplemental,92.0,08/2019,Incumbent
25-1066.00,"Psychology Teachers, Postsecondary",6074,Participate in campus and community events.,Supplemental,92.0,08/2019,Incumbent
25-1066.00,"Psychology Teachers, Postsecondary",6075,Provide professional consulting services to government or industry.,Supplemental,92.0,08/2019,Incumbent
25-1067.00,"Sociology Teachers, Postsecondary",6092,"Perform administrative duties, such as serving as department head.",Supplemental,104.0,08/2019,Incumbent
25-1067.00,"Sociology Teachers, Postsecondary",6097,Participate in campus and community events.,Supplemental,105.0,08/2019,Incumbent
25-1067.00,"Sociology Teachers, Postsecondary",6095,Act as advisers to student organizations.,Supplemental,104.0,08/2019,Incumbent
25-1067.00,"Sociology Teachers, Postsecondary",6098,Provide professional consulting services to government or industry.,Supplemental,102.0,08/2019,Incumbent
25-1071.00,"Health Specialties Teachers, Postsecondary",6104,"Prepare and deliver lectures to undergraduate or graduate students on topics such as public health, stress management, and work site health promotion.",Supplemental,57.0,08/2019,Incumbent
25-1071.00,"Health Specialties Teachers, Postsecondary",6118,"Perform administrative duties, such as serving as department head.",Supplemental,57.0,08/2019,Incumbent
25-1071.00,"Health Specialties Teachers, Postsecondary",6114,Write grant proposals to procure external research funding.,Supplemental,57.0,08/2019,Incumbent
25-1071.00,"Health Specialties Teachers, Postsecondary",6117,Act as advisers to student organizations.,Supplemental,57.0,08/2019,Incumbent
25-1071.00,"Health Specialties Teachers, Postsecondary",6119,Compile bibliographies of specialized materials for outside reading assignments.,Supplemental,57.0,08/2019,Incumbent
25-1072.00,"Nursing Instructors and Teachers, Postsecondary",6135,"Supervise undergraduate or graduate teaching, internship, and research work.",Supplemental,104.0,08/2019,Incumbent
25-1072.00,"Nursing Instructors and Teachers, Postsecondary",6136,"Conduct research in a particular field of knowledge and publish findings in professional journals, books, or electronic media.",Supplemental,105.0,08/2019,Incumbent
25-1072.00,"Nursing Instructors and Teachers, Postsecondary",6146,"Perform administrative duties, such as serving as department head.",Supplemental,105.0,08/2019,Incumbent
25-1072.00,"Nursing Instructors and Teachers, Postsecondary",21122,Conduct faculty performance evaluations.,Supplemental,105.0,08/2019,Incumbent
25-1072.00,"Nursing Instructors and Teachers, Postsecondary",6143,Write grant proposals to procure external research funding.,Supplemental,104.0,08/2019,Incumbent
25-1072.00,"Nursing Instructors and Teachers, Postsecondary",6144,Act as advisers to student organizations.,Supplemental,105.0,08/2019,Incumbent
25-1072.00,"Nursing Instructors and Teachers, Postsecondary",6147,Provide professional consulting services to government or industry.,Supplemental,105.0,08/2019,Incumbent
25-1081.00,"Education Teachers, Postsecondary",20086,Serve as a liaison between the university and other governmental and educational agencies.,Supplemental,60.0,08/2019,Incumbent
25-1081.00,"Education Teachers, Postsecondary",6163,"Advise and instruct teachers employed in school systems by providing activities, such as in-service seminars.",Supplemental,61.0,08/2019,Incumbent
25-1081.00,"Education Teachers, Postsecondary",6167,Participate in campus and community events.,Supplemental,60.0,08/2019,Incumbent
25-1081.00,"Education Teachers, Postsecondary",6165,Compile bibliographies of specialized materials for outside reading assignments.,Supplemental,60.0,08/2019,Incumbent
25-1081.00,"Education Teachers, Postsecondary",6169,Act as advisers to student organizations.,Supplemental,59.0,08/2019,Incumbent
25-1081.00,"Education Teachers, Postsecondary",6170,Provide professional consulting services to government or industry.,Supplemental,60.0,08/2019,Incumbent
25-1082.00,"Library Science Teachers, Postsecondary",6191,Act as advisers to student organizations.,Supplemental,56.0,08/2019,Incumbent
25-1082.00,"Library Science Teachers, Postsecondary",21123,Select and invite guest speakers to speak to classes.,Supplemental,55.0,08/2019,Incumbent
25-1082.00,"Library Science Teachers, Postsecondary",6192,Provide professional consulting services to government or industry.,Supplemental,56.0,08/2019,Incumbent
25-1111.00,"Criminal Justice and Law Enforcement Teachers, Postsecondary",6199,"Conduct research in a particular field of knowledge and publish findings in professional journals, books, or electronic media.",Supplemental,66.0,08/2019,Incumbent
25-1111.00,"Criminal Justice and Law Enforcement Teachers, Postsecondary",6201,"Supervise undergraduate or graduate teaching, internship, and research work.",Supplemental,66.0,08/2019,Incumbent
25-1111.00,"Criminal Justice and Law Enforcement Teachers, Postsecondary",6212,"Perform administrative duties, such as serving as department head.",Supplemental,65.0,08/2019,Incumbent
25-1111.00,"Criminal Justice and Law Enforcement Teachers, Postsecondary",6214,Act as advisers to student organizations.,Supplemental,66.0,08/2019,Incumbent
25-1111.00,"Criminal Justice and Law Enforcement Teachers, Postsecondary",6207,Write grant proposals to procure external research funding.,Supplemental,66.0,08/2019,Incumbent
25-1111.00,"Criminal Justice and Law Enforcement Teachers, Postsecondary",6211,Provide professional consulting services to government or industry.,Supplemental,66.0,08/2019,Incumbent
25-1112.00,"Law Teachers, Postsecondary",6231,"Participate in student recruitment, registration, and placement activities.",Supplemental,101.0,08/2019,Incumbent
25-1112.00,"Law Teachers, Postsecondary",6229,"Perform administrative duties, such as serving as department head.",Supplemental,100.0,08/2019,Incumbent
25-1112.00,"Law Teachers, Postsecondary",6233,Participate in campus and community events.,Supplemental,101.0,08/2019,Incumbent
25-1112.00,"Law Teachers, Postsecondary",6232,Compile bibliographies of specialized materials for outside reading assignments.,Supplemental,101.0,08/2019,Incumbent
25-1112.00,"Law Teachers, Postsecondary",6237,Write grant proposals to procure external research funding.,Supplemental,101.0,08/2019,Incumbent
25-1112.00,"Law Teachers, Postsecondary",6236,Provide professional consulting services to government or industry.,Supplemental,99.0,08/2019,Incumbent
25-1113.00,"Social Work Teachers, Postsecondary",6242,"Conduct research in a particular field of knowledge and publish findings in professional journals, books, or electronic media.",Supplemental,46.0,08/2021,Incumbent
25-1113.00,"Social Work Teachers, Postsecondary",6254,"Perform administrative duties, such as serving as department head.",Supplemental,46.0,08/2021,Incumbent
25-1113.00,"Social Work Teachers, Postsecondary",6252,Write grant proposals to procure external research funding.,Supplemental,48.0,08/2021,Incumbent
25-1113.00,"Social Work Teachers, Postsecondary",6259,Provide professional consulting services to government or industry.,Supplemental,46.0,08/2021,Incumbent
25-1121.00,"Art, Drama, and Music Teachers, Postsecondary",6265,Organize performance groups and direct their rehearsals.,Supplemental,143.0,08/2019,Incumbent
25-1121.00,"Art, Drama, and Music Teachers, Postsecondary",6272,"Supervise undergraduate or graduate teaching, internship, and research work.",Supplemental,145.0,08/2019,Incumbent
25-1121.00,"Art, Drama, and Music Teachers, Postsecondary",6284,"Perform administrative duties, such as serving as department head.",Supplemental,144.0,08/2019,Incumbent
25-1121.00,"Art, Drama, and Music Teachers, Postsecondary",21125,Maintain or repair studio facilities.,Supplemental,144.0,08/2019,Incumbent
25-1121.00,"Art, Drama, and Music Teachers, Postsecondary",6271,"Conduct research in a particular field of knowledge and publish findings in professional journals, books, or electronic media.",Supplemental,144.0,08/2019,Incumbent
25-1121.00,"Art, Drama, and Music Teachers, Postsecondary",6286,Write grant proposals to procure external research funding.,Supplemental,144.0,08/2019,Incumbent
25-1121.00,"Art, Drama, and Music Teachers, Postsecondary",6282,Compile bibliographies of specialized materials for outside reading assignments.,Supplemental,144.0,08/2019,Incumbent
25-1121.00,"Art, Drama, and Music Teachers, Postsecondary",6287,Provide professional consulting services to government or industry.,Supplemental,142.0,08/2019,Incumbent
25-1122.00,"Communications Teachers, Postsecondary",6307,"Perform administrative duties, such as serving as department head.",Supplemental,64.0,08/2019,Incumbent
25-1122.00,"Communications Teachers, Postsecondary",6298,"Supervise undergraduate or graduate teaching, internship, and research work.",Supplemental,64.0,08/2019,Incumbent
25-1122.00,"Communications Teachers, Postsecondary",6304,Compile bibliographies of specialized materials for outside reading assignments.,Supplemental,64.0,08/2019,Incumbent
25-1122.00,"Communications Teachers, Postsecondary",6308,Write grant proposals to procure external research funding.,Supplemental,64.0,08/2019,Incumbent
25-1122.00,"Communications Teachers, Postsecondary",6309,Provide professional consulting services to government or industry.,Supplemental,64.0,08/2019,Incumbent
25-1123.00,"English Language and Literature Teachers, Postsecondary",6327,"Supervise undergraduate or graduate teaching, internship, and research work.",Supplemental,101.0,08/2019,Incumbent
25-1123.00,"English Language and Literature Teachers, Postsecondary",6329,"Perform administrative duties, such as serving as department head.",Supplemental,98.0,08/2019,Incumbent
25-1123.00,"English Language and Literature Teachers, Postsecondary",20096,"Recruit, train, and supervise department personnel, such as faculty and student writing instructors.",Supplemental,99.0,08/2019,Incumbent
25-1123.00,"English Language and Literature Teachers, Postsecondary",6328,Provide assistance to students in college writing centers.,Supplemental,99.0,08/2019,Incumbent
25-1123.00,"English Language and Literature Teachers, Postsecondary",20097,Conduct staff performance evaluations.,Supplemental,100.0,08/2019,Incumbent
25-1123.00,"English Language and Literature Teachers, Postsecondary",20095,Write original literary pieces.,Supplemental,101.0,08/2019,Incumbent
25-1123.00,"English Language and Literature Teachers, Postsecondary",6331,Act as advisers to student organizations.,Supplemental,98.0,08/2019,Incumbent
25-1123.00,"English Language and Literature Teachers, Postsecondary",6332,Write grant proposals to procure external research funding.,Supplemental,101.0,08/2019,Incumbent
25-1123.00,"English Language and Literature Teachers, Postsecondary",21130,Review manuscripts for publication in professional journals.,Supplemental,101.0,08/2019,Incumbent
25-1123.00,"English Language and Literature Teachers, Postsecondary",6333,Provide professional consulting services to government or industry.,Supplemental,99.0,08/2019,Incumbent
25-1124.00,"Foreign Language and Literature Teachers, Postsecondary",6353,"Supervise undergraduate or graduate teaching, internship, and research work.",Supplemental,70.0,08/2019,Incumbent
25-1124.00,"Foreign Language and Literature Teachers, Postsecondary",20099,Develop and maintain Web pages for teaching-related purposes.,Supplemental,70.0,08/2019,Incumbent
25-1124.00,"Foreign Language and Literature Teachers, Postsecondary",6351,Act as advisers to student organizations.,Supplemental,70.0,08/2019,Incumbent
25-1124.00,"Foreign Language and Literature Teachers, Postsecondary",6354,Write grant proposals to procure external research funding.,Supplemental,70.0,08/2019,Incumbent
25-1125.00,"History Teachers, Postsecondary",20102,"Develop, maintain, and teach online courses.",Supplemental,63.0,08/2019,Incumbent
25-1125.00,"History Teachers, Postsecondary",6370,Participate in campus and community events.,Supplemental,65.0,08/2019,Incumbent
25-1125.00,"History Teachers, Postsecondary",6371,Act as advisers to student organizations.,Supplemental,64.0,08/2019,Incumbent
25-1125.00,"History Teachers, Postsecondary",20103,Teach community courses and speak to local groups and organizations.,Supplemental,64.0,08/2019,Incumbent
25-1125.00,"History Teachers, Postsecondary",6377,"Provide professional consulting services to government, educational institutions, or industry.",Supplemental,63.0,08/2019,Incumbent
25-1126.00,"Philosophy and Religion Teachers, Postsecondary",6398,Write grant proposals to procure external research funding.,Supplemental,99.0,08/2019,Incumbent
25-1192.00,"Family and Consumer Sciences Teachers, Postsecondary",21132,Conduct faculty performance evaluations.,Supplemental,104.0,08/2019,Incumbent
25-1192.00,"Family and Consumer Sciences Teachers, Postsecondary",6419,"Perform administrative duties, such as serving as department head.",Supplemental,104.0,08/2019,Incumbent
25-1192.00,"Family and Consumer Sciences Teachers, Postsecondary",6412,"Conduct research in a particular field of knowledge and publish findings in professional journals, books, or electronic media.",Supplemental,105.0,08/2019,Incumbent
25-1192.00,"Family and Consumer Sciences Teachers, Postsecondary",6414,Act as advisers to student organizations.,Supplemental,105.0,08/2019,Incumbent
25-1192.00,"Family and Consumer Sciences Teachers, Postsecondary",6420,Write grant proposals to procure external research funding.,Supplemental,105.0,08/2019,Incumbent
25-1192.00,"Family and Consumer Sciences Teachers, Postsecondary",6421,Provide professional consulting services to government or industry.,Supplemental,103.0,08/2019,Incumbent
25-1193.00,"Recreation and Fitness Studies Teachers, Postsecondary",6439,"Perform administrative duties, such as serving as department heads.",Supplemental,87.0,08/2019,Incumbent
25-1193.00,"Recreation and Fitness Studies Teachers, Postsecondary",6440,Prepare students to act as sports coaches.,Supplemental,86.0,08/2019,Incumbent
25-1193.00,"Recreation and Fitness Studies Teachers, Postsecondary",6442,Act as advisers to student organizations.,Supplemental,86.0,08/2019,Incumbent
25-1193.00,"Recreation and Fitness Studies Teachers, Postsecondary",6444,Provide professional consulting services to government or industry.,Supplemental,87.0,08/2019,Incumbent
25-1194.00,"Career/Technical Education Teachers, Postsecondary",6462,Review enrollment applications and correspond with applicants to obtain additional information.,Supplemental,110.0,08/2019,Incumbent
25-2011.00,"Preschool Teachers, Except Special Education",6494,"Provide students with disabilities with assistive devices, supportive technology, and assistance accessing facilities, such as restrooms.",Supplemental,94.0,08/2019,Incumbent
25-2011.00,"Preschool Teachers, Except Special Education",6495,"Perform administrative duties, such as hall and cafeteria monitoring and bus loading and unloading.",Supplemental,94.0,08/2019,Incumbent
25-2012.00,"Kindergarten Teachers, Except Special Education",6534,"Provide students with disabilities with assistive devices, supportive technology, and assistance accessing facilities, such as restrooms.",Supplemental,100.0,08/2018,Incumbent
25-2021.00,"Elementary School Teachers, Except Special Education",6571,"Provide students with disabilities with assistive devices, supportive technology, and assistance accessing facilities, such as restrooms.",Supplemental,62.0,08/2024,Incumbent
25-2021.00,"Elementary School Teachers, Except Special Education",6572,"Sponsor extracurricular activities, such as clubs, student organizations, and academic contests.",Supplemental,62.0,08/2024,Incumbent
25-2022.00,"Middle School Teachers, Except Special and Career/Technical Education",6606,"Provide students with disabilities with assistive devices, supportive technology, and assistance accessing facilities, such as restrooms.",Supplemental,69.0,08/2024,Incumbent
25-2022.00,"Middle School Teachers, Except Special and Career/Technical Education",6607,"Supervise, evaluate, and plan assignments for teacher assistants and volunteers.",Supplemental,70.0,08/2024,Incumbent
25-2031.00,"Secondary School Teachers, Except Special and Career/Technical Education",6664,"Select, store, order, issue, and inventory classroom equipment, materials, and supplies.",Supplemental,97.0,08/2025,Incumbent
25-2031.00,"Secondary School Teachers, Except Special and Career/Technical Education",6669,"Perform administrative duties, such as school library assistance, hall and cafeteria monitoring, and bus loading and unloading.",Supplemental,97.0,08/2025,Incumbent
25-2032.00,"Career/Technical Education Teachers, Secondary School",6702,"Perform administrative duties, such as school library assistance, hall and cafeteria monitoring, and bus loading and unloading.",Supplemental,116.0,08/2025,Incumbent
25-2051.00,"Special Education Teachers, Preschool",19092,Coordinate placement of students with special needs into mainstream classes.,Supplemental,63.0,08/2019,Incumbent
25-2051.00,"Special Education Teachers, Preschool",19083,Serve meals or snacks in accordance with nutritional guidelines.,Supplemental,63.0,08/2019,Incumbent
25-2057.00,"Special Education Teachers, Middle School",6780,"Provide assistive devices, supportive technology, and assistance accessing facilities, such as restrooms.",Supplemental,58.0,08/2025,Incumbent
25-2057.00,"Special Education Teachers, Middle School",6768,"Supervise, evaluate, and plan assignments for teacher assistants and volunteers.",Supplemental,59.0,08/2025,Incumbent
25-2057.00,"Special Education Teachers, Middle School",6773,"Organize and supervise games and other recreational activities to promote physical, mental, and social development.",Supplemental,59.0,08/2025,Incumbent
25-2057.00,"Special Education Teachers, Middle School",6782,Visit schools to tutor students with sensory impairments and to consult with teachers regarding students' special needs.,Supplemental,60.0,08/2025,Incumbent
25-2057.00,"Special Education Teachers, Middle School",6777,"Select, store, order, issue, and inventory classroom equipment, materials, and supplies.",Supplemental,59.0,08/2025,Incumbent
25-2058.00,"Special Education Teachers, Secondary School",6807,Provide additional instruction in vocational areas.,Supplemental,107.0,08/2025,Incumbent
25-2058.00,"Special Education Teachers, Secondary School",6810,Instruct and monitor students in the use and care of equipment and materials to prevent injuries and damage.,Supplemental,107.0,08/2025,Incumbent
25-2058.00,"Special Education Teachers, Secondary School",6822,Provide interpretation and transcription of regular classroom materials through Braille and sign language.,Supplemental,108.0,08/2025,Incumbent
25-2058.00,"Special Education Teachers, Secondary School",6819,"Perform administrative duties, such as school library assistance, hall and cafeteria monitoring, and bus loading and unloading.",Supplemental,107.0,08/2025,Incumbent
25-2058.00,"Special Education Teachers, Secondary School",6823,"Sponsor extracurricular activities, such as clubs, student organizations, and academic contests.",Supplemental,108.0,08/2025,Incumbent
25-2058.00,"Special Education Teachers, Secondary School",6818,"Select, store, order, issue, and inventory classroom equipment, materials, and supplies.",Supplemental,107.0,08/2025,Incumbent
25-2058.00,"Special Education Teachers, Secondary School",6821,Visit schools to tutor students with sensory impairments and to consult with teachers regarding students' special needs.,Supplemental,108.0,08/2025,Incumbent
25-3011.00,"Adult Basic Education, Adult Secondary Education, and English as a Second Language Instructors",6858,"Provide students with disabilities with assistive devices, supportive technology, and assistance accessing facilities, such as restrooms.",Supplemental,64.0,08/2018,Incumbent
25-3011.00,"Adult Basic Education, Adult Secondary Education, and English as a Second Language Instructors",6834,"Provide information, guidance, and preparation for the General Equivalency Diploma (GED) examination.",Supplemental,64.0,08/2018,Incumbent
25-3011.00,"Adult Basic Education, Adult Secondary Education, and English as a Second Language Instructors",6856,Select and schedule class times to ensure maximum attendance.,Supplemental,65.0,08/2018,Incumbent
25-3011.00,"Adult Basic Education, Adult Secondary Education, and English as a Second Language Instructors",6859,Train and assist tutors and community literacy volunteers.,Supplemental,65.0,08/2018,Incumbent
25-3011.00,"Adult Basic Education, Adult Secondary Education, and English as a Second Language Instructors",6861,Observe and evaluate the performance of other instructors.,Supplemental,65.0,08/2018,Incumbent
25-3011.00,"Adult Basic Education, Adult Secondary Education, and English as a Second Language Instructors",6860,Confer with leaders of government and community groups to coordinate student training or to find opportunities for students to fulfill curriculum requirements.,Supplemental,65.0,08/2018,Incumbent
25-3011.00,"Adult Basic Education, Adult Secondary Education, and English as a Second Language Instructors",6852,"Participate in publicity planning, community awareness efforts, and student recruitment.",Supplemental,65.0,08/2018,Incumbent
25-3011.00,"Adult Basic Education, Adult Secondary Education, and English as a Second Language Instructors",6855,"Advise students on internships, prospective employers, and job placement services.",Supplemental,64.0,08/2018,Incumbent
25-3021.00,Self-Enrichment Teachers,8685,Assign and grade class work and homework.,Supplemental,79.0,08/2019,Incumbent
25-3021.00,Self-Enrichment Teachers,8665,"Conduct classes, workshops, and demonstrations, and provide individual instruction to teach topics and skills, such as cooking, dancing, writing, physical fitness, photography, personal finance, and flying.",Supplemental,79.0,08/2019,Incumbent
25-3021.00,Self-Enrichment Teachers,8670,Instruct and monitor students in the use and care of equipment and materials to prevent injury and damage.,Supplemental,80.0,08/2019,Incumbent
25-3021.00,Self-Enrichment Teachers,8688,Meet with parents and guardians to discuss their children's progress and to determine their priorities for their children.,Supplemental,79.0,08/2019,Incumbent
25-3021.00,Self-Enrichment Teachers,8684,Schedule class times to ensure maximum attendance.,Supplemental,80.0,08/2019,Incumbent
25-3021.00,Self-Enrichment Teachers,8686,Prepare and implement remedial programs for students requiring extra help.,Supplemental,80.0,08/2019,Incumbent
25-3021.00,Self-Enrichment Teachers,8691,Observe and evaluate the performance of other instructors.,Supplemental,80.0,08/2019,Incumbent
25-3021.00,Self-Enrichment Teachers,8689,"Organize and supervise games and other recreational activities to promote physical, mental, and social development.",Supplemental,81.0,08/2019,Incumbent
25-3021.00,Self-Enrichment Teachers,8677,Participate in publicity planning and student recruitment.,Supplemental,81.0,08/2019,Incumbent
25-3021.00,Self-Enrichment Teachers,8693,Write instructional articles on designated subjects.,Supplemental,80.0,08/2019,Incumbent
25-3031.00,"Substitute Teachers, Short-Term",22400,"Provide students with disabilities with assistive devices, supportive technology, or assistance accessing facilities, such as restrooms.",Supplemental,103.0,08/2025,Incumbent
25-3031.00,"Substitute Teachers, Short-Term",22399,Organize and supervise games or other recreational activities.,Supplemental,102.0,08/2025,Incumbent
25-3031.00,"Substitute Teachers, Short-Term",22390,Assist students with boarding or exiting school buses.,Supplemental,103.0,08/2025,Incumbent
25-3031.00,"Substitute Teachers, Short-Term",22397,Grade students' assignments and exams.,Supplemental,102.0,08/2025,Incumbent
25-3031.00,"Substitute Teachers, Short-Term",22401,Restock teaching materials or supplies.,Supplemental,102.0,08/2025,Incumbent
25-3041.00,Tutors,17019,"Travel to students' homes, libraries, or schools to conduct tutoring sessions.",Supplemental,22.0,08/2022,Occupational Expert
25-3041.00,Tutors,17035,"Administer, proctor, or score academic or diagnostic assessments.",Supplemental,22.0,08/2022,Occupational Expert
25-3041.00,Tutors,17021,"Research or recommend textbooks, software, equipment, or other learning materials to complement tutoring.",Supplemental,22.0,08/2022,Occupational Expert
25-4012.00,Curators,1656,Arrange insurance coverage for objects on loan or for special exhibits and recommend changes in coverage for the entire collection.,Supplemental,101.0,08/2018,Incumbent
25-4012.00,Curators,1653,"Schedule events and organize details, including refreshment, entertainment, decorations, and the collection of any fees.",Supplemental,101.0,08/2018,Incumbent
25-4012.00,Curators,1657,Establish specifications for reproductions and oversee their manufacture or select items from commercially available replica sources.,Supplemental,101.0,08/2018,Incumbent
25-4013.00,Museum Technicians and Conservators,3815,Classify and assign registration numbers to artifacts and supervise inventory control.,Supplemental,66.0,08/2018,Incumbent
25-4013.00,Museum Technicians and Conservators,3820,"Study object documentation or conduct standard chemical and physical tests to ascertain the object's age, composition, original appearance, need for treatment or restoration, and appropriate preservation method.",Supplemental,66.0,08/2018,Incumbent
25-4013.00,Museum Technicians and Conservators,3819,"Prepare reports on the operation of conservation laboratories, documenting the condition of artifacts, treatment options, and the methods of preservation and repair used.",Supplemental,66.0,08/2018,Incumbent
25-4013.00,Museum Technicians and Conservators,3813,"Specialize in particular materials or types of object, such as documents and books, paintings, decorative arts, textiles, metals, or architectural materials.",Supplemental,65.0,08/2018,Incumbent
25-4013.00,Museum Technicians and Conservators,3822,"Perform tests and examinations to establish storage and conservation requirements, policies, and procedures.",Supplemental,66.0,08/2018,Incumbent
25-4013.00,Museum Technicians and Conservators,18643,"Direct and supervise curatorial, technical, and student staff in the handling, mounting, care, and storage of art objects.",Supplemental,66.0,08/2018,Incumbent
25-4013.00,Museum Technicians and Conservators,3807,"Coordinate exhibit installations, assisting with design, constructing displays, dioramas, display cases, and models, and ensuring the availability of necessary materials.",Supplemental,65.0,08/2018,Incumbent
25-4013.00,Museum Technicians and Conservators,3826,"Preserve or direct preservation of objects, using plaster, resin, sealants, hardeners, and shellac.",Supplemental,65.0,08/2018,Incumbent
25-4013.00,Museum Technicians and Conservators,3823,Plan and conduct research to develop and improve methods of restoring and preserving specimens.,Supplemental,66.0,08/2018,Incumbent
25-4013.00,Museum Technicians and Conservators,18646,Deliver artwork on courier trips.,Supplemental,66.0,08/2018,Incumbent
25-4013.00,Museum Technicians and Conservators,3827,"Build, repair, and install wooden steps, scaffolds, and walkways to gain access to or permit improved view of exhibited equipment.",Supplemental,66.0,08/2018,Incumbent
25-4013.00,Museum Technicians and Conservators,3825,Estimate cost of restoration work.,Supplemental,65.0,08/2018,Incumbent
25-4022.00,Librarians and Media Collections Specialists,22434,Maintain inventory of audio-visual equipment.,Supplemental,61.0,08/2022,Incumbent
25-4031.00,Library Technicians,1704,Issue identification cards to borrowers.,Supplemental,98.0,07/2017,Incumbent
25-4031.00,Library Technicians,1706,Review subject matter of materials to be classified and select classification numbers and headings according to classification systems.,Supplemental,98.0,07/2017,Incumbent
25-4031.00,Library Technicians,1698,Process interlibrary loans for patrons.,Supplemental,99.0,07/2017,Incumbent
25-4031.00,Library Technicians,18514,"Order all print and non-print library materials, checking prices, figuring costs, preparing order slips, and making payments.",Supplemental,98.0,07/2017,Incumbent
25-4031.00,Library Technicians,1707,Send out notices about lost or overdue books.,Supplemental,98.0,07/2017,Incumbent
25-4031.00,Library Technicians,1700,Retrieve information from central databases for storage in a library's computer.,Supplemental,97.0,07/2017,Incumbent
25-4031.00,Library Technicians,1705,"Verify bibliographical data for materials, including author, title, publisher, publication date, and edition.",Supplemental,99.0,07/2017,Incumbent
25-4031.00,Library Technicians,18517,"Plan and conduct children's programs, community outreach programs, and other specialized programs, such as library tours.",Supplemental,100.0,07/2017,Incumbent
25-4031.00,Library Technicians,1701,Organize and maintain periodicals and reference materials.,Supplemental,99.0,07/2017,Incumbent
25-4031.00,Library Technicians,18516,Claim missing issues of periodicals and journals.,Supplemental,99.0,07/2017,Incumbent
25-4031.00,Library Technicians,1714,Compose explanatory summaries of contents of books and other reference materials.,Supplemental,100.0,07/2017,Incumbent
25-4031.00,Library Technicians,20989,Sort and deliver library mail and packages.,Supplemental,98.0,07/2017,Incumbent
25-4031.00,Library Technicians,1710,"Operate and maintain audio-visual equipment, such as projectors, tape recorders, and videocassette recorders.",Supplemental,100.0,07/2017,Incumbent
25-4031.00,Library Technicians,1718,Compile bibliographies and prepare abstracts on subjects of interest to particular organizations or groups.,Supplemental,100.0,07/2017,Incumbent
25-9021.00,Farm and Home Management Educators,10988,Set and monitor production targets.,Supplemental,27.0,08/2022,Occupational Expert
25-9021.00,Farm and Home Management Educators,10983,"Collaborate with social service and health care professionals to advise individuals and families on home management practices, such as budget planning, meal preparation, and time management.",Supplemental,27.0,08/2022,Occupational Expert
25-9021.00,Farm and Home Management Educators,10987,"Provide direct assistance to farmers by performing activities such as purchasing or selling products and supplies, supervising properties, and collecting soil and herbage samples for testing.",Supplemental,26.0,08/2022,Occupational Expert
25-9031.00,Instructional Coordinators,6873,"Prepare grant proposals, budgets, and program policies and goals or assist in their preparation.",Supplemental,74.0,08/2018,Incumbent
25-9031.00,Instructional Coordinators,6878,"Prepare or approve manuals, guidelines, and reports on state educational policies and practices for distribution to school districts.",Supplemental,73.0,08/2018,Incumbent
25-9031.00,Instructional Coordinators,6881,"Coordinate activities of workers engaged in cataloging, distributing, and maintaining educational materials and equipment in curriculum libraries and laboratories.",Supplemental,74.0,08/2018,Incumbent
25-9042.00,"Teaching Assistants, Preschool, Elementary, Middle, and Secondary School, Except Special Education",22479,Take class attendance and maintain attendance records.,Supplemental,59.0,08/2024,Incumbent
25-9042.00,"Teaching Assistants, Preschool, Elementary, Middle, and Secondary School, Except Special Education",22472,Participate in teacher-parent conferences regarding students' progress or problems.,Supplemental,57.0,08/2024,Incumbent
25-9042.00,"Teaching Assistants, Preschool, Elementary, Middle, and Secondary School, Except Special Education",22454,Assist in bus loading and unloading.,Supplemental,58.0,08/2024,Incumbent
25-9042.00,"Teaching Assistants, Preschool, Elementary, Middle, and Secondary School, Except Special Education",22467,"Maintain computers in classrooms and laboratories, and assist students with hardware and software use.",Supplemental,58.0,08/2024,Incumbent
25-9042.00,"Teaching Assistants, Preschool, Elementary, Middle, and Secondary School, Except Special Education",22464,"Grade homework and tests, and compute and record results, using answer sheets or electronic marking devices.",Supplemental,58.0,08/2024,Incumbent
25-9042.00,"Teaching Assistants, Preschool, Elementary, Middle, and Secondary School, Except Special Education",22473,"Plan, prepare, and develop various teaching aids, such as bibliographies, charts, and graphs.",Supplemental,59.0,08/2024,Incumbent
25-9042.00,"Teaching Assistants, Preschool, Elementary, Middle, and Secondary School, Except Special Education",22469,Operate and maintain audio-visual equipment.,Supplemental,58.0,08/2024,Incumbent
25-9042.00,"Teaching Assistants, Preschool, Elementary, Middle, and Secondary School, Except Special Education",22462,Distribute tests and homework assignments and collect them when they are completed.,Supplemental,57.0,08/2024,Incumbent
25-9042.00,"Teaching Assistants, Preschool, Elementary, Middle, and Secondary School, Except Special Education",22458,Collect money from students for school-related projects.,Supplemental,60.0,08/2024,Incumbent
25-9043.00,"Teaching Assistants, Special Education",22493,"Grade homework and tests, and compute and record results, using answer sheets or electronic marking devices.",Supplemental,76.0,08/2025,Incumbent
25-9043.00,"Teaching Assistants, Special Education",22484,Assist in bus loading and unloading.,Supplemental,79.0,08/2025,Incumbent
25-9043.00,"Teaching Assistants, Special Education",22510,Take class attendance and maintain attendance records.,Supplemental,76.0,08/2025,Incumbent
25-9043.00,"Teaching Assistants, Special Education",22497,"Maintain computers in classrooms and laboratories, and assist students with hardware and software use.",Supplemental,78.0,08/2025,Incumbent
25-9043.00,"Teaching Assistants, Special Education",22504,Prepare lesson outlines and plans in assigned subject areas and submit outlines to teachers for review.,Supplemental,77.0,08/2025,Incumbent
25-9043.00,"Teaching Assistants, Special Education",22501,Participate in teacher-parent conferences regarding students' progress or problems.,Supplemental,77.0,08/2025,Incumbent
25-9043.00,"Teaching Assistants, Special Education",22485,Assist librarians in school libraries.,Supplemental,78.0,08/2025,Incumbent
25-9043.00,"Teaching Assistants, Special Education",22508,Requisition and stock teaching materials and supplies.,Supplemental,78.0,08/2025,Incumbent
25-9043.00,"Teaching Assistants, Special Education",22486,"Attend staff meetings and serve on committees, as required.",Supplemental,79.0,08/2025,Incumbent
25-9043.00,"Teaching Assistants, Special Education",22496,Laminate teaching materials to increase their durability under repeated use.,Supplemental,77.0,08/2025,Incumbent
25-9044.00,"Teaching Assistants, Postsecondary",10966,Complete laboratory projects prior to assigning them to students so that any needed modifications can be made.,Supplemental,98.0,07/2016,Incumbent
25-9044.00,"Teaching Assistants, Postsecondary",10968,Provide assistance to faculty members or staff with laboratory or field research.,Supplemental,98.0,07/2016,Incumbent
25-9044.00,"Teaching Assistants, Postsecondary",10964,Demonstrate use of laboratory equipment and enforce laboratory rules.,Supplemental,98.0,07/2016,Incumbent
25-9044.00,"Teaching Assistants, Postsecondary",20879,Attend lectures given by the supervising instructor.,Supplemental,99.0,07/2016,Incumbent
25-9044.00,"Teaching Assistants, Postsecondary",20880,Arrange for supervisors to conduct teaching observations and provide feedback about teaching performance.,Supplemental,98.0,07/2016,Incumbent
25-9044.00,"Teaching Assistants, Postsecondary",10972,Provide instructors with assistance in the use of audiovisual equipment.,Supplemental,97.0,07/2016,Incumbent
25-9044.00,"Teaching Assistants, Postsecondary",10973,Assist faculty members or staff with student conferences.,Supplemental,97.0,07/2016,Incumbent
27-1011.00,Art Directors,295,"Mark up, paste, and complete layouts and write typography instructions to prepare materials for typesetting or printing.",Supplemental,58.0,08/2023,Incumbent
27-1011.00,Art Directors,297,"Conceptualize and help design interfaces for multimedia games, products, and devices.",Supplemental,58.0,08/2023,Incumbent
27-1011.00,Art Directors,298,Prepare detailed storyboards showing sequence and timing of story development for television production.,Supplemental,58.0,08/2023,Incumbent
27-1011.00,Art Directors,296,Negotiate with printers and estimators to determine what services will be performed.,Supplemental,58.0,08/2023,Incumbent
27-1012.00,Craft Artists,9261,Develop designs using specialized computer software.,Supplemental,23.0,08/2025,Occupational Expert
27-1012.00,Craft Artists,9260,"Research craft trends, venues, and customer buying patterns to inspire designs and marketing strategies.",Supplemental,23.0,08/2025,Occupational Expert
27-1013.00,"Fine Artists, Including Painters, Sculptors, and Illustrators",11011,"Model substances such as clay or wax, using fingers and small hand tools to form objects.",Supplemental,50.0,07/2017,Incumbent
27-1013.00,"Fine Artists, Including Painters, Sculptors, and Illustrators",11000,"Create sculptures, statues, and other three-dimensional artwork by using abrasives and tools to shape, carve, and fabricate materials such as clay, stone, wood, or metal.",Supplemental,50.0,07/2017,Incumbent
27-1013.00,"Fine Artists, Including Painters, Sculptors, and Illustrators",20992,Set up exhibitions of artwork for display or sale.,Supplemental,50.0,07/2017,Incumbent
27-1013.00,"Fine Artists, Including Painters, Sculptors, and Illustrators",10998,"Render drawings, illustrations, and sketches of buildings, manufactured products, or models, working from sketches, blueprints, memory, models, or reference materials.",Supplemental,50.0,07/2017,Incumbent
27-1013.00,"Fine Artists, Including Painters, Sculptors, and Illustrators",11003,"Shade and fill in sketch outlines and backgrounds, using a variety of media such as water colors, markers, and transparent washes, labeling designated colors when necessary.",Supplemental,49.0,07/2017,Incumbent
27-1013.00,"Fine Artists, Including Painters, Sculptors, and Illustrators",20993,Frame and mat artwork for display or sale.,Supplemental,50.0,07/2017,Incumbent
27-1013.00,"Fine Artists, Including Painters, Sculptors, and Illustrators",20994,Submit artwork to shows or galleries.,Supplemental,50.0,07/2017,Incumbent
27-1013.00,"Fine Artists, Including Painters, Sculptors, and Illustrators",10992,"Submit preliminary or finished artwork or project plans to clients for approval, incorporating changes as necessary.",Supplemental,49.0,07/2017,Incumbent
27-1013.00,"Fine Artists, Including Painters, Sculptors, and Illustrators",11004,"Collaborate with engineers, mechanics, and other technical experts as necessary to build and install creations.",Supplemental,49.0,07/2017,Incumbent
27-1013.00,"Fine Artists, Including Painters, Sculptors, and Illustrators",10995,"Cut, bend, laminate, arrange, and fasten individual or mixed raw and manufactured materials and products to form works of art.",Supplemental,50.0,07/2017,Incumbent
27-1013.00,"Fine Artists, Including Painters, Sculptors, and Illustrators",11013,Provide entertainment at special events by performing activities such as drawing cartoons.,Supplemental,50.0,07/2017,Incumbent
27-1013.00,"Fine Artists, Including Painters, Sculptors, and Illustrators",11002,"Develop project budgets for approval, estimating time lines and material costs.",Supplemental,48.0,07/2017,Incumbent
27-1013.00,"Fine Artists, Including Painters, Sculptors, and Illustrators",11005,"Create and prepare sketches and model drawings of cartoon characters, providing details from memory, live models, manufactured products, or reference materials.",Supplemental,50.0,07/2017,Incumbent
27-1013.00,"Fine Artists, Including Painters, Sculptors, and Illustrators",10994,"Create finished art work as decoration, or to elucidate or substitute for spoken or written messages.",Supplemental,50.0,07/2017,Incumbent
27-1013.00,"Fine Artists, Including Painters, Sculptors, and Illustrators",10999,"Create sketches, profiles, or likenesses of posed subjects or photographs, using any combination of freehand drawing, mechanical assembly kits, and computer imaging.",Supplemental,50.0,07/2017,Incumbent
27-1013.00,"Fine Artists, Including Painters, Sculptors, and Illustrators",11009,"Trace drawings onto clear acetate for painting or coloring, or trace them with ink to make final copies.",Supplemental,50.0,07/2017,Incumbent
27-1013.00,"Fine Artists, Including Painters, Sculptors, and Illustrators",11010,"Apply solvents and cleaning agents to clean surfaces of paintings, and to remove accretions, discolorations, and deteriorated varnish.",Supplemental,50.0,07/2017,Incumbent
27-1013.00,"Fine Artists, Including Painters, Sculptors, and Illustrators",11012,"Collaborate with writers who create ideas, stories, or captions that are combined with artists' work.",Supplemental,50.0,07/2017,Incumbent
27-1013.00,"Fine Artists, Including Painters, Sculptors, and Illustrators",11008,"Brush or spray protective or decorative finishes on completed background panels, informational legends, exhibit accessories, or finished paintings.",Supplemental,49.0,07/2017,Incumbent
27-1013.00,"Fine Artists, Including Painters, Sculptors, and Illustrators",20995,Teach artistic techniques to children or adults.,Supplemental,49.0,07/2017,Incumbent
27-1014.00,Special Effects Artists and Animators,6895,Implement and maintain configuration control systems.,Supplemental,62.0,08/2019,Incumbent
27-1014.00,Special Effects Artists and Animators,6887,"Script, plan, and create animated narrative sequences under tight deadlines, using computer software and hand drawing techniques.",Supplemental,62.0,08/2019,Incumbent
27-1014.00,Special Effects Artists and Animators,6890,"Develop briefings, brochures, multimedia presentations, web pages, promotional products, technical illustrations, and computer artwork for use in products, technical manuals, literature, newsletters, and slide shows.",Supplemental,60.0,08/2019,Incumbent
27-1014.00,Special Effects Artists and Animators,6885,"Assemble, typeset, scan, and produce digital camera-ready art or film negatives and printer's proofs.",Supplemental,63.0,08/2019,Incumbent
27-1014.00,Special Effects Artists and Animators,6894,"Convert real objects to animated objects through modeling, using techniques such as optical scanning.",Supplemental,62.0,08/2019,Incumbent
27-1014.00,Special Effects Artists and Animators,6889,"Create pen-and-paper images to be scanned, edited, colored, textured, or animated by computer.",Supplemental,63.0,08/2019,Incumbent
27-1014.00,Special Effects Artists and Animators,6891,Use models to simulate the behavior of animated objects in the finished sequence.,Supplemental,62.0,08/2019,Incumbent
27-1021.00,Commercial and Industrial Designers,6910,Develop industrial standards and regulatory guidelines.,Supplemental,54.0,08/2019,Incumbent
27-1021.00,Commercial and Industrial Designers,6899,Coordinate the look and function of product lines.,Supplemental,55.0,08/2019,Incumbent
27-1021.00,Commercial and Industrial Designers,6907,Supervise assistants' work throughout the design process.,Supplemental,55.0,08/2019,Incumbent
27-1021.00,Commercial and Industrial Designers,6905,"Design graphic material for use as ornamentation, illustration, or advertising on manufactured materials and packaging or containers.",Supplemental,55.0,08/2019,Incumbent
27-1021.00,Commercial and Industrial Designers,6912,Advise corporations on issues involving corporate image projects or problems.,Supplemental,55.0,08/2019,Incumbent
27-1022.00,Fashion Designers,13026,Determine prices for styles.,Supplemental,59.0,08/2024,Incumbent
27-1022.00,Fashion Designers,13028,"Develop a group of products or accessories, and market them through venues such as boutiques or mail-order catalogs.",Supplemental,59.0,08/2024,Incumbent
27-1022.00,Fashion Designers,13027,"Draw patterns for articles designed, cut patterns, and cut material according to patterns, using measuring instruments and scissors.",Supplemental,59.0,08/2024,Incumbent
27-1022.00,Fashion Designers,13031,"Sew together sections of material to form mockups or samples of garments or articles, using sewing equipment.",Supplemental,59.0,08/2024,Incumbent
27-1022.00,Fashion Designers,13025,"Design custom clothing and accessories for individuals, retailers, or theatrical, television, or film productions.",Supplemental,58.0,08/2024,Incumbent
27-1022.00,Fashion Designers,13032,Research the styles and periods of clothing needed for film or theatrical productions.,Supplemental,59.0,08/2024,Incumbent
27-1022.00,Fashion Designers,13029,Read scripts and consult directors and other production staff to develop design concepts and plan productions.,Supplemental,58.0,08/2024,Incumbent
27-1023.00,Floral Designers,1732,"Conduct classes or demonstrations, or train other workers.",Supplemental,49.0,07/2015,Incumbent
27-1024.00,Graphic Designers,312,"Photograph layouts, using camera, to make layout prints for supervisors or clients.",Supplemental,20.0,08/2023,Occupational Expert
27-1024.00,Graphic Designers,23972,Write or edit copy for clients.,Supplemental,20.0,08/2023,Occupational Expert
27-1025.00,Interior Designers,1741,"Plan and design interior environments for boats, planes, buses, trains, and other enclosed spaces.",Supplemental,25.0,08/2024,Occupational Expert
27-1026.00,Merchandise Displayers and Window Trimmers,9273,Dress mannequins for displays.,Supplemental,63.0,07/2015,Incumbent
27-1026.00,Merchandise Displayers and Window Trimmers,20755,"Supervise or train staff members on daily tasks, such as visual merchandising.",Supplemental,65.0,07/2015,Incumbent
27-1026.00,Merchandise Displayers and Window Trimmers,20756,"Store, pack, and maintain inventory records of props, products, or display items.",Supplemental,66.0,07/2015,Incumbent
27-1026.00,Merchandise Displayers and Window Trimmers,9272,Use computers to produce signage.,Supplemental,64.0,07/2015,Incumbent
27-1026.00,Merchandise Displayers and Window Trimmers,9279,"Prepare sketches, floor plans, or models of proposed displays.",Supplemental,65.0,07/2015,Incumbent
27-1026.00,Merchandise Displayers and Window Trimmers,9277,Instruct sales staff in color coordination of clothing racks or counter displays.,Supplemental,62.0,07/2015,Incumbent
27-1026.00,Merchandise Displayers and Window Trimmers,9282,"Install decorations, such as flags, banners, festive lights, or bunting on or in building, street, exhibit hall, or booth.",Supplemental,65.0,07/2015,Incumbent
27-1026.00,Merchandise Displayers and Window Trimmers,9280,"Cut out designs on cardboard, hardboard, or plywood, according to motif of event.",Supplemental,64.0,07/2015,Incumbent
27-1027.00,Set and Exhibit Designers,9290,"Direct and coordinate construction, erection, or decoration activities to ensure that sets or exhibits meet design, budget, and schedule requirements.",Supplemental,20.0,08/2021,Occupational Expert
27-1027.00,Set and Exhibit Designers,9310,"Coordinate the transportation of sets that are built off-site, and coordinate their setup at the site of use.",Supplemental,21.0,08/2021,Occupational Expert
27-1027.00,Set and Exhibit Designers,9301,"Confer with conservators to determine how to handle an exhibit's environmental aspects, such as lighting, temperature, and humidity, so that objects will be protected and exhibits will be enhanced.",Supplemental,20.0,08/2021,Occupational Expert
27-1027.00,Set and Exhibit Designers,9295,Select and purchase lumber and hardware necessary for set construction.,Supplemental,20.0,08/2021,Occupational Expert
27-1027.00,Set and Exhibit Designers,9307,Arrange for outside contractors to construct exhibit structures.,Supplemental,21.0,08/2021,Occupational Expert
27-1027.00,Set and Exhibit Designers,9309,Incorporate security systems into exhibit layouts.,Supplemental,20.0,08/2021,Occupational Expert
27-1027.00,Set and Exhibit Designers,9299,"Coordinate the removal of sets, props, and exhibits after productions or events are complete.",Supplemental,20.0,08/2021,Occupational Expert
27-1027.00,Set and Exhibit Designers,9308,"Provide supportive materials for exhibits and displays, such as press kits, advertising, publicity notices, posters, brochures, catalogues, and invitations.",Supplemental,21.0,08/2021,Occupational Expert
27-2011.00,Actors,7654,"Write original or adapted material for dramas, comedies, puppet shows, narration, or other performances.",Supplemental,50.0,07/2017,Incumbent
27-2011.00,Actors,7657,Introduce performances and performers to stimulate excitement and coordinate smooth transition of acts during events.,Supplemental,50.0,07/2017,Incumbent
27-2011.00,Actors,7659,"Dress in comical clown costumes and makeup, and perform comedy routines to entertain audiences.",Supplemental,50.0,07/2017,Incumbent
27-2011.00,Actors,7661,"Construct puppets and ventriloquist dummies, and sew accessory clothing, using hand tools and machines.",Supplemental,50.0,07/2017,Incumbent
27-2011.00,Actors,7660,"Perform original and stock tricks of illusion to entertain and mystify audiences, occasionally including audience members as participants.",Supplemental,50.0,07/2017,Incumbent
27-2012.00,Producers and Directors,22539,Write and submit proposals to bid on contracts for projects.,Supplemental,62.0,08/2022,Incumbent
27-2012.00,Producers and Directors,22533,Compose and edit scripts or provide screenwriters with story outlines from which scripts can be written.,Supplemental,62.0,08/2022,Incumbent
27-2012.00,Producers and Directors,22535,Cut and edit film or tape to integrate component parts into desired sequences.,Supplemental,49.0,08/2022,Incumbent
27-2012.00,Producers and Directors,22514,Write and edit news stories from information collected by reporters and other sources.,Supplemental,62.0,08/2022,Incumbent
27-2012.00,Producers and Directors,22536,Choose settings and locations for films and determine how scenes will be shot in these settings.,Supplemental,48.0,08/2022,Incumbent
27-2012.00,Producers and Directors,22537,Review film daily to check on work in progress and to plan for future filming.,Supplemental,49.0,08/2022,Incumbent
27-2012.00,Producers and Directors,22534,"Negotiate with parties, including independent producers and the distributors and broadcasters who will be handling completed productions.",Supplemental,62.0,08/2022,Incumbent
27-2012.00,Producers and Directors,22529,"Perform administrative duties, such as preparing operational reports, distributing rehearsal call sheets and script copies, and arranging for rehearsal quarters.",Supplemental,62.0,08/2022,Incumbent
27-2012.00,Producers and Directors,22540,"Develop marketing plans for finished products, collaborating with sales associates to supervise product distribution.",Supplemental,62.0,08/2022,Incumbent
27-2012.00,Producers and Directors,22531,Arrange financing for productions.,Supplemental,62.0,08/2022,Incumbent
27-2012.03,Media Programming Directors,7670,Develop budgets for programming and broadcasting activities and monitor expenditures to ensure that they remain within budgetary limits.,Supplemental,58.0,08/2023,Incumbent
27-2012.03,Media Programming Directors,7682,"Cue announcers, actors, performers, and guests.",Supplemental,58.0,08/2023,Incumbent
27-2012.03,Media Programming Directors,7684,"Act as a liaison between talent and directors, providing information that performers or guests need to prepare for appearances and communicating relevant information from guests, performers, or staff to directors.",Supplemental,58.0,08/2023,Incumbent
27-2012.03,Media Programming Directors,7677,Participate in the planning and execution of fundraising activities.,Supplemental,59.0,08/2023,Incumbent
27-2012.04,Talent Directors,21139,"Direct shows, productions, and plays.",Supplemental,63.0,08/2019,Incumbent
27-2012.04,Talent Directors,11025,Hire and supervise workers who help locate people with specified attributes and talents.,Supplemental,64.0,08/2019,Incumbent
27-2012.04,Talent Directors,21140,Teach acting classes.,Supplemental,63.0,08/2019,Incumbent
27-2012.04,Talent Directors,11027,"Locate performers or extras for crowd and background scenes, and stand-ins or photo doubles for actors, by direct contact or through agents.",Supplemental,63.0,08/2019,Incumbent
27-2012.05,Media Technical Directors/Managers,3894,"Direct technical aspects of newscasts and other productions, checking and switching between video sources and taking responsibility for the on-air product, including camera shots and graphics.",Supplemental,49.0,08/2019,Incumbent
27-2012.05,Media Technical Directors/Managers,3908,"Follow instructions from production managers and directors during productions, such as commands for camera cuts, effects, graphics, and takes.",Supplemental,49.0,08/2019,Incumbent
27-2012.05,Media Technical Directors/Managers,3905,"Set up and execute video transitions and special effects, such as fades, dissolves, cuts, keys, and supers, using computers to manipulate pictures as necessary.",Supplemental,49.0,08/2019,Incumbent
27-2012.05,Media Technical Directors/Managers,3907,"Discuss filter options, lens choices, and the visual effects of objects being filmed with photography directors and video operators.",Supplemental,48.0,08/2019,Incumbent
27-2022.00,Coaches and Scouts,1746,Plan and direct physical conditioning programs that will enable athletes to achieve maximum performance.,Supplemental,108.0,08/2019,Incumbent
27-2022.00,Coaches and Scouts,20118,"Identify and recruit potential athletes by sending recruitment letters, meeting with recruits, and arranging and offering incentives, such as athletic scholarships.",Supplemental,108.0,08/2019,Incumbent
27-2022.00,Coaches and Scouts,20113,"Hire, supervise, and work with extended coaching staff.",Supplemental,106.0,08/2019,Incumbent
27-2022.00,Coaches and Scouts,1757,"Serve as organizer, leader, instructor, or referee for outdoor and indoor games, such as volleyball, football, and soccer.",Supplemental,108.0,08/2019,Incumbent
27-2022.00,Coaches and Scouts,20110,Teach instructional courses and advise students.,Supplemental,108.0,08/2019,Incumbent
27-2022.00,Coaches and Scouts,20119,Oversee the development and management of the sports program budget and fundraising activities.,Supplemental,108.0,08/2019,Incumbent
27-2022.00,Coaches and Scouts,1755,Develop and arrange competition schedules and programs.,Supplemental,107.0,08/2019,Incumbent
27-2022.00,Coaches and Scouts,20114,"Keep and review paper, computerized, and video records of athlete, team, and opposing team performance.",Supplemental,108.0,08/2019,Incumbent
27-2022.00,Coaches and Scouts,1748,"File scouting reports that detail player assessments, provide recommendations on athlete recruitment, and identify locations and individuals to be targeted for future recruitment efforts.",Supplemental,108.0,08/2019,Incumbent
27-2022.00,Coaches and Scouts,1761,"Select, acquire, store, and issue equipment and other materials as necessary.",Supplemental,108.0,08/2019,Incumbent
27-2023.00,"Umpires, Referees, and Other Sports Officials",3910,"Judge performances in sporting competitions to award points, impose scoring penalties, and determine results.",Supplemental,21.0,08/2021,Occupational Expert
27-2023.00,"Umpires, Referees, and Other Sports Officials",3916,Verify scoring calculations before competition winners are announced.,Supplemental,21.0,08/2021,Occupational Expert
27-2023.00,"Umpires, Referees, and Other Sports Officials",3914,Start races and competitions.,Supplemental,21.0,08/2021,Occupational Expert
27-2023.00,"Umpires, Referees, and Other Sports Officials",3923,Compile scores and other athletic records.,Supplemental,21.0,08/2021,Occupational Expert
27-2023.00,"Umpires, Referees, and Other Sports Officials",3922,"Verify credentials of participants in sporting events, and make other qualifying determinations, such as starting order or handicap number.",Supplemental,21.0,08/2021,Occupational Expert
27-2023.00,"Umpires, Referees, and Other Sports Officials",3913,"Keep track of event times, including race times and elapsed time during game segments, starting or stopping play when necessary.",Supplemental,21.0,08/2021,Occupational Expert
27-2023.00,"Umpires, Referees, and Other Sports Officials",3917,"Direct participants to assigned areas, such as starting blocks or penalty areas.",Supplemental,21.0,08/2021,Occupational Expert
27-2023.00,"Umpires, Referees, and Other Sports Officials",3921,Research and study players and teams to anticipate issues that might arise in future engagements.,Supplemental,21.0,08/2021,Occupational Expert
27-2031.00,Dancers,21141,"Prepare pointe shoes, by sewing or other means, for use in rehearsals and performance.",Supplemental,54.0,08/2019,Incumbent
27-2031.00,Dancers,7697,"Perform in productions, singing or acting in addition to dancing, if required.",Supplemental,54.0,08/2019,Incumbent
27-2031.00,Dancers,7695,Teach dance students.,Supplemental,54.0,08/2019,Incumbent
27-2031.00,Dancers,7696,Devise and choreograph dance for self or others.,Supplemental,53.0,08/2019,Incumbent
27-2032.00,Choreographers,11044,"Restage traditional dances and works in dance companies' repertoires, developing new interpretations.",Supplemental,21.0,08/2024,Occupational Expert
27-2041.00,Music Directors and Composers,22571,"Coordinate and organize tours, or hire touring companies to arrange concert dates, venues, accommodations, and transportation for longer tours.",Supplemental,77.0,08/2022,Incumbent
27-2042.00,Musicians and Singers,22593,"Research particular roles to find out more about a character, or the time and place in which a piece is set.",Supplemental,54.0,08/2022,Incumbent
27-2042.00,Musicians and Singers,22594,"Learn acting, dancing, and other skills required for dramatic singing roles.",Supplemental,53.0,08/2022,Incumbent
27-2042.00,Musicians and Singers,22595,"Transpose music to alternate keys, or to fit individual styles or purposes.",Supplemental,94.0,08/2022,Incumbent
27-2042.00,Musicians and Singers,22596,Direct bands or orchestras.,Supplemental,94.0,08/2022,Incumbent
27-2042.00,Musicians and Singers,22597,Compose songs or create vocal arrangements.,Supplemental,54.0,08/2022,Incumbent
27-2042.00,Musicians and Singers,22598,Arrange and edit music to fit style and purpose.,Supplemental,95.0,08/2022,Incumbent
27-2042.00,Musicians and Singers,22599,Improvise music during performances.,Supplemental,94.0,08/2022,Incumbent
27-2042.00,Musicians and Singers,22600,"Collaborate with a manager or agent who handles administrative details, finds work, and negotiates contracts.",Supplemental,53.0,08/2022,Incumbent
27-3011.00,Broadcast Announcers and Radio Disc Jockeys,20890,Maintain organization of the music library.,Supplemental,54.0,08/2025,Incumbent
27-3011.00,Broadcast Announcers and Radio Disc Jockeys,3931,Discuss various topics over the telephone with viewers or listeners.,Supplemental,54.0,08/2025,Incumbent
27-3011.00,Broadcast Announcers and Radio Disc Jockeys,3944,"Moderate panels or discussion shows on topics such as current affairs, art, or education.",Supplemental,54.0,08/2025,Incumbent
27-3011.00,Broadcast Announcers and Radio Disc Jockeys,3943,Give network cues permitting selected stations to receive programs.,Supplemental,53.0,08/2025,Incumbent
27-3011.00,Broadcast Announcers and Radio Disc Jockeys,3939,Describe or demonstrate products that viewers may purchase through specific shows or in stores.,Supplemental,54.0,08/2025,Incumbent
27-3031.00,Public Relations Specialists,19809,Coordinate public responses to environmental management incidents or conflicts.,Supplemental,22.0,08/2022,Occupational Expert
27-3031.00,Public Relations Specialists,19810,Develop marketing campaigns for environmental technologies or services.,Supplemental,22.0,08/2022,Occupational Expert
27-3031.00,Public Relations Specialists,1774,Purchase advertising space or time as required to promote client's product or agenda.,Supplemental,22.0,08/2022,Occupational Expert
27-3041.00,Editors,1787,"Monitor news-gathering operations to ensure utilization of all news sources, such as press releases, telephone contacts, radio, television, wire services, and other reporters.",Supplemental,62.0,07/2017,Incumbent
27-3041.00,Editors,1791,"Select local, state, national, and international news items received from wire services, based on assessment of items' significance and interest value.",Supplemental,62.0,07/2017,Incumbent
27-3041.00,Editors,1778,"Allocate print space for story text, photos, and illustrations according to space parameters and copy significance, using knowledge of layout principles.",Supplemental,62.0,07/2017,Incumbent
27-3041.00,Editors,1790,Make manuscript acceptance or revision recommendations to the publisher.,Supplemental,62.0,07/2017,Incumbent
27-3041.00,Editors,1793,"Direct the policies and departments of newspapers, magazines and other publishing establishments.",Supplemental,62.0,07/2017,Incumbent
27-3041.00,Editors,1794,Arrange for copyright permissions.,Supplemental,62.0,07/2017,Incumbent
27-3041.00,Editors,1792,"Interview and hire writers and reporters or negotiate contracts, royalties, and payments for authors or freelancers.",Supplemental,62.0,07/2017,Incumbent
27-3041.00,Editors,1795,"Read material to determine index items and arrange them alphabetically or topically, indicating page or chapter location.",Supplemental,62.0,07/2017,Incumbent
27-3043.00,Writers and Authors,22658,Conduct research and interviews to determine which of a product's selling features should be promoted.,Supplemental,44.0,08/2022,Incumbent
27-3043.00,Writers and Authors,22659,"Invent names for products and write the slogans that appear on packaging, brochures and other promotional material.",Supplemental,44.0,08/2022,Incumbent
27-3043.05,"Poets, Lyricists and Creative Writers",11055,"Write narrative, dramatic, lyric, or other types of poetry for publication.",Supplemental,22.0,08/2024,Occupational Expert
27-3043.05,"Poets, Lyricists and Creative Writers",11057,"Write words to fit musical compositions, including lyrics for operas, musical plays, and choral works.",Supplemental,22.0,08/2024,Occupational Expert
27-3043.05,"Poets, Lyricists and Creative Writers",11058,Adapt text to accommodate musical requirements of composers and singers.,Supplemental,22.0,08/2024,Occupational Expert
27-3043.05,"Poets, Lyricists and Creative Writers",11060,"Write humorous material for publication, or for performances such as comedy routines, gags, and comedy shows.",Supplemental,21.0,08/2024,Occupational Expert
27-3043.05,"Poets, Lyricists and Creative Writers",11059,Teach writing classes.,Supplemental,22.0,08/2024,Occupational Expert
27-3043.05,"Poets, Lyricists and Creative Writers",11061,Collaborate with other writers on specific projects.,Supplemental,22.0,08/2024,Occupational Expert
27-3091.00,Interpreters and Translators,9334,"Adapt translations to students' cognitive and grade levels, collaborating with educational team members as necessary.",Supplemental,60.0,08/2021,Incumbent
27-3091.00,Interpreters and Translators,9336,"Check original texts or confer with authors to ensure that translations retain the content, meaning, and feeling of the original material.",Supplemental,60.0,08/2021,Incumbent
27-3091.00,Interpreters and Translators,9339,Adapt software and accompanying technical documents to another language and culture.,Supplemental,59.0,08/2021,Incumbent
27-3091.00,Interpreters and Translators,9340,"Educate students, parents, staff, and teachers about the roles and functions of educational interpreters.",Supplemental,60.0,08/2021,Incumbent
27-3091.00,Interpreters and Translators,9329,"Proofread, edit, and revise translated materials.",Supplemental,59.0,08/2021,Incumbent
27-3091.00,Interpreters and Translators,9341,Train and supervise other translators or interpreters.,Supplemental,61.0,08/2021,Incumbent
27-3091.00,Interpreters and Translators,9331,"Read written materials, such as legal documents, scientific works, or news reports, and rewrite material into specified languages.",Supplemental,60.0,08/2021,Incumbent
27-3091.00,Interpreters and Translators,9342,Travel with or guide tourists who speak another language.,Supplemental,60.0,08/2021,Incumbent
27-3091.00,Interpreters and Translators,9338,Discuss translation requirements with clients and determine any fees to be charged for services provided.,Supplemental,60.0,08/2021,Incumbent
27-3092.00,Court Reporters and Simultaneous Captioners,8663,Record symbols on computer storage media and use computer aided transcription to translate and display them as text.,Supplemental,61.0,08/2020,Incumbent
27-3092.00,Court Reporters and Simultaneous Captioners,8653,Take notes in shorthand or use a stenotype or shorthand machine that prints letters on a paper tape.,Supplemental,62.0,08/2020,Incumbent
27-3092.00,Court Reporters and Simultaneous Captioners,21185,Type court orders for judges.,Supplemental,62.0,08/2020,Incumbent
27-3092.00,Court Reporters and Simultaneous Captioners,8661,Record depositions and other proceedings for attorneys.,Supplemental,61.0,08/2020,Incumbent
27-4011.00,Audio and Video Technicians,3981,Monitor incoming and outgoing pictures and sound feeds to ensure quality and notify directors of any possible problems.,Supplemental,70.0,08/2018,Incumbent
27-4011.00,Audio and Video Technicians,3982,Mix and regulate sound inputs and feeds or coordinate audio feeds with television pictures.,Supplemental,68.0,08/2018,Incumbent
27-4011.00,Audio and Video Technicians,3989,"Construct and position properties, sets, lighting equipment, and other equipment.",Supplemental,70.0,08/2018,Incumbent
27-4011.00,Audio and Video Technicians,18651,"Reserve audio-visual equipment and facilities, such as meeting rooms.",Supplemental,68.0,08/2018,Incumbent
27-4011.00,Audio and Video Technicians,3996,"Determine formats, approaches, content, levels, and mediums to effectively meet objectives within budgetary constraints, using research, knowledge, and training.",Supplemental,70.0,08/2018,Incumbent
27-4011.00,Audio and Video Technicians,3992,Edit videotapes by erasing and removing portions of programs and adding video or sound as required.,Supplemental,68.0,08/2018,Incumbent
27-4011.00,Audio and Video Technicians,3991,"Obtain, set up, and load videotapes for scheduled productions or broadcasts.",Supplemental,69.0,08/2018,Incumbent
27-4011.00,Audio and Video Technicians,4000,Produce rough and finished graphics and graphic designs.,Supplemental,70.0,08/2018,Incumbent
27-4011.00,Audio and Video Technicians,4001,"Locate and secure settings, properties, effects, and other production necessities.",Supplemental,69.0,08/2018,Incumbent
27-4011.00,Audio and Video Technicians,3988,"Meet with directors and senior members of camera crews to discuss assignments and determine filming sequences, camera movements, and picture composition.",Supplemental,69.0,08/2018,Incumbent
27-4011.00,Audio and Video Technicians,3995,Maintain inventories of audio and videotapes and related supplies.,Supplemental,69.0,08/2018,Incumbent
27-4011.00,Audio and Video Technicians,3999,Obtain and preview musical performance programs prior to events to become familiar with the order and approximate times of pieces.,Supplemental,69.0,08/2018,Incumbent
27-4011.00,Audio and Video Technicians,4006,Perform narration of productions or present announcements.,Supplemental,67.0,08/2018,Incumbent
27-4011.00,Audio and Video Technicians,3994,"Plan and develop pre-production ideas into outlines, scripts, story boards, and graphics, using own ideas or specifications of assignments.",Supplemental,68.0,08/2018,Incumbent
27-4011.00,Audio and Video Technicians,4004,"Organize and maintain compliance, license, and warranty information related to audio and video facilities.",Supplemental,68.0,08/2018,Incumbent
27-4011.00,Audio and Video Technicians,3998,Inform users of audio and videotaping service policies and procedures.,Supplemental,68.0,08/2018,Incumbent
27-4011.00,Audio and Video Technicians,18652,Analyze and maintain data logs for audio-visual activities.,Supplemental,69.0,08/2018,Incumbent
27-4011.00,Audio and Video Technicians,4005,"Develop manuals, texts, workbooks, or related materials for use in conjunction with production materials or for training.",Supplemental,68.0,08/2018,Incumbent
27-4012.00,Broadcast Technicians,4015,"Record sound onto tape or film for radio or television, checking its quality and making adjustments where necessary.",Supplemental,65.0,08/2019,Incumbent
27-4012.00,Broadcast Technicians,4021,Schedule programming or read television programming logs to determine which programs are to be recorded or aired.,Supplemental,66.0,08/2019,Incumbent
27-4012.00,Broadcast Technicians,4022,"Edit broadcast material electronically, using computers.",Supplemental,65.0,08/2019,Incumbent
27-4012.00,Broadcast Technicians,18658,Develop employee work schedules.,Supplemental,66.0,08/2019,Incumbent
27-4012.00,Broadcast Technicians,4020,"Instruct trainees in use of television production equipment, filming of events, and copying and editing graphics or sound onto videotape.",Supplemental,66.0,08/2019,Incumbent
27-4012.00,Broadcast Technicians,4016,Align antennae with receiving dishes to obtain the clearest signal for transmission of broadcasts from field locations.,Supplemental,66.0,08/2019,Incumbent
27-4012.00,Broadcast Technicians,4010,"Regulate the fidelity, brightness, and contrast of video transmissions, using video console control panels.",Supplemental,66.0,08/2019,Incumbent
27-4012.00,Broadcast Technicians,18657,Make commercial dubs.,Supplemental,65.0,08/2019,Incumbent
27-4012.00,Broadcast Technicians,4025,"Determine the number, type, and approximate location of microphones needed for best sound recording or transmission quality, and position them appropriately.",Supplemental,66.0,08/2019,Incumbent
27-4012.00,Broadcast Technicians,4018,"Organize recording sessions and prepare areas, such as radio booths and television stations, for recording.",Supplemental,65.0,08/2019,Incumbent
27-4012.00,Broadcast Technicians,4024,Set up and operate portable field transmission equipment outside the studio.,Supplemental,66.0,08/2019,Incumbent
27-4012.00,Broadcast Technicians,4023,Give technical directions to other personnel during filming.,Supplemental,66.0,08/2019,Incumbent
27-4012.00,Broadcast Technicians,4027,"Prepare reports outlining past and future programs, including content.",Supplemental,66.0,08/2019,Incumbent
27-4012.00,Broadcast Technicians,4028,Discuss production requirements with clients.,Supplemental,66.0,08/2019,Incumbent
27-4014.00,Sound Engineering Technicians,7731,"Create musical instrument digital interface programs for music projects, commercials, or film postproduction.",Supplemental,25.0,08/2025,Occupational Expert
27-4021.00,Photographers,20561,Send film to photofinishing laboratories for processing.,Supplemental,22.0,08/2021,Occupational Expert
27-4021.00,Photographers,9366,Develop visual aids and charts for use in lectures or to present evidence in court.,Supplemental,22.0,08/2021,Occupational Expert
27-4021.00,Photographers,9365,Load and unload film.,Supplemental,22.0,08/2021,Occupational Expert
27-4021.00,Photographers,20560,Write photograph captions.,Supplemental,22.0,08/2021,Occupational Expert
27-4021.00,Photographers,9364,Set up photographic exhibitions for the purpose of displaying and selling work.,Supplemental,22.0,08/2021,Occupational Expert
27-4021.00,Photographers,9360,"Produce computer-readable, digital images from film, using flatbed scanners and photofinishing laboratories.",Supplemental,22.0,08/2021,Occupational Expert
27-4021.00,Photographers,9362,"Employ a variety of specialized photographic materials and techniques, including infrared and ultraviolet films, macro photography, photogrammetry and sensitometry.",Supplemental,22.0,08/2021,Occupational Expert
27-4021.00,Photographers,9367,License the use of photographs through stock photo agencies.,Supplemental,22.0,08/2021,Occupational Expert
27-4021.00,Photographers,20559,"Develop and print exposed film, using chemicals, touch-up tools, and developing and printing equipment.",Supplemental,22.0,08/2021,Occupational Expert
27-4031.00,"Camera Operators, Television, Video, and Film",18663,"Edit video for broadcast productions, including non-linear editing.",Supplemental,56.0,08/2019,Incumbent
27-4031.00,"Camera Operators, Television, Video, and Film",4039,"Instruct camera operators regarding camera setups, angles, distances, movement, and variables and cues for starting and stopping filming.",Supplemental,56.0,08/2019,Incumbent
27-4031.00,"Camera Operators, Television, Video, and Film",18665,"Assemble studio sets and select and arrange cameras, film stock, audio, or lighting equipment to be used during filming.",Supplemental,56.0,08/2019,Incumbent
27-4031.00,"Camera Operators, Television, Video, and Film",4046,"Read and analyze work orders and specifications to determine locations of subject material, work procedures, sequences of operations, and machine setups.",Supplemental,57.0,08/2019,Incumbent
27-4031.00,"Camera Operators, Television, Video, and Film",4044,"View films to resolve problems of exposure control, subject and camera movement, changes in subject distance, and related variables.",Supplemental,56.0,08/2019,Incumbent
27-4031.00,"Camera Operators, Television, Video, and Film",18669,Direct studio productions.,Supplemental,56.0,08/2019,Incumbent
27-4031.00,"Camera Operators, Television, Video, and Film",4043,"Set up cameras, optical printers, and related equipment to produce photographs and special effects.",Supplemental,55.0,08/2019,Incumbent
27-4031.00,"Camera Operators, Television, Video, and Film",4042,"Read charts and compute ratios to determine variables such as lighting, shutter angles, filter factors, and camera distances.",Supplemental,54.0,08/2019,Incumbent
27-4031.00,"Camera Operators, Television, Video, and Film",18668,Set up and operate electric news gathering (ENG) microwave vehicles to gather and edit raw footage on location to send to television affiliates for broadcast.,Supplemental,56.0,08/2019,Incumbent
27-4031.00,"Camera Operators, Television, Video, and Film",18671,Write new scripts for broadcasts.,Supplemental,57.0,08/2019,Incumbent
27-4031.00,"Camera Operators, Television, Video, and Film",18670,Design graphics for studio productions.,Supplemental,57.0,08/2019,Incumbent
27-4031.00,"Camera Operators, Television, Video, and Film",18667,Stay current with new technologies in the field by reading trade magazines.,Supplemental,56.0,08/2019,Incumbent
27-4032.00,Film and Video Editors,4055,Determine the specific audio and visual effects and music necessary to complete films.,Supplemental,57.0,08/2020,Incumbent
27-4032.00,Film and Video Editors,4054,Mark frames where a particular shot or piece of sound is to begin or end.,Supplemental,55.0,08/2020,Incumbent
27-4032.00,Film and Video Editors,4062,Record needed sounds or obtain them from sound effects libraries.,Supplemental,56.0,08/2020,Incumbent
27-4032.00,Film and Video Editors,4069,Conduct film screenings for directors and members of production staffs.,Supplemental,56.0,08/2020,Incumbent
27-4032.00,Film and Video Editors,4071,Discuss the sound requirements of pictures with sound effects editors.,Supplemental,55.0,08/2020,Incumbent
27-4032.00,Film and Video Editors,4068,Piece sounds together to develop film soundtracks.,Supplemental,57.0,08/2020,Incumbent
27-4032.00,Film and Video Editors,4063,Confer with producers and directors concerning layout or editing approaches needed to increase dramatic or entertainment value of productions.,Supplemental,55.0,08/2020,Incumbent
27-4032.00,Film and Video Editors,4067,Develop post-production models for films.,Supplemental,55.0,08/2020,Incumbent
27-4032.00,Film and Video Editors,4070,Collaborate with music editors to select appropriate passages of music and develop production scores.,Supplemental,57.0,08/2020,Incumbent
29-1022.00,Oral and Maxillofacial Surgeons,20244,"Perform minor cosmetic procedures, such as chin and cheekbone enhancements.",Supplemental,60.0,07/2012,Incumbent
29-1022.00,Oral and Maxillofacial Surgeons,20245,"Perform minor facial rejuvenation procedures, including the use of Botox and laser technology.",Supplemental,60.0,07/2012,Incumbent
29-1022.00,Oral and Maxillofacial Surgeons,9382,"Treat snoring problems, using laser surgery.",Supplemental,60.0,07/2012,Incumbent
29-1031.00,Dietitians and Nutritionists,325,"Select, train, and supervise workers who plan, prepare, and serve meals.",Supplemental,30.0,08/2021,Occupational Expert
29-1031.00,Dietitians and Nutritionists,332,"Make recommendations regarding public policy, such as nutrition labeling, food fortification, or nutrition standards for school programs.",Supplemental,30.0,08/2021,Occupational Expert
29-1031.00,Dietitians and Nutritionists,326,Manage quantity food service departments or clinical and community nutrition services.,Supplemental,30.0,08/2021,Occupational Expert
29-1031.00,Dietitians and Nutritionists,318,"Monitor food service operations to ensure conformance to nutritional, safety, sanitation and quality standards.",Supplemental,30.0,08/2021,Occupational Expert
29-1031.00,Dietitians and Nutritionists,321,Inspect meals served for conformance to prescribed diets and standards of palatability and appearance.,Supplemental,30.0,08/2021,Occupational Expert
29-1031.00,Dietitians and Nutritionists,324,Purchase food in accordance with health and safety codes.,Supplemental,30.0,08/2021,Occupational Expert
29-1031.00,Dietitians and Nutritionists,320,Develop policies for food service or nutritional programs to assist in health promotion and disease control.,Supplemental,30.0,08/2021,Occupational Expert
29-1031.00,Dietitians and Nutritionists,329,"Organize, develop, analyze, test, and prepare special meals, such as low-fat, low-cholesterol, or chemical-free meals.",Supplemental,30.0,08/2021,Occupational Expert
29-1031.00,Dietitians and Nutritionists,328,"Advise food service managers and organizations on sanitation, safety procedures, menu development, budgeting, and planning to assist with establishment, operation, and evaluation of food service facilities and nutrition programs.",Supplemental,30.0,08/2021,Occupational Expert
29-1031.00,Dietitians and Nutritionists,323,"Prepare and administer budgets for food, equipment, and supplies.",Supplemental,30.0,08/2021,Occupational Expert
29-1031.00,Dietitians and Nutritionists,23917,"Plan, conduct, and evaluate nutrigenomic or nutrigenetic research.",Supplemental,30.0,08/2021,Occupational Expert
29-1031.00,Dietitians and Nutritionists,319,Coordinate recipe development and standardization and develop new menus for independent food service operations.,Supplemental,30.0,08/2021,Occupational Expert
29-1031.00,Dietitians and Nutritionists,334,Plan and prepare grant proposals to request program funding.,Supplemental,30.0,08/2021,Occupational Expert
29-1031.00,Dietitians and Nutritionists,335,Test new food products and equipment.,Supplemental,30.0,08/2021,Occupational Expert
29-1031.00,Dietitians and Nutritionists,336,"Confer with design, building, and equipment personnel to plan for construction and remodeling of food service units.",Supplemental,30.0,08/2021,Occupational Expert
29-1051.00,Pharmacists,1823,"Work in hospitals or clinics or for Health Management Organizations (HMOs), dispensing prescriptions, serving as a medical team consultant, or specializing in specific drug therapy areas, such as oncology or nuclear pharmacotherapy.",Supplemental,63.0,08/2022,Incumbent
29-1051.00,Pharmacists,20406,Update or troubleshoot pharmacy information databases.,Supplemental,63.0,08/2022,Incumbent
29-1051.00,Pharmacists,1822,"Manage pharmacy operations, hiring or supervising staff, performing administrative duties, or buying or selling non-pharmaceutical merchandise.",Supplemental,62.0,08/2022,Incumbent
29-1051.00,Pharmacists,1819,"Prepare sterile solutions or infusions for use in surgical procedures, emergency rooms, or patients' homes.",Supplemental,63.0,08/2022,Incumbent
29-1051.00,Pharmacists,20404,"Offer health promotion or prevention activities, such as training people to use blood pressure devices or diabetes monitors.",Supplemental,63.0,08/2022,Incumbent
29-1051.00,Pharmacists,1826,"Publish educational information for other pharmacists, doctors, or patients.",Supplemental,63.0,08/2022,Incumbent
29-1071.01,Anesthesiologist Assistants,17310,Control anesthesia levels during procedures.,Supplemental,60.0,07/2012,Incumbent
29-1071.01,Anesthesiologist Assistants,17305,"Assist anesthesiologists in monitoring of patients, including electrocardiogram (EKG), direct arterial pressure, central venous pressure, arterial blood gas, hematocrit, or routine measurement of temperature, respiration, blood pressure or heart rate.",Supplemental,60.0,07/2012,Incumbent
29-1071.01,Anesthesiologist Assistants,17309,"Administer blood, blood products, or supportive fluids.",Supplemental,61.0,07/2012,Incumbent
29-1071.01,Anesthesiologist Assistants,17300,Collect and document patients' pre-anesthetic health histories.,Supplemental,61.0,07/2012,Incumbent
29-1071.01,Anesthesiologist Assistants,17306,Assist in the provision of advanced life support techniques including those procedures using high frequency ventilation or intra-arterial cardiovascular assistance devices.,Supplemental,61.0,07/2012,Incumbent
29-1071.01,Anesthesiologist Assistants,17303,Monitor and document patients' progress during post-anesthesia period.,Supplemental,61.0,07/2012,Incumbent
29-1071.01,Anesthesiologist Assistants,17311,"Administer anesthetic, adjuvant, or accessory drugs under the direction of an anesthesiologist.",Supplemental,61.0,07/2012,Incumbent
29-1071.01,Anesthesiologist Assistants,17307,"Assist anesthesiologists in performing anesthetic procedures, such as epidural or spinal injections.",Supplemental,61.0,07/2012,Incumbent
29-1071.01,Anesthesiologist Assistants,17297,"Provide clinical instruction, supervision or training to staff in areas such as anesthesia practices.",Supplemental,61.0,07/2012,Incumbent
29-1071.01,Anesthesiologist Assistants,17308,"Assist in the application of monitoring techniques, such as pulmonary artery catheterization, electroencephalographic spectral analysis, echocardiography, or evoked potentials.",Supplemental,61.0,07/2012,Incumbent
29-1071.01,Anesthesiologist Assistants,17298,Collect samples or specimens for diagnostic testing.,Supplemental,60.0,07/2012,Incumbent
29-1081.00,Podiatrists,7858,"Treat deformities using mechanical methods, such as whirlpool or paraffin baths, and electrical methods, such as short wave and low voltage currents.",Supplemental,70.0,08/2022,Incumbent
29-1122.00,Occupational Therapists,362,Provide patients with assistance in locating or holding jobs.,Supplemental,22.0,08/2021,Occupational Expert
29-1122.01,"Low Vision Therapists, Orientation and Mobility Specialists, and Vision Rehabilitation Therapists",17343,Administer tests and interpret test results to develop rehabilitation plans for clients.,Supplemental,23.0,08/2021,Occupational Expert
29-1122.01,"Low Vision Therapists, Orientation and Mobility Specialists, and Vision Rehabilitation Therapists",17344,Train clients to read or write Braille.,Supplemental,23.0,08/2021,Occupational Expert
29-1123.00,Physical Therapists,386,Direct group rehabilitation activities.,Supplemental,76.0,08/2020,Incumbent
29-1124.00,Radiation Therapists,4103,Implement appropriate follow-up care plans.,Supplemental,102.0,07/2013,Incumbent
29-1124.00,Radiation Therapists,4104,"Store, sterilize, or prepare the special applicators containing the radioactive substance implanted by the physician.",Supplemental,102.0,07/2013,Incumbent
29-1124.00,Radiation Therapists,4105,"Assist in the preparation of sealed radioactive materials, such as cobalt, radium, cesium, or isotopes, for use in radiation treatments.",Supplemental,102.0,07/2013,Incumbent
29-1126.00,Respiratory Therapists,20410,Perform endotracheal intubation to maintain open airways for patients who are unable to breathe on their own.,Supplemental,112.0,07/2013,Incumbent
29-1126.00,Respiratory Therapists,20411,"Monitor cardiac patients, using electrocardiography devices, such as a holter monitor.",Supplemental,112.0,07/2013,Incumbent
29-1127.00,Speech-Language Pathologists,18525,"Develop individual or group activities or programs in schools to deal with behavior, speech, language, or swallowing problems.",Supplemental,71.0,08/2022,Incumbent
29-1127.00,Speech-Language Pathologists,1879,Conduct lessons or direct educational or therapeutic games to assist teachers dealing with speech problems.,Supplemental,70.0,08/2022,Incumbent
29-1127.00,Speech-Language Pathologists,1883,Provide communication instruction to dialect speakers or students with limited English proficiency.,Supplemental,70.0,08/2022,Incumbent
29-1127.00,Speech-Language Pathologists,23952,Supervise students or assistants.,Supplemental,71.0,08/2022,Incumbent
29-1127.00,Speech-Language Pathologists,1882,"Communicate with students who use an alternative method of communications, using sign language or computer technology.",Supplemental,71.0,08/2022,Incumbent
29-1127.00,Speech-Language Pathologists,1885,"Conduct or direct research on speech or hearing topics and report findings for use in developing procedures, technologies, or treatments.",Supplemental,69.0,08/2022,Incumbent
29-1129.01,Art Therapists,19152,Photograph or videotape client artwork for inclusion in client records or for promotional purposes.,Supplemental,32.0,08/2021,Occupational Expert
29-1129.01,Art Therapists,19156,Coordinate art showcases to display artwork produced by clients.,Supplemental,32.0,08/2021,Occupational Expert
29-1129.01,Art Therapists,19157,Coordinate field trips for client groups to museums or other public displays of art.,Supplemental,32.0,08/2021,Occupational Expert
29-1131.00,Veterinarians,4121,"Specialize in a particular type of treatment, such as dentistry, pathology, nutrition, surgery, microbiology, or internal medicine.",Supplemental,73.0,08/2020,Incumbent
29-1131.00,Veterinarians,4119,"Direct the overall operations of animal hospitals, clinics, or mobile services to farms.",Supplemental,76.0,08/2020,Incumbent
29-1131.00,Veterinarians,4122,"Inspect and test horses, sheep, poultry, or other animals to detect the presence of communicable diseases.",Supplemental,76.0,08/2020,Incumbent
29-1131.00,Veterinarians,4116,Establish or conduct quarantine or testing procedures that prevent the spread of diseases to other animals or to humans and that comply with applicable government regulations.,Supplemental,75.0,08/2020,Incumbent
29-1131.00,Veterinarians,4124,Research diseases to which animals could be susceptible.,Supplemental,74.0,08/2020,Incumbent
29-1131.00,Veterinarians,4114,"Provide care to a wide range of animals or specialize in a particular species, such as horses or exotic birds.",Supplemental,74.0,08/2020,Incumbent
29-1131.00,Veterinarians,4126,"Determine the effects of drug therapies, antibiotics, or new surgical techniques by testing them on animals.",Supplemental,74.0,08/2020,Incumbent
29-1141.00,Registered Nurses,1861,"Perform administrative or managerial functions, such as taking responsibility for a unit's staff, budget, planning, or long-range goals.",Supplemental,87.0,08/2021,Incumbent
29-1141.00,Registered Nurses,1844,"Order, interpret, and evaluate diagnostic tests to identify and assess patient's condition.",Supplemental,88.0,08/2021,Incumbent
29-1141.00,Registered Nurses,1859,"Prescribe or recommend drugs, medical devices, or other forms of treatment, such as physical therapy, inhalation therapy, or related therapeutic procedures.",Supplemental,89.0,08/2021,Incumbent
29-1141.00,Registered Nurses,1860,"Direct or coordinate infection control programs, advising or consulting with specified personnel about necessary precautions.",Supplemental,88.0,08/2021,Incumbent
29-1141.00,Registered Nurses,1851,"Prepare rooms, sterile instruments, equipment, or supplies and ensure that stock of supplies is maintained.",Supplemental,90.0,08/2021,Incumbent
29-1141.00,Registered Nurses,1854,"Administer local, inhalation, intravenous, or other anesthetics.",Supplemental,87.0,08/2021,Incumbent
29-1141.00,Registered Nurses,1862,Provide or arrange for training or instruction of auxiliary personnel or students.,Supplemental,90.0,08/2021,Incumbent
29-1141.00,Registered Nurses,1863,Refer students or patients to specialized health resources or community agencies furnishing assistance.,Supplemental,90.0,08/2021,Incumbent
29-1141.00,Registered Nurses,1856,"Perform physical examinations, make tentative diagnoses, and treat patients en route to hospitals or at disaster site triage centers.",Supplemental,90.0,08/2021,Incumbent
29-1141.00,Registered Nurses,1864,Consult with institutions or associations regarding issues or concerns relevant to the practice and profession of nursing.,Supplemental,90.0,08/2021,Incumbent
29-1141.00,Registered Nurses,1852,Inform physician of patient's condition during anesthesia.,Supplemental,89.0,08/2021,Incumbent
29-1141.00,Registered Nurses,1866,Engage in research activities related to nursing.,Supplemental,90.0,08/2021,Incumbent
29-1141.01,Acute Care Nurses,18304,"Adjust settings on patients' assistive devices, such as temporary pacemakers.",Supplemental,21.0,08/2025,Occupational Expert
29-1141.01,Acute Care Nurses,18314,"Prescribe medications and observe patients' reactions, modifying prescriptions as needed.",Supplemental,19.0,08/2025,Occupational Expert
29-1141.01,Acute Care Nurses,18312,"Order, perform, or interpret the results of diagnostic tests and screening procedures based on assessment results, differential diagnoses, and knowledge about age, gender and health status of clients.",Supplemental,21.0,08/2025,Occupational Expert
29-1141.01,Acute Care Nurses,18315,Refer patients for specialty consultations or treatments.,Supplemental,21.0,08/2025,Occupational Expert
29-1141.02,Advanced Practice Psychiatric Nurses,17315,Monitor the use and status of medical and pharmaceutical supplies.,Supplemental,23.0,08/2023,Occupational Expert
29-1141.02,Advanced Practice Psychiatric Nurses,17318,Treat patients for routine physical health problems.,Supplemental,22.0,08/2023,Occupational Expert
29-1141.02,Advanced Practice Psychiatric Nurses,17314,Direct or provide home health services.,Supplemental,23.0,08/2023,Occupational Expert
29-1141.02,Advanced Practice Psychiatric Nurses,17312,"Teach classes in mental health topics, such as stress reduction.",Supplemental,23.0,08/2023,Occupational Expert
29-1161.00,Nurse Midwives,18451,Manage newborn care during the first weeks of life.,Supplemental,33.0,08/2021,Occupational Expert
29-1211.00,Anesthesiologists,7768,"Schedule and maintain use of surgical suite, including operating, wash-up, waiting rooms, or anesthetic and sterilizing equipment.",Supplemental,100.0,07/2012,Incumbent
29-1211.00,Anesthesiologists,7770,"Conduct medical research to aid in controlling and curing disease, to investigate new medications, and to develop and test new medical techniques.",Supplemental,98.0,07/2012,Incumbent
29-1213.00,Dermatologists,17086,Conduct clinical or basic research.,Supplemental,76.0,08/2021,Incumbent
29-1213.00,Dermatologists,17083,"Evaluate patients to determine eligibility for cosmetic procedures such as liposuction, laser resurfacing, or microdermabrasion.",Supplemental,75.0,08/2021,Incumbent
29-1215.00,Family Medicine Physicians,20121,"Prepare government or organizational reports which include birth, death, and disease statistics, workforce evaluations, or medical status of individuals.",Supplemental,58.0,08/2020,Incumbent
29-1216.00,General Internal Medicine Physicians,7802,"Conduct research to develop or test medications, treatments, or procedures to prevent or control disease or injury.",Supplemental,57.0,08/2021,Incumbent
29-1216.00,General Internal Medicine Physicians,7800,"Operate on patients to remove, repair, or improve functioning of diseased or injured body parts and systems.",Supplemental,57.0,08/2021,Incumbent
29-1216.00,General Internal Medicine Physicians,7801,"Plan, implement, or administer health programs in hospitals, businesses, or communities for prevention and treatment of injuries or illnesses.",Supplemental,57.0,08/2021,Incumbent
29-1217.00,Neurologists,17120,"Perform specialized treatments in areas such as sleep disorders, neuroimmunology, neuro-oncology, behavioral neurology, and neurogenetics.",Supplemental,62.0,07/2012,Incumbent
29-1217.00,Neurologists,17118,"Prescribe or administer treatments, such as transcranial magnetic stimulation, vagus nerve stimulation, and deep brain stimulation.",Supplemental,61.0,07/2012,Incumbent
29-1218.00,Obstetricians and Gynecologists,7818,"Conduct research to develop or test medications, treatments, or procedures to prevent or control disease or injury.",Supplemental,56.0,08/2023,Incumbent
29-1221.00,"Pediatricians, General",7832,"Operate on patients to remove, repair, or improve functioning of diseased or injured body parts and systems.",Supplemental,65.0,08/2020,Incumbent
29-1221.00,"Pediatricians, General",7831,"Plan, implement, or administer health programs or standards in hospitals, businesses, or communities for prevention or treatment of injury or illness.",Supplemental,65.0,08/2020,Incumbent
29-1221.00,"Pediatricians, General",7833,"Conduct research to study anatomy and develop or test medications, treatments, or procedures to prevent or control disease or injury.",Supplemental,65.0,08/2020,Incumbent
29-1221.00,"Pediatricians, General",20247,"Prepare government or organizational reports of birth, death, and disease statistics, workforce evaluations, or medical status of individuals.",Supplemental,65.0,08/2020,Incumbent
29-1222.00,"Physicians, Pathologists",17188,"Diagnose infections, such as Hepatitis B and Acquired Immune Deficiency Syndrome (AIDS), by conducting tests to detect the antibodies that patients' immune systems make to fight such infections.",Supplemental,80.0,08/2020,Incumbent
29-1222.00,"Physicians, Pathologists",17186,"Obtain specimens by performing procedures, such as biopsies or fine needle aspirations (FNAs) of superficial nodules.",Supplemental,80.0,08/2020,Incumbent
29-1222.00,"Physicians, Pathologists",17189,Conduct genetic analyses of deoxyribonucleic acid (DNA) or chromosomes to diagnose small biopsies and cell samples.,Supplemental,81.0,08/2020,Incumbent
29-1222.00,"Physicians, Pathologists",17183,Conduct research and present scientific findings.,Supplemental,80.0,08/2020,Incumbent
29-1222.00,"Physicians, Pathologists",17177,Testify in depositions or trials as an expert witness.,Supplemental,80.0,08/2020,Incumbent
29-1223.00,Psychiatrists,1838,Serve on committees to promote or maintain community mental health services or delivery systems.,Supplemental,108.0,07/2014,Incumbent
29-1224.00,Radiologists,17253,"Perform interventional procedures such as image-guided biopsy, percutaneous transluminal angioplasty, transhepatic biliary drainage, or nephrostomy catheter placement.",Supplemental,73.0,08/2023,Incumbent
29-1224.00,Radiologists,17235,Develop treatment plans for radiology patients.,Supplemental,72.0,08/2023,Incumbent
29-1229.01,Allergists and Immunologists,17064,Conduct laboratory or clinical research on allergy or immunology topics.,Supplemental,72.0,08/2022,Incumbent
29-1229.01,Allergists and Immunologists,17061,Present research findings at national meetings or in peer-reviewed journals.,Supplemental,72.0,08/2022,Incumbent
29-1229.06,Sports Medicine Physicians,17261,"Advise athletes on ways that substances, such as herbal remedies, could affect drug testing results.",Supplemental,64.0,07/2012,Incumbent
29-1241.00,"Ophthalmologists, Except Pediatric",17161,"Instruct interns, residents, or others in ophthalmologic procedures and techniques.",Supplemental,49.0,08/2022,Incumbent
29-1241.00,"Ophthalmologists, Except Pediatric",17164,Conduct clinical or laboratory-based research in ophthalmology.,Supplemental,49.0,08/2022,Incumbent
29-1292.00,Dental Hygienists,428,Conduct dental health clinics for community groups to augment services of dentist.,Supplemental,53.0,08/2021,Incumbent
29-1292.00,Dental Hygienists,425,Make impressions for study casts.,Supplemental,53.0,08/2021,Incumbent
29-1299.01,Naturopathic Physicians,18419,"Perform minor surgical procedures, such as removing warts, moles, or cysts, sampling tissues for skin cancer or lipomas, and applying or removing sutures.",Supplemental,25.0,08/2021,Occupational Expert
29-2011.00,Medical and Clinical Laboratory Technologists,1896,"Cultivate, isolate, or assist in identifying microbial organisms or perform various tests on these microorganisms.",Supplemental,81.0,08/2025,Incumbent
29-2011.00,Medical and Clinical Laboratory Technologists,1901,"Harvest cell cultures at optimum time, based on knowledge of cell cycle differences and culture conditions.",Supplemental,83.0,08/2025,Incumbent
29-2011.01,Cytogenetic Technologists,17387,"Communicate test results or technical information to patients, physicians, family members, or researchers.",Supplemental,21.0,08/2021,Occupational Expert
29-2011.01,Cytogenetic Technologists,20567,"Extract, measure, dilute as appropriate, label, and prepare DNA for array analysis.",Supplemental,21.0,08/2021,Occupational Expert
29-2011.02,Cytotechnologists,17400,Examine specimens to detect abnormal hormone conditions.,Supplemental,21.0,08/2021,Occupational Expert
29-2011.04,Histotechnologists,22785,Perform electron microscopy or mass spectrometry to analyze specimens.,Supplemental,21.0,08/2024,Occupational Expert
29-2012.00,Medical and Clinical Laboratory Technicians,1907,Conduct blood tests for transfusion purposes and perform blood counts.,Supplemental,118.0,07/2014,Incumbent
29-2012.00,Medical and Clinical Laboratory Technicians,1908,"Obtain specimens, cultivating, isolating, and identifying microorganisms for analysis.",Supplemental,122.0,07/2014,Incumbent
29-2012.00,Medical and Clinical Laboratory Technicians,1909,Examine cells stained with dye to locate abnormalities.,Supplemental,119.0,07/2014,Incumbent
29-2012.00,Medical and Clinical Laboratory Technicians,1911,Consult with a pathologist to determine a final diagnosis when abnormal cells are found.,Supplemental,119.0,07/2014,Incumbent
29-2012.00,Medical and Clinical Laboratory Technicians,1906,Perform medical research to further control or cure disease.,Supplemental,122.0,07/2014,Incumbent
29-2012.00,Medical and Clinical Laboratory Technicians,1917,"Test raw materials, processes, or finished products to determine quality or quantity of materials or characteristics of a substance.",Supplemental,122.0,07/2014,Incumbent
29-2012.00,Medical and Clinical Laboratory Technicians,1905,"Analyze and record test data to issue reports that use charts, graphs, or narratives.",Supplemental,118.0,07/2014,Incumbent
29-2031.00,Cardiovascular Technologists and Technicians,4144,Compare measurements of heart wall thickness and chamber sizes to standard norms to identify abnormalities.,Supplemental,103.0,07/2014,Incumbent
29-2031.00,Cardiovascular Technologists and Technicians,15235,Maintain a proper sterile field during surgical procedures.,Supplemental,103.0,07/2014,Incumbent
29-2031.00,Cardiovascular Technologists and Technicians,4142,"Observe ultrasound display screen and listen to signals to record vascular information, such as blood pressure, limb volume changes, oxygen saturation, or cerebral circulation.",Supplemental,103.0,07/2014,Incumbent
29-2031.00,Cardiovascular Technologists and Technicians,15236,"Assist physicians in the diagnosis and treatment of cardiac or peripheral vascular treatments, such as implanting pacemakers or assisting with balloon angioplasties to treat blood vessel blockages.",Supplemental,102.0,07/2014,Incumbent
29-2031.00,Cardiovascular Technologists and Technicians,4143,Assess cardiac physiology and calculate valve areas from blood flow velocity measurements.,Supplemental,103.0,07/2014,Incumbent
29-2031.00,Cardiovascular Technologists and Technicians,4140,Operate diagnostic imaging equipment to produce contrast enhanced radiographs of heart and cardiovascular system.,Supplemental,103.0,07/2014,Incumbent
29-2031.00,Cardiovascular Technologists and Technicians,4131,"Observe gauges, recorder, and video screens of data analysis system during imaging of cardiovascular system.",Supplemental,102.0,07/2014,Incumbent
29-2031.00,Cardiovascular Technologists and Technicians,4141,Inject contrast medium into patients' blood vessels.,Supplemental,103.0,07/2014,Incumbent
29-2031.00,Cardiovascular Technologists and Technicians,15237,"Transcribe, type, and distribute reports of diagnostic procedures for interpretation by physician.",Supplemental,103.0,07/2014,Incumbent
29-2031.00,Cardiovascular Technologists and Technicians,15238,"Set up 24-hour Holter and event monitors, scan and interpret tapes, and report results to physicians.",Supplemental,103.0,07/2014,Incumbent
29-2031.00,Cardiovascular Technologists and Technicians,15234,"Perform general administrative tasks, such as scheduling appointments or ordering supplies or equipment.",Supplemental,102.0,07/2014,Incumbent
29-2032.00,Diagnostic Medical Sonographers,438,Process and code film from procedures and complete appropriate documentation.,Supplemental,116.0,07/2013,Incumbent
29-2032.00,Diagnostic Medical Sonographers,450,Load and unload film cassettes used to record images from procedures.,Supplemental,115.0,07/2013,Incumbent
29-2033.00,Nuclear Medicine Technologists,4161,"Position radiation fields, radiation beams, and patient to allow for most effective treatment of patient's disease, using computer.",Supplemental,130.0,07/2013,Incumbent
29-2033.00,Nuclear Medicine Technologists,4162,"Add radioactive substances to biological specimens, such as blood, urine, or feces, to determine therapeutic drug or hormone levels.",Supplemental,132.0,07/2013,Incumbent
29-2033.00,Nuclear Medicine Technologists,4163,Develop treatment procedures for nuclear medicine treatment programs.,Supplemental,130.0,07/2013,Incumbent
29-2035.00,Magnetic Resonance Imaging Technologists,19233,"Place and secure small, portable magnetic resonance imaging (MRI) scanners on body part to be imaged, such as arm, leg, or head.",Supplemental,23.0,08/2023,Occupational Expert
29-2035.00,Magnetic Resonance Imaging Technologists,19221,Develop or otherwise produce film records of magnetic resonance images.,Supplemental,23.0,08/2023,Occupational Expert
29-2035.00,Magnetic Resonance Imaging Technologists,19235,Schedule appointments for research subjects or clinical patients.,Supplemental,23.0,08/2023,Occupational Expert
29-2036.00,Medical Dosimetrists,22840,"Develop treatment plans, and calculate doses for brachytherapy procedures.",Supplemental,20.0,08/2024,Occupational Expert
29-2036.00,Medical Dosimetrists,22846,"Measure the amount of radioactivity in patients or equipment, using radiation monitoring devices.",Supplemental,20.0,08/2024,Occupational Expert
29-2036.00,Medical Dosimetrists,22841,"Educate patients regarding treatment plans, physiological reactions to treatment, or post-treatment care.",Supplemental,19.0,08/2024,Occupational Expert
29-2051.00,Dietetic Technicians,4170,Determine food and beverage costs and assist in implementing cost control procedures.,Supplemental,49.0,08/2021,Incumbent
29-2051.00,Dietetic Technicians,4175,Refer patients to other relevant services to provide continuity of care.,Supplemental,49.0,08/2021,Incumbent
29-2051.00,Dietetic Technicians,4174,"Deliver speeches on diet, nutrition, or health to promote healthy eating habits and illness prevention and treatment.",Supplemental,49.0,08/2021,Incumbent
29-2052.00,Pharmacy Technicians,1955,Compute charges for medication or equipment dispensed to hospital patients and enter data in computer.,Supplemental,81.0,08/2021,Incumbent
29-2052.00,Pharmacy Technicians,1952,Prepare and process medical insurance claim forms and records.,Supplemental,78.0,08/2021,Incumbent
29-2052.00,Pharmacy Technicians,1949,"Transfer medication from vials to the appropriate number of sterile, disposable syringes, using aseptic techniques.",Supplemental,81.0,08/2021,Incumbent
29-2052.00,Pharmacy Technicians,18546,"Restock intravenous (IV) supplies and add measured drugs or nutrients to IV solutions under sterile conditions to prepare IV packs for various uses, such as chemotherapy medication.",Supplemental,79.0,08/2021,Incumbent
29-2052.00,Pharmacy Technicians,1951,Supply and monitor robotic machines that dispense medicine into containers and label the containers.,Supplemental,80.0,08/2021,Incumbent
29-2052.00,Pharmacy Technicians,1956,"Deliver medications or pharmaceutical supplies to patients, nursing stations, or surgery.",Supplemental,80.0,08/2021,Incumbent
29-2052.00,Pharmacy Technicians,1958,Maintain and merchandise home healthcare products or services.,Supplemental,78.0,08/2021,Incumbent
29-2052.00,Pharmacy Technicians,1957,Price stock and mark items for sale.,Supplemental,80.0,08/2021,Incumbent
29-2053.00,Psychiatric Technicians,6953,"Administer oral medications or hypodermic injections, following physician's prescriptions and hospital procedures.",Supplemental,70.0,08/2023,Incumbent
29-2053.00,Psychiatric Technicians,6954,Issue medications from dispensary and maintain records in accordance with specified procedures.,Supplemental,69.0,08/2023,Incumbent
29-2053.00,Psychiatric Technicians,6955,"Interview new patients to complete admission forms, to assess their mental health status, or to obtain their mental health and treatment history.",Supplemental,70.0,08/2023,Incumbent
29-2053.00,Psychiatric Technicians,6957,Contact patients' relatives to arrange family conferences.,Supplemental,70.0,08/2023,Incumbent
29-2055.00,Surgical Technologists,1971,"Maintain supply of fluids, such as plasma, saline, blood, or glucose, for use during operations.",Supplemental,92.0,07/2013,Incumbent
29-2055.00,Surgical Technologists,1972,Maintain files and records of surgical procedures.,Supplemental,90.0,07/2013,Incumbent
29-2056.00,Veterinary Technologists and Technicians,4200,"Conduct specialized procedures, such as animal branding or tattooing or hoof trimming.",Supplemental,81.0,08/2020,Incumbent
29-2057.00,Ophthalmic Medical Technicians,19253,Adjust or make minor repairs to spectacles or eyeglasses.,Supplemental,22.0,08/2020,Occupational Expert
29-2057.00,Ophthalmic Medical Technicians,19254,Assist patients to select eyewear.,Supplemental,21.0,08/2020,Occupational Expert
29-2061.00,Licensed Practical and Licensed Vocational Nurses,524,"Provide medical treatment or personal care to patients in private home settings, such as cooking, keeping rooms orderly, seeing that patients are comfortable and in good spirits, or instructing family members in simple nursing tasks.",Supplemental,98.0,08/2021,Incumbent
29-2061.00,Licensed Practical and Licensed Vocational Nurses,525,"Sterilize equipment and supplies, using germicides, sterilizer, or autoclave.",Supplemental,99.0,08/2021,Incumbent
29-2061.00,Licensed Practical and Licensed Vocational Nurses,528,"Make appointments, keep records, or perform other clerical duties in doctors' offices or clinics.",Supplemental,99.0,08/2021,Incumbent
29-2061.00,Licensed Practical and Licensed Vocational Nurses,529,Set up equipment and prepare medical treatment rooms.,Supplemental,98.0,08/2021,Incumbent
29-2061.00,Licensed Practical and Licensed Vocational Nurses,527,Wash and dress bodies of deceased persons.,Supplemental,101.0,08/2021,Incumbent
29-2061.00,Licensed Practical and Licensed Vocational Nurses,522,Clean rooms and make beds.,Supplemental,99.0,08/2021,Incumbent
29-2061.00,Licensed Practical and Licensed Vocational Nurses,523,Inventory and requisition supplies and instruments.,Supplemental,98.0,08/2021,Incumbent
29-2091.00,Orthotists and Prosthetists,9397,Publish research findings or present them at conferences and seminars.,Supplemental,21.0,08/2024,Occupational Expert
29-2092.00,Hearing Aid Specialists,17447,"Assist audiologists in performing aural procedures, such as real ear measurements, speech audiometry, auditory brainstem responses, electronystagmography, and cochlear implant mapping.",Supplemental,54.0,08/2020,Incumbent
29-2092.00,Hearing Aid Specialists,17445,Diagnose and treat hearing or related disabilities under the direction of an audiologist.,Supplemental,55.0,08/2020,Incumbent
29-2099.05,Ophthalmic Medical Technologists,19278,"Perform slit lamp biomicroscopy procedures to diagnose disorders of the eye, such as retinitis, presbyopia, cataracts, or retinal detachment.",Supplemental,20.0,08/2020,Occupational Expert
29-2099.05,Ophthalmic Medical Technologists,19270,"Create three-dimensional images of the eye, using computed tomography (CT).",Supplemental,19.0,08/2020,Occupational Expert
29-2099.08,Patient Representatives,17679,"Provide consultation or training to volunteers or staff on topics, such as guest relations, patients' rights, or medical issues.",Supplemental,60.0,08/2020,Incumbent
29-2099.08,Patient Representatives,17672,Analyze patients' abilities to pay to determine charges on a sliding scale.,Supplemental,59.0,08/2020,Incumbent
29-2099.08,Patient Representatives,17676,"Identify and share research, recommendations, or other information regarding legal liabilities, risk management, or quality of care.",Supplemental,60.0,08/2020,Incumbent
29-2099.08,Patient Representatives,17673,"Collect and report data on topics, such as patient encounters or inter-institutional problems, making recommendations for change when appropriate.",Supplemental,59.0,08/2020,Incumbent
29-2099.08,Patient Representatives,17675,Teach patients to use home health care equipment.,Supplemental,59.0,08/2020,Incumbent
29-9091.00,Athletic Trainers,18692,File athlete insurance claims and communicate with insurance providers.,Supplemental,55.0,08/2021,Incumbent
29-9091.00,Athletic Trainers,18693,Teach sports medicine courses to athletic training students.,Supplemental,55.0,08/2021,Incumbent
29-9091.00,Athletic Trainers,4238,"Perform team support duties, such as running errands, maintaining equipment, or stocking supplies.",Supplemental,55.0,08/2021,Incumbent
29-9093.00,Surgical Assistants,19313,Remove patient hair or disinfect incision sites to prepare patient for surgery.,Supplemental,78.0,07/2015,Incumbent
29-9093.00,Surgical Assistants,19297,Incise tissue layers in lower extremities to harvest veins.,Supplemental,78.0,07/2015,Incumbent
29-9093.00,Surgical Assistants,19301,Postoperatively inject a subcutaneous local anesthetic agent to reduce pain.,Supplemental,78.0,07/2015,Incumbent
29-9093.00,Surgical Assistants,19309,Insert or remove urinary bladder catheters.,Supplemental,78.0,07/2015,Incumbent
29-9093.00,Surgical Assistants,19304,Assist in volume replacement or autotransfusion techniques.,Supplemental,78.0,07/2015,Incumbent
29-9099.01,Midwives,17492,Complete birth certificates.,Supplemental,64.0,08/2021,Incumbent
29-9099.01,Midwives,17494,Collaborate in research studies.,Supplemental,65.0,08/2021,Incumbent
31-1121.00,Home Health Aides,18695,"Administer prescribed oral medications, under the written direction of physician or as directed by home care nurse or aide, and ensure patients take their medicine.",Supplemental,117.0,07/2014,Incumbent
31-1121.00,Home Health Aides,4252,Care for children with disabilities or who have sick parents or parents with disabilities.,Supplemental,121.0,07/2014,Incumbent
31-1121.00,Home Health Aides,4250,"Accompany clients to doctors' offices or on other trips outside the home, providing transportation, assistance, and companionship.",Supplemental,121.0,07/2014,Incumbent
31-1121.00,Home Health Aides,4248,Change dressings.,Supplemental,120.0,07/2014,Incumbent
31-1122.00,Personal Care Aides,2378,Train family members to provide bedside care.,Supplemental,57.0,08/2023,Incumbent
31-1122.00,Personal Care Aides,2375,"Plan, shop for, or prepare nutritious meals or assist families in planning, shopping for, or preparing nutritious meals.",Supplemental,56.0,08/2023,Incumbent
31-1122.00,Personal Care Aides,2377,"Transport clients to locations outside the home, such as to physicians' offices or on outings, using a motor vehicle.",Supplemental,57.0,08/2023,Incumbent
31-1131.00,Nursing Assistants,19329,Position or hold patients in position for surgical preparation.,Supplemental,85.0,08/2020,Incumbent
31-1131.00,Nursing Assistants,19337,"Set up treating or testing equipment, such as oxygen tents, portable radiograph (x-ray) equipment, or overhead irrigation bottles, as directed by a physician or nurse.",Supplemental,84.0,08/2020,Incumbent
31-1131.00,Nursing Assistants,19316,"Administer medications or treatments, such as catheterizations, suppositories, irrigations, enemas, massages, or douches, as directed by a physician or nurse.",Supplemental,84.0,08/2020,Incumbent
31-1131.00,Nursing Assistants,19318,"Apply clean dressings, slings, stockings, or support bandages, under direction of nurse or physician.",Supplemental,84.0,08/2020,Incumbent
31-1131.00,Nursing Assistants,19338,"Stock or issue medical supplies, such as dressing packs or treatment trays.",Supplemental,81.0,08/2020,Incumbent
31-1131.00,Nursing Assistants,19345,Explain medical instructions to patients or family members.,Supplemental,79.0,08/2020,Incumbent
31-1131.00,Nursing Assistants,19348,"Transport specimens, laboratory items, or pharmacy items, ensuring proper documentation and delivery to authorized personnel.",Supplemental,84.0,08/2020,Incumbent
31-1132.00,Orderlies,19352,"Clean and sanitize patient rooms, bathrooms, examination rooms, or other patient areas.",Supplemental,90.0,07/2016,Incumbent
31-1132.00,Orderlies,19354,"Collect and transport infectious or hazardous waste in closed containers for sterilization or disposal, in accordance with applicable law, standards, or policies.",Supplemental,90.0,07/2016,Incumbent
31-1132.00,Orderlies,19368,"Transport specimens, laboratory items, or pharmacy items, ensuring proper documentation and delivery to authorized personnel.",Supplemental,88.0,07/2016,Incumbent
31-1132.00,Orderlies,19355,Collect soiled linen or trash.,Supplemental,90.0,07/2016,Incumbent
31-1132.00,Orderlies,19370,"Provide physical support to patients to assist them to perform daily living activities, such as getting out of bed, bathing, dressing, using the toilet, standing, walking, or exercising.",Supplemental,89.0,07/2016,Incumbent
31-1132.00,Orderlies,19371,"Separate collected materials for disposal, recycling, or reuse, in accordance with environmental policies.",Supplemental,89.0,07/2016,Incumbent
31-1132.00,Orderlies,19360,Restrain patients to prevent violence or injury or to assist physicians or nurses to administer treatments.,Supplemental,87.0,07/2016,Incumbent
31-1132.00,Orderlies,19369,"Turn or reposition bedridden patients, alone or with assistance, to prevent bedsores.",Supplemental,89.0,07/2016,Incumbent
31-1132.00,Orderlies,19358,Position or hold patients in position for surgical preparation.,Supplemental,89.0,07/2016,Incumbent
31-1132.00,Orderlies,19363,"Stock utility rooms, nonmedical storage rooms, or cleaning carts with supplies.",Supplemental,89.0,07/2016,Incumbent
31-1132.00,Orderlies,19349,"Answer patient call signals, signal lights, bells, or intercom systems to determine patients' needs.",Supplemental,89.0,07/2016,Incumbent
31-1132.00,Orderlies,19362,"Stock or issue medical supplies, such as dressing packs or treatment trays.",Supplemental,88.0,07/2016,Incumbent
31-1132.00,Orderlies,19365,Transport bodies to the morgue.,Supplemental,88.0,07/2016,Incumbent
31-1132.00,Orderlies,19361,Serve or collect food trays.,Supplemental,89.0,07/2016,Incumbent
31-1133.00,Psychiatric Aides,1999,"Perform nursing duties, such as administering medications, measuring vital signs, collecting specimens, or drawing blood samples.",Supplemental,54.0,08/2023,Incumbent
31-1133.00,Psychiatric Aides,2002,Interview patients upon admission and record information.,Supplemental,54.0,08/2023,Incumbent
31-2011.00,Occupational Therapy Assistants,4272,Assist educational specialists or clinical psychologists in administering situational or diagnostic tests to measure client's abilities or progress.,Supplemental,54.0,08/2022,Incumbent
31-2012.00,Occupational Therapy Aides,9402,"Evaluate the living skills and capacities of clients with physical, developmental, or mental health disabilities.",Supplemental,59.0,08/2020,Incumbent
31-2012.00,Occupational Therapy Aides,9412,"Accompany patients on outings, providing transportation when necessary.",Supplemental,59.0,08/2020,Incumbent
31-2012.00,Occupational Therapy Aides,9411,Assist educational specialists or clinical psychologists in administering situational or diagnostic tests to measure client's abilities or progress.,Supplemental,59.0,08/2020,Incumbent
31-2021.00,Physical Therapist Assistants,2022,Prepare treatment areas and electrotherapy equipment for use by physiotherapists.,Supplemental,57.0,08/2020,Incumbent
31-2021.00,Physical Therapist Assistants,2020,"Administer traction to relieve neck or back pain, using intermittent or static traction equipment.",Supplemental,58.0,08/2020,Incumbent
31-2021.00,Physical Therapist Assistants,21194,Perform therapeutic wound care.,Supplemental,58.0,08/2020,Incumbent
31-2022.00,Physical Therapist Aides,4279,Record treatment given and equipment used.,Supplemental,59.0,08/2023,Incumbent
31-2022.00,Physical Therapist Aides,4286,"Measure patient's range-of-joint motion, body parts, or vital signs to determine effects of treatments or for patient evaluations.",Supplemental,59.0,08/2023,Incumbent
31-2022.00,Physical Therapist Aides,4287,"Train patients to use orthopedic braces, prostheses, or supportive devices.",Supplemental,59.0,08/2023,Incumbent
31-2022.00,Physical Therapist Aides,4290,"Administer traction to relieve neck or back pain, using intermittent or static traction equipment.",Supplemental,59.0,08/2023,Incumbent
31-2022.00,Physical Therapist Aides,4288,"Fit patients for orthopedic braces, prostheses, or supportive devices, adjusting fit as needed.",Supplemental,59.0,08/2023,Incumbent
31-2022.00,Physical Therapist Aides,4289,"Participate in patient care tasks, such as assisting with passing food trays, feeding residents, or bathing residents on bed rest.",Supplemental,59.0,08/2023,Incumbent
31-9011.00,Massage Therapists,7886,"Use complementary aids, such as infrared lamps, wet compresses, ice, and whirlpool baths to promote clients' recovery, relaxation, and well-being.",Supplemental,26.0,08/2021,Occupational Expert
31-9091.00,Dental Assistants,560,"Clean teeth, using dental instruments.",Supplemental,60.0,08/2021,Incumbent
31-9091.00,Dental Assistants,18553,"Fabricate and fit orthodontic appliances and materials for patients, such as retainers, wires, or bands.",Supplemental,61.0,08/2021,Incumbent
31-9092.00,Medical Assistants,2042,"Keep financial records or perform other bookkeeping duties, such as handling credit or collections or mailing monthly statements to patients.",Supplemental,57.0,08/2021,Incumbent
31-9093.00,Medical Equipment Preparers,4295,"Disinfect and sterilize equipment, such as respirators, hospital beds, or oxygen or dialysis equipment, using sterilizers, aerators, or washers.",Supplemental,76.0,07/2014,Incumbent
31-9093.00,Medical Equipment Preparers,4302,Purge wastes from equipment by connecting equipment to water sources and flushing water through systems.,Supplemental,78.0,07/2014,Incumbent
31-9093.00,Medical Equipment Preparers,4303,Deliver equipment to specified hospital locations or to patients' residences.,Supplemental,79.0,07/2014,Incumbent
31-9093.00,Medical Equipment Preparers,4304,"Assist hospital staff with patient care duties, such as providing transportation or setting up traction.",Supplemental,78.0,07/2014,Incumbent
31-9094.00,Medical Transcriptionists,9426,"Receive patients, schedule appointments, and maintain patient records.",Supplemental,50.0,08/2021,Incumbent
31-9094.00,Medical Transcriptionists,9422,"Answer inquiries concerning the progress of medical cases, within the limits of confidentiality laws.",Supplemental,50.0,08/2021,Incumbent
31-9095.00,Pharmacy Aides,2050,Prepare prescription labels by typing or operating a computer and printer.,Supplemental,74.0,07/2014,Incumbent
31-9095.00,Pharmacy Aides,2059,"Compound, package, and label pharmaceutical products, under direction of pharmacist.",Supplemental,74.0,07/2014,Incumbent
31-9095.00,Pharmacy Aides,2058,"Process medical insurance claims, posting bill amounts and calculating copayments.",Supplemental,74.0,07/2014,Incumbent
31-9095.00,Pharmacy Aides,2054,"Perform clerical tasks, such as filing, compiling and maintaining prescription records, or composing letters.",Supplemental,72.0,07/2014,Incumbent
31-9095.00,Pharmacy Aides,2057,"Prepare, maintain, and record records of inventories, receipts, purchases, or deliveries, using a variety of computer screen formats.",Supplemental,74.0,07/2014,Incumbent
31-9095.00,Pharmacy Aides,2062,"Deliver medication to treatment areas, living units, residences, or clinics, using various means of transportation.",Supplemental,74.0,07/2014,Incumbent
31-9096.00,Veterinary Assistants and Laboratory Animal Caretakers,4307,Administer anesthetics during surgery and monitor the effects on animals.,Supplemental,64.0,08/2020,Incumbent
31-9096.00,Veterinary Assistants and Laboratory Animal Caretakers,4333,"Groom, trim, or clip animals' coats.",Supplemental,64.0,08/2020,Incumbent
31-9097.00,Phlebotomists,19383,"Administer subcutaneous or intramuscular injects, in accordance with licensing restrictions.",Supplemental,22.0,08/2019,Occupational Expert
31-9097.00,Phlebotomists,19377,"Draw blood from arteries, using arterial collection techniques.",Supplemental,22.0,08/2019,Occupational Expert
31-9097.00,Phlebotomists,19390,"Monitor blood or plasma donors during and after procedures to ensure health, safety, and comfort.",Supplemental,22.0,08/2019,Occupational Expert
31-9097.00,Phlebotomists,19388,"Determine donor suitability, according to interview results, vital signs, and medical history.",Supplemental,21.0,08/2019,Occupational Expert
31-9097.00,Phlebotomists,19384,"Calibrate or maintain machines, such as those used for plasma collection.",Supplemental,22.0,08/2019,Occupational Expert
31-9097.00,Phlebotomists,19394,Serve refreshments to donors to ensure absorption of sugar into their systems.,Supplemental,22.0,08/2019,Occupational Expert
31-9099.01,Speech-Language Pathology Assistants,17536,Test or maintain equipment to ensure correct performance.,Supplemental,53.0,08/2022,Incumbent
31-9099.01,Speech-Language Pathology Assistants,17538,"Conduct in-service training sessions, or family and community education programs.",Supplemental,53.0,08/2022,Incumbent
31-9099.01,Speech-Language Pathology Assistants,17537,Assist speech-language pathologists in the conduct of speech-language research projects.,Supplemental,53.0,08/2022,Incumbent
33-1012.00,First-Line Supervisors of Police and Detectives,572,"Develop, implement, and revise departmental policies and procedures.",Supplemental,86.0,08/2024,Incumbent
33-1012.00,First-Line Supervisors of Police and Detectives,579,Prepare news releases and respond to police correspondence.,Supplemental,86.0,08/2024,Incumbent
33-1012.00,First-Line Supervisors of Police and Detectives,583,Prepare budgets and manage expenditures of department funds.,Supplemental,87.0,08/2024,Incumbent
33-1021.00,First-Line Supervisors of Firefighting and Prevention Workers,22933,"Inspect and test new and existing fire protection systems, fire detection systems, and fire safety equipment to ensure that they are operating properly.",Supplemental,145.0,08/2022,Incumbent
33-1021.00,First-Line Supervisors of Firefighting and Prevention Workers,22934,Study and interpret fire safety codes to establish procedures for issuing permits to handle hazardous or flammable substances.,Supplemental,145.0,08/2022,Incumbent
33-1091.00,First-Line Supervisors of Security Workers,22959,Write and present department budgets to upper management or other stakeholders.,Supplemental,70.0,08/2025,Incumbent
33-1091.00,First-Line Supervisors of Security Workers,22952,"Order materials or supplies, such as keys, uniforms, and badges.",Supplemental,70.0,08/2025,Incumbent
33-2021.00,Fire Inspectors and Investigators,23013,"Subpoena and interview witnesses, property owners, and building occupants to obtain information and sworn testimony.",Supplemental,54.0,08/2022,Incumbent
33-2021.00,Fire Inspectors and Investigators,23014,Conduct internal investigation to determine negligence and violation of laws and regulations by fire department employees.,Supplemental,53.0,08/2022,Incumbent
33-2021.00,Fire Inspectors and Investigators,23015,"Test sites and materials to establish facts, such as burn patterns and flash points of materials, using test equipment.",Supplemental,54.0,08/2022,Incumbent
33-2021.00,Fire Inspectors and Investigators,23016,Dust evidence or portions of fire scenes for latent fingerprints.,Supplemental,54.0,08/2022,Incumbent
33-2021.00,Fire Inspectors and Investigators,23017,"Arrange for the replacement of defective fire fighting equipment and for repair of fire alarm and sprinkler systems, making minor repairs such as servicing fire extinguishers when feasible.",Supplemental,80.0,08/2022,Incumbent
33-2021.00,Fire Inspectors and Investigators,23018,Issue permits for public assemblies.,Supplemental,82.0,08/2022,Incumbent
33-2021.00,Fire Inspectors and Investigators,23019,"Supervise staff, training them, planning their work, and evaluating their performance.",Supplemental,82.0,08/2022,Incumbent
33-2021.00,Fire Inspectors and Investigators,23020,"Develop and coordinate fire prevention programs, such as false alarm billing, fire inspection reporting, and hazardous materials management.",Supplemental,82.0,08/2022,Incumbent
33-3011.00,Bailiffs,20128,Maintain court docket.,Supplemental,52.0,08/2020,Incumbent
33-3011.00,Bailiffs,2093,Provide jury escort to restaurant and other areas outside of courtroom to prevent jury contact with public.,Supplemental,52.0,08/2020,Incumbent
33-3012.00,Correctional Officers and Jailers,2103,Search for and recapture escapees.,Supplemental,81.0,08/2023,Incumbent
33-3012.00,Correctional Officers and Jailers,15257,Process or book convicted individuals into prison.,Supplemental,81.0,08/2023,Incumbent
33-3012.00,Correctional Officers and Jailers,2118,Supervise and coordinate work of other correctional service officers.,Supplemental,80.0,08/2023,Incumbent
33-3012.00,Correctional Officers and Jailers,23976,"Take fingerprints of arrestees, prisoners, or the general public.",Supplemental,81.0,08/2023,Incumbent
33-3012.00,Correctional Officers and Jailers,2116,"Investigate crimes that have occurred within an institution, or assist police in their investigations of crimes and inmates.",Supplemental,81.0,08/2023,Incumbent
33-3012.00,Correctional Officers and Jailers,2119,"Sponsor inmate recreational activities, such as newspapers and self-help groups.",Supplemental,81.0,08/2023,Incumbent
33-3021.02,Police Identification and Records Officers,18710,"Identify, compare, classify, and file fingerprints, using systems such as Automated Fingerprint Identification System (AFIS) or the Henry Classification System.",Supplemental,65.0,08/2025,Incumbent
33-3021.02,Police Identification and Records Officers,18713,"Interview survivors, witnesses, suspects, and other law enforcement personnel.",Supplemental,65.0,08/2025,Incumbent
33-3021.06,Intelligence Analysts,17557,"Develop defense plans or tactics, using intelligence and other information.",Supplemental,23.0,08/2024,Occupational Expert
33-3021.06,Intelligence Analysts,17558,"Interview, interrogate, or interact with witnesses or crime suspects to collect human intelligence.",Supplemental,23.0,08/2024,Occupational Expert
33-3021.06,Intelligence Analysts,17553,Prepare plans to intercept foreign communications transmissions.,Supplemental,23.0,08/2024,Occupational Expert
33-3021.06,Intelligence Analysts,17559,Study communication code languages or foreign languages to translate intelligence.,Supplemental,23.0,08/2024,Occupational Expert
33-3021.06,Intelligence Analysts,17547,"Gather and evaluate information, using tools such as aerial photographs, radar equipment, or sensitive radio equipment.",Supplemental,23.0,08/2024,Occupational Expert
33-3021.06,Intelligence Analysts,17551,"Operate cameras, radios, or other surveillance equipment to intercept communications or document activities.",Supplemental,23.0,08/2024,Occupational Expert
33-3031.00,Fish and Game Wardens,7930,"Document the extent of crop, property, or habitat damage and make financial loss estimates or compensation recommendations.",Supplemental,103.0,07/2014,Incumbent
33-3031.00,Fish and Game Wardens,7931,Supervise the activities of seasonal workers.,Supplemental,103.0,07/2014,Incumbent
33-3031.00,Fish and Game Wardens,7934,"Perform facilities maintenance work, such as constructing or repairing structures or controlling weeds or pests.",Supplemental,102.0,07/2014,Incumbent
33-3031.00,Fish and Game Wardens,20589,Participate in firefighting efforts.,Supplemental,103.0,07/2014,Incumbent
33-3041.00,Parking Enforcement Workers,7938,"Mark tires of parked vehicles with chalk and record time of marking, and return at regular intervals to ensure that parking time limits are not exceeded.",Supplemental,84.0,07/2016,Incumbent
33-3041.00,Parking Enforcement Workers,7954,"Locate lost, stolen, and counterfeit parking permits, and take necessary enforcement action.",Supplemental,84.0,07/2016,Incumbent
33-3041.00,Parking Enforcement Workers,7952,Collect coins deposited in meters.,Supplemental,84.0,07/2016,Incumbent
33-3041.00,Parking Enforcement Workers,7955,Wind parking meter clocks.,Supplemental,83.0,07/2016,Incumbent
33-3041.00,Parking Enforcement Workers,7950,"Provide assistance to motorists needing help with problems, such as flat tires, keys locked in cars, or dead batteries.",Supplemental,83.0,07/2016,Incumbent
33-3041.00,Parking Enforcement Workers,7956,Assign and review the work of subordinates.,Supplemental,84.0,07/2016,Incumbent
33-3051.00,Police and Sheriff's Patrol Officers,23077,"Process prisoners, and prepare and maintain records of prisoner bookings and prisoner status during booking and pre-trial process.",Supplemental,127.0,08/2022,Incumbent
33-3051.00,Police and Sheriff's Patrol Officers,23078,"Supervise law enforcement staff, such as jail staff, officers, and deputy sheriffs.",Supplemental,82.0,08/2022,Incumbent
33-3051.04,Customs and Border Protection Officers,9460,Investigate applications for duty refunds and petition for remission or mitigation of penalties when warranted.,Supplemental,82.0,07/2012,Incumbent
33-3052.00,Transit and Railroad Police,9481,Direct or coordinate the daily activities or training of security staff.,Supplemental,94.0,07/2017,Incumbent
33-3052.00,Transit and Railroad Police,9482,"Interview neighbors, associates, or former employers of job applicants to verify personal references or to obtain work history data.",Supplemental,93.0,07/2017,Incumbent
33-9011.00,Animal Control Workers,7973,"Train police officers in dog handling and training techniques for tracking, crowd control, and narcotics and bomb detection.",Supplemental,25.0,08/2025,Occupational Expert
33-9021.00,Private Detectives and Investigators,13105,"Investigate companies' financial standings, or locate funds stolen by embezzlers, using accounting skills.",Supplemental,89.0,07/2015,Incumbent
33-9021.00,Private Detectives and Investigators,13104,"Perform undercover operations, such as evaluating the performance or honesty of employees by posing as customers or employees.",Supplemental,90.0,07/2015,Incumbent
33-9021.00,Private Detectives and Investigators,13103,Alert appropriate personnel to suspects' locations.,Supplemental,89.0,07/2015,Incumbent
33-9021.00,Private Detectives and Investigators,13109,"Count cash and review transactions, sales checks, or register tapes to verify amounts or to identify shortages.",Supplemental,90.0,07/2015,Incumbent
33-9032.00,Security Guards,2143,"Monitor and adjust controls that regulate building systems, such as air conditioning, furnace, or boiler.",Supplemental,52.0,08/2023,Incumbent
33-9091.00,Crossing Guards and Flaggers,11125,Distribute traffic control signs and markers at designated points.,Supplemental,96.0,07/2016,Incumbent
33-9091.00,Crossing Guards and Flaggers,11124,Stop speeding vehicles to warn drivers of traffic laws.,Supplemental,97.0,07/2016,Incumbent
33-9091.00,Crossing Guards and Flaggers,11123,Learn the location and purpose of street traffic signs within assigned patrol areas.,Supplemental,97.0,07/2016,Incumbent
33-9091.00,Crossing Guards and Flaggers,11126,Discuss traffic routing plans and control-point locations with superiors.,Supplemental,95.0,07/2016,Incumbent
33-9091.00,Crossing Guards and Flaggers,11127,Inform drivers of detour routes through construction sites.,Supplemental,95.0,07/2016,Incumbent
33-9092.00,"Lifeguards, Ski Patrol, and Other Recreational Protective Service Workers",5049,"Observe activities in assigned areas, using binoculars, to detect hazards, disturbances, or safety infractions.",Supplemental,97.0,08/2020,Incumbent
33-9092.00,"Lifeguards, Ski Patrol, and Other Recreational Protective Service Workers",5051,Operate underwater recovery units.,Supplemental,97.0,08/2020,Incumbent
33-9092.00,"Lifeguards, Ski Patrol, and Other Recreational Protective Service Workers",5047,"Provide assistance with staff selection, training, and supervision.",Supplemental,97.0,08/2020,Incumbent
33-9092.00,"Lifeguards, Ski Patrol, and Other Recreational Protective Service Workers",5050,"Provide assistance in the safe use of equipment, such as ski lifts.",Supplemental,96.0,08/2020,Incumbent
33-9092.00,"Lifeguards, Ski Patrol, and Other Recreational Protective Service Workers",5052,Participate in recreational demonstrations to entertain resort guests.,Supplemental,97.0,08/2020,Incumbent
33-9093.00,Transportation Security Screeners,15351,"View images of checked bags and cargo, using remote screening equipment, and alert baggage screeners or handlers to any possible problems.",Supplemental,27.0,06/2009,Occupational Expert
33-9093.00,Transportation Security Screeners,15343,"Locate suspicious bags pictured in printouts sent from remote monitoring areas, and set these bags aside for inspection.",Supplemental,27.0,06/2009,Occupational Expert
33-9099.02,Retail Loss Prevention Specialists,17576,Conduct employee background investigations and review reports with operational or human resources managers.,Supplemental,83.0,07/2014,Incumbent
35-1012.00,First-Line Supervisors of Food Preparation and Serving Workers,2144,Compile and balance cash receipts at the end of the day or shift.,Supplemental,73.0,08/2025,Incumbent
35-1012.00,First-Line Supervisors of Food Preparation and Serving Workers,2158,"Forecast staff, equipment, and supply requirements, based on a master menu.",Supplemental,73.0,08/2025,Incumbent
35-1012.00,First-Line Supervisors of Food Preparation and Serving Workers,18721,"Assess nutritional needs of patients, plan special menus, supervise the assembly of regular and special diet trays, and oversee the delivery of food trolleys to hospital patients.",Supplemental,73.0,08/2025,Incumbent
35-1012.00,First-Line Supervisors of Food Preparation and Serving Workers,18719,"Record production, operational, and personnel data on specified forms.",Supplemental,73.0,08/2025,Incumbent
35-1012.00,First-Line Supervisors of Food Preparation and Serving Workers,18717,"Perform personnel actions, such as hiring and firing staff, providing employee orientation and training, and conducting supervisory activities, such as creating work schedules or organizing employee time sheets.",Supplemental,73.0,08/2025,Incumbent
35-1012.00,First-Line Supervisors of Food Preparation and Serving Workers,2151,Estimate ingredients and supplies required to prepare a recipe.,Supplemental,73.0,08/2025,Incumbent
35-1012.00,First-Line Supervisors of Food Preparation and Serving Workers,2161,Purchase or requisition supplies and equipment needed to ensure quality and timely delivery of services.,Supplemental,75.0,08/2025,Incumbent
35-1012.00,First-Line Supervisors of Food Preparation and Serving Workers,18718,"Perform food preparation and serving duties, such as carving meat, preparing flambe dishes, or serving wine and liquor.",Supplemental,75.0,08/2025,Incumbent
35-1012.00,First-Line Supervisors of Food Preparation and Serving Workers,2164,Schedule parties and take reservations.,Supplemental,72.0,08/2025,Incumbent
35-1012.00,First-Line Supervisors of Food Preparation and Serving Workers,2165,"Develop departmental objectives, budgets, policies, procedures, and strategies.",Supplemental,73.0,08/2025,Incumbent
35-1012.00,First-Line Supervisors of Food Preparation and Serving Workers,18720,"Conduct meetings and collaborate with other personnel for menu planning, serving arrangements, and related details.",Supplemental,73.0,08/2025,Incumbent
35-1012.00,First-Line Supervisors of Food Preparation and Serving Workers,2166,Develop equipment maintenance schedules and arrange for repairs.,Supplemental,73.0,08/2025,Incumbent
35-2012.00,"Cooks, Institution and Cafeteria",9490,Monitor use of government food commodities to ensure that proper procedures are followed.,Supplemental,137.0,08/2019,Incumbent
35-2012.00,"Cooks, Institution and Cafeteria",9498,"Plan menus that are varied, nutritionally balanced, and appetizing, taking advantage of foods in season and local availability.",Supplemental,136.0,08/2019,Incumbent
35-2012.00,"Cooks, Institution and Cafeteria",9497,Monitor menus and spending to ensure that meals are prepared economically.,Supplemental,138.0,08/2019,Incumbent
35-2012.00,"Cooks, Institution and Cafeteria",9492,Compile and maintain records of food use and expenditures.,Supplemental,132.0,08/2019,Incumbent
35-2012.00,"Cooks, Institution and Cafeteria",9500,"Determine meal prices, based on calculations of ingredient prices.",Supplemental,137.0,08/2019,Incumbent
35-2013.00,"Cooks, Private Household",9511,Travel with employers to vacation homes to provide meal preparation at those locations.,Supplemental,25.0,08/2023,Occupational Expert
35-2014.00,"Cooks, Restaurant",2185,Keep records and accounts.,Supplemental,70.0,08/2025,Incumbent
35-2014.00,"Cooks, Restaurant",2184,Prepare relishes and hors d'oeuvres.,Supplemental,70.0,08/2025,Incumbent
35-2014.00,"Cooks, Restaurant",2178,"Estimate expected food consumption, requisition or purchase supplies, or procure food from storage.",Supplemental,70.0,08/2025,Incumbent
35-2014.00,"Cooks, Restaurant",2181,"Consult with supervisory staff to plan menus, taking into consideration factors such as costs and special event needs.",Supplemental,71.0,08/2025,Incumbent
35-2014.00,"Cooks, Restaurant",2182,"Butcher and dress animals, fowl, or shellfish, or cut and bone meat prior to cooking.",Supplemental,72.0,08/2025,Incumbent
35-2014.00,"Cooks, Restaurant",2186,Plan and price menu items.,Supplemental,71.0,08/2025,Incumbent
35-2015.00,"Cooks, Short Order",2191,"Grill and garnish hamburgers or other meats, such as steaks and chops.",Supplemental,62.0,08/2025,Incumbent
35-2015.00,"Cooks, Short Order",2194,Order supplies and stock them on shelves.,Supplemental,62.0,08/2025,Incumbent
35-2015.00,"Cooks, Short Order",2195,"Accept payments, and make change or write charge slips as necessary.",Supplemental,63.0,08/2025,Incumbent
35-2021.00,Food Preparation Workers,2215,Distribute food to waiters and waitresses to serve to customers.,Supplemental,60.0,08/2024,Incumbent
35-2021.00,Food Preparation Workers,18733,"Operate cash register, handle money, and give correct change.",Supplemental,58.0,08/2024,Incumbent
35-2021.00,Food Preparation Workers,2222,"Distribute menus to hospital patients, collect diet sheets, and deliver food trays and snacks to nursing units or directly to patients.",Supplemental,60.0,08/2024,Incumbent
35-2021.00,Food Preparation Workers,2199,Package take-out foods or serve food to customers.,Supplemental,59.0,08/2024,Incumbent
35-2021.00,Food Preparation Workers,2219,"Cut, slice or grind meat, poultry, and seafood to prepare for cooking.",Supplemental,60.0,08/2024,Incumbent
35-2021.00,Food Preparation Workers,2218,"Butcher and clean fowl, fish, poultry, and shellfish to prepare for cooking or serving.",Supplemental,59.0,08/2024,Incumbent
35-2021.00,Food Preparation Workers,2216,Keep records of the quantities of food used.,Supplemental,59.0,08/2024,Incumbent
35-3011.00,Bartenders,2238,Supervise the work of bar staff and other bartenders.,Supplemental,65.0,07/2017,Incumbent
35-3011.00,Bartenders,2233,Order or requisition liquors and supplies.,Supplemental,65.0,07/2017,Incumbent
35-3011.00,Bartenders,2239,Plan bar menus.,Supplemental,65.0,07/2017,Incumbent
35-3011.00,Bartenders,2240,"Prepare appetizers such as pickles, cheese, and cold meats.",Supplemental,64.0,07/2017,Incumbent
35-3023.00,Fast Food and Counter Workers,23118,"Perform personnel activities, such as supervising and training employees.",Supplemental,117.0,08/2025,Incumbent
35-3023.00,Fast Food and Counter Workers,23122,"Add relishes and garnishes to food orders, according to instructions.",Supplemental,114.0,08/2025,Incumbent
35-3023.00,Fast Food and Counter Workers,23120,Distribute food to servers.,Supplemental,115.0,08/2025,Incumbent
35-3023.00,Fast Food and Counter Workers,23116,"Select food items from serving or storage areas and place them in dishes, on serving trays, or in take-out bags.",Supplemental,116.0,08/2025,Incumbent
35-3023.00,Fast Food and Counter Workers,23114,Notify kitchen personnel of shortages or special orders.,Supplemental,115.0,08/2025,Incumbent
35-3023.00,Fast Food and Counter Workers,23119,"Take customers' orders and write ordered items on tickets, giving ticket stubs to customers when needed to identify filled orders.",Supplemental,114.0,08/2025,Incumbent
35-3023.00,Fast Food and Counter Workers,23125,"Plan, prepare, and deliver meals to individuals with special dietary needs.",Supplemental,117.0,08/2025,Incumbent
35-3023.00,Fast Food and Counter Workers,23117,Replenish foods at serving stations.,Supplemental,115.0,08/2025,Incumbent
35-3023.00,Fast Food and Counter Workers,23112,"Wash dishes, glassware, and silverware after meals.",Supplemental,116.0,08/2025,Incumbent
35-3023.00,Fast Food and Counter Workers,23124,Arrange tables and decorations according to instructions.,Supplemental,115.0,08/2025,Incumbent
35-3031.00,Waiters and Waitresses,2291,Garnish and decorate dishes in preparation for serving.,Supplemental,110.0,08/2025,Incumbent
35-3031.00,Waiters and Waitresses,2295,"Bring wine selections to tables with appropriate glasses, and pour the wines for customers.",Supplemental,111.0,08/2025,Incumbent
35-3031.00,Waiters and Waitresses,2294,Describe and recommend wines to customers.,Supplemental,110.0,08/2025,Incumbent
35-3041.00,"Food Servers, Nonrestaurant",11162,"Total checks, present them to customers, and accept payment for services.",Supplemental,75.0,08/2020,Incumbent
35-9011.00,Dining Room and Cafeteria Attendants and Bartender Helpers,11177,Replenish supplies of food or equipment at steam tables or service bars.,Supplemental,53.0,08/2021,Incumbent
35-9011.00,Dining Room and Cafeteria Attendants and Bartender Helpers,11179,Wash glasses or other serving equipment at bars.,Supplemental,53.0,08/2021,Incumbent
35-9011.00,Dining Room and Cafeteria Attendants and Bartender Helpers,11181,Carry linens to or from laundry areas.,Supplemental,52.0,08/2021,Incumbent
35-9011.00,Dining Room and Cafeteria Attendants and Bartender Helpers,11180,Garnish foods and position them on tables to make them visible and accessible.,Supplemental,53.0,08/2021,Incumbent
35-9011.00,Dining Room and Cafeteria Attendants and Bartender Helpers,11183,Mix and prepare flavors for mixed drinks.,Supplemental,54.0,08/2021,Incumbent
35-9011.00,Dining Room and Cafeteria Attendants and Bartender Helpers,11184,Slice and pit fruit used to garnish drinks.,Supplemental,52.0,08/2021,Incumbent
35-9011.00,Dining Room and Cafeteria Attendants and Bartender Helpers,11182,Stock refrigerating units with wines or bottled beer or replace empty beer kegs.,Supplemental,53.0,08/2021,Incumbent
35-9021.00,Dishwashers,11198,Load or unload trucks that deliver or pick up food or supplies.,Supplemental,77.0,08/2025,Incumbent
35-9021.00,Dishwashers,11197,Prepare and package individual place settings.,Supplemental,77.0,08/2025,Incumbent
35-9021.00,Dishwashers,11194,Set up banquet tables.,Supplemental,78.0,08/2025,Incumbent
35-9031.00,"Hosts and Hostesses, Restaurant, Lounge, and Coffee Shop",2305,Operate cash registers to accept payments for food and beverages.,Supplemental,61.0,08/2025,Incumbent
35-9031.00,"Hosts and Hostesses, Restaurant, Lounge, and Coffee Shop",2304,"Direct patrons to coatrooms and waiting areas, such as lounges.",Supplemental,61.0,08/2025,Incumbent
35-9031.00,"Hosts and Hostesses, Restaurant, Lounge, and Coffee Shop",2306,"Prepare cash receipts after establishments close, and make bank deposits.",Supplemental,61.0,08/2025,Incumbent
35-9031.00,"Hosts and Hostesses, Restaurant, Lounge, and Coffee Shop",2309,Order or requisition supplies and equipment for tables and serving stations.,Supplemental,61.0,08/2025,Incumbent
35-9031.00,"Hosts and Hostesses, Restaurant, Lounge, and Coffee Shop",2310,"Hire, train, and supervise food and beverage service staff.",Supplemental,62.0,08/2025,Incumbent
35-9031.00,"Hosts and Hostesses, Restaurant, Lounge, and Coffee Shop",2312,Confer with other staff to help plan establishments' menus.,Supplemental,61.0,08/2025,Incumbent
35-9031.00,"Hosts and Hostesses, Restaurant, Lounge, and Coffee Shop",2313,Perform marketing and advertising services.,Supplemental,62.0,08/2025,Incumbent
37-1011.00,First-Line Supervisors of Housekeeping and Janitorial Workers,9535,"Perform financial tasks, such as estimating costs and preparing and managing budgets.",Supplemental,66.0,08/2020,Incumbent
37-1011.00,First-Line Supervisors of Housekeeping and Janitorial Workers,9532,"Screen job applicants, and hire new employees.",Supplemental,66.0,08/2020,Incumbent
37-1011.00,First-Line Supervisors of Housekeeping and Janitorial Workers,20131,"Perform grounds maintenance tasks, such as removing snow and mowing the lawn.",Supplemental,64.0,08/2020,Incumbent
37-1012.00,"First-Line Supervisors of Landscaping, Lawn Service, and Groundskeeping Workers",11222,"Negotiate with customers regarding fees for landscaping, lawn service, or groundskeeping work.",Supplemental,53.0,08/2021,Incumbent
37-2011.00,"Janitors and Cleaners, Except Maids and Housekeeping Cleaners",9543,"Strip, seal, finish, and polish floors.",Supplemental,60.0,08/2023,Incumbent
37-2011.00,"Janitors and Cleaners, Except Maids and Housekeeping Cleaners",9552,"Remove snow from sidewalks, driveways, or parking areas, using snowplows, snow blowers, or snow shovels, or spread snow-melting chemicals.",Supplemental,60.0,08/2023,Incumbent
37-2011.00,"Janitors and Cleaners, Except Maids and Housekeeping Cleaners",9555,"Make adjustments or minor repairs to heating, cooling, ventilating, plumbing, or electrical systems.",Supplemental,59.0,08/2023,Incumbent
37-2011.00,"Janitors and Cleaners, Except Maids and Housekeeping Cleaners",20592,"Drive vans, industrial trucks, or other vehicles required to travel to, or to perform, cleaning work.",Supplemental,59.0,08/2023,Incumbent
37-2011.00,"Janitors and Cleaners, Except Maids and Housekeeping Cleaners",9554,Spray insecticides or fumigants to prevent insect or rodent infestation.,Supplemental,60.0,08/2023,Incumbent
37-2011.00,"Janitors and Cleaners, Except Maids and Housekeeping Cleaners",9548,"Set up, arrange, or remove decorations, tables, chairs, ladders, or scaffolding to prepare facilities for events, such as banquets or meetings.",Supplemental,60.0,08/2023,Incumbent
37-2011.00,"Janitors and Cleaners, Except Maids and Housekeeping Cleaners",9559,"Clean chimneys, flues, and connecting pipes, using power or hand tools.",Supplemental,60.0,08/2023,Incumbent
37-2011.00,"Janitors and Cleaners, Except Maids and Housekeeping Cleaners",20591,"Mow or trim lawns or shrubbery, using mowers or hand or power trimmers, and clear debris from grounds.",Supplemental,58.0,08/2023,Incumbent
37-2011.00,"Janitors and Cleaners, Except Maids and Housekeeping Cleaners",9547,Steam-clean or shampoo carpets.,Supplemental,60.0,08/2023,Incumbent
37-2012.00,Maids and Housekeeping Cleaners,9570,"Disinfect equipment and supplies, using germicides or steam-operated sterilizers.",Supplemental,85.0,08/2020,Incumbent
37-2012.00,Maids and Housekeeping Cleaners,9571,"Observe precautions required to protect hotel and guest property and report damage, theft, and found articles to supervisors.",Supplemental,87.0,08/2020,Incumbent
37-2012.00,Maids and Housekeeping Cleaners,9577,"Sort, count, and mark clean linens and store them in linen closets.",Supplemental,86.0,08/2020,Incumbent
37-2012.00,Maids and Housekeeping Cleaners,9575,"Sort clothing and other articles, load washing machines, and iron and fold dried items.",Supplemental,86.0,08/2020,Incumbent
37-2012.00,Maids and Housekeeping Cleaners,9587,Move and arrange furniture and turn mattresses.,Supplemental,89.0,08/2020,Incumbent
37-2012.00,Maids and Housekeeping Cleaners,9582,Replace light bulbs.,Supplemental,85.0,08/2020,Incumbent
37-2012.00,Maids and Housekeeping Cleaners,9586,"Deliver television sets, ironing boards, baby cribs, and rollaway beds to guests' rooms.",Supplemental,84.0,08/2020,Incumbent
37-2012.00,Maids and Housekeeping Cleaners,9569,Hang draperies and dust window blinds.,Supplemental,84.0,08/2020,Incumbent
37-2012.00,Maids and Housekeeping Cleaners,9581,Request repair services and wait for repair workers to arrive.,Supplemental,85.0,08/2020,Incumbent
37-2012.00,Maids and Housekeeping Cleaners,9579,"Prepare rooms for meetings and arrange decorations, media equipment, and furniture for social or business functions.",Supplemental,86.0,08/2020,Incumbent
37-2012.00,Maids and Housekeeping Cleaners,9578,"Polish silver accessories and metalwork, such as fixtures and fittings.",Supplemental,83.0,08/2020,Incumbent
37-2021.00,Pest Control Workers,7981,Post warning signs and lock building doors to secure area to be fumigated.,Supplemental,121.0,07/2015,Incumbent
37-2021.00,Pest Control Workers,7985,"Set mechanical traps, or place poisonous paste or bait in sewers, burrows, or ditches.",Supplemental,122.0,07/2015,Incumbent
37-2021.00,Pest Control Workers,7982,"Cut or bore openings in building or surrounding concrete, access infested areas, insert nozzle, and inject pesticide to impregnate ground.",Supplemental,122.0,07/2015,Incumbent
37-2021.00,Pest Control Workers,7986,"Clean and remove blockages from infested areas to facilitate spraying procedures and provide drainage, using brooms, mops, shovels, or rakes.",Supplemental,122.0,07/2015,Incumbent
37-3011.00,Landscaping and Groundskeeping Workers,9606,Use irrigation methods to adjust the amount of water consumption and to prevent waste.,Supplemental,90.0,07/2015,Incumbent
37-3011.00,Landscaping and Groundskeeping Workers,9597,"Provide proper upkeep of sidewalks, driveways, parking lots, fountains, planters, burial sites, or other grounds features.",Supplemental,91.0,07/2015,Incumbent
37-3011.00,Landscaping and Groundskeeping Workers,9590,"Shovel snow from walks, driveways, or parking lots, and spread salt in those areas.",Supplemental,92.0,07/2015,Incumbent
37-3011.00,Landscaping and Groundskeeping Workers,9604,"Maintain irrigation systems, including winterizing the systems and starting them up in spring.",Supplemental,92.0,07/2015,Incumbent
37-3011.00,Landscaping and Groundskeeping Workers,9610,Plan or cultivate lawns or gardens.,Supplemental,92.0,07/2015,Incumbent
37-3011.00,Landscaping and Groundskeeping Workers,9595,"Maintain or repair tools, equipment, or structures, such as buildings, greenhouses, fences, or benches, using hand or power tools.",Supplemental,89.0,07/2015,Incumbent
37-3011.00,Landscaping and Groundskeeping Workers,9609,"Care for artificial turf fields, periodically removing the turf and replacing cushioning pads or vacuuming and disinfecting the turf after use to prevent the growth of harmful bacteria.",Supplemental,92.0,07/2015,Incumbent
37-3011.00,Landscaping and Groundskeeping Workers,9612,"Install rock gardens, ponds, decks, drainage systems, irrigation systems, retaining walls, fences, planters, or playground equipment.",Supplemental,90.0,07/2015,Incumbent
37-3011.00,Landscaping and Groundskeeping Workers,9605,"Care for natural turf fields, making sure the underlying soil has the required composition to allow proper drainage and to support the grasses.",Supplemental,90.0,07/2015,Incumbent
37-3011.00,Landscaping and Groundskeeping Workers,9608,Advise customers on plant selection or care.,Supplemental,93.0,07/2015,Incumbent
37-3011.00,Landscaping and Groundskeeping Workers,9607,"Haul or spread topsoil, or spread straw over seeded soil to hold soil in place.",Supplemental,91.0,07/2015,Incumbent
37-3011.00,Landscaping and Groundskeeping Workers,9614,Build forms and mix and pour cement to form garden borders.,Supplemental,91.0,07/2015,Incumbent
37-3012.00,"Pesticide Handlers, Sprayers, and Applicators, Vegetation",11234,"Provide driving instructions to truck drivers to ensure complete coverage of designated areas, using hand and horn signals.",Supplemental,80.0,07/2015,Incumbent
37-3012.00,"Pesticide Handlers, Sprayers, and Applicators, Vegetation",11235,"Plant grass with seed spreaders, and operate straw blowers to cover seeded areas with mixtures of asphalt and straw.",Supplemental,78.0,07/2015,Incumbent
37-3013.00,Tree Trimmers and Pruners,13131,"Plan and develop budgets for tree work, and estimate the monetary value of trees.",Supplemental,59.0,08/2018,Incumbent
37-3013.00,Tree Trimmers and Pruners,13118,"Prune, cut down, fertilize, and spray trees as directed by tree surgeons.",Supplemental,60.0,08/2018,Incumbent
37-3013.00,Tree Trimmers and Pruners,13127,"Remove broken limbs from wires, using hooked extension poles.",Supplemental,58.0,08/2018,Incumbent
37-3013.00,Tree Trimmers and Pruners,13132,"Water, root-feed, and fertilize trees.",Supplemental,59.0,08/2018,Incumbent
37-3013.00,Tree Trimmers and Pruners,13135,Scrape decayed matter from cavities in trees and fill holes with cement to promote healing and to prevent further deterioration.,Supplemental,60.0,08/2018,Incumbent
37-3013.00,Tree Trimmers and Pruners,13130,"Spray trees to treat diseased or unhealthy trees, including mixing chemicals and calibrating spray equipment.",Supplemental,60.0,08/2018,Incumbent
37-3013.00,Tree Trimmers and Pruners,13133,Apply tar or other protective substances to cut surfaces or seal surfaces and to protect them from fungi and insects.,Supplemental,59.0,08/2018,Incumbent
37-3013.00,Tree Trimmers and Pruners,13129,"Transplant and remove trees and shrubs, and prepare trees for moving.",Supplemental,59.0,08/2018,Incumbent
37-3013.00,Tree Trimmers and Pruners,13136,"Split logs or wooden blocks into bolts, pickets, posts, or stakes, using hand tools such as ax wedges, sledgehammers, and mallets.",Supplemental,58.0,08/2018,Incumbent
39-1013.00,First-Line Supervisors of Gambling Services Workers,23149,Monitor functioning of slot machine coin dispensers and fill coin hoppers when necessary.,Supplemental,65.0,08/2022,Incumbent
39-1013.00,First-Line Supervisors of Gambling Services Workers,23148,"Record, issue receipts for, and pay off bets.",Supplemental,27.0,08/2022,Incumbent
39-1013.00,First-Line Supervisors of Gambling Services Workers,23150,Determine how many gaming tables to open each day and schedule staff accordingly.,Supplemental,27.0,08/2022,Incumbent
39-1013.00,First-Line Supervisors of Gambling Services Workers,23151,Direct workers compiling summary sheets for each race or event to record amounts wagered and amounts to be paid to winners.,Supplemental,27.0,08/2022,Incumbent
39-1013.00,First-Line Supervisors of Gambling Services Workers,23154,"Establish policies on types of gambling offered, odds, or extension of credit.",Supplemental,27.0,08/2022,Incumbent
39-1013.00,First-Line Supervisors of Gambling Services Workers,23153,"Review operational expenses, budget estimates, betting accounts, or collection reports for accuracy.",Supplemental,27.0,08/2022,Incumbent
39-1022.00,First-Line Supervisors of Personal Service Workers,13154,"Direct marketing, advertising, or other customer recruitment efforts.",Supplemental,50.0,08/2024,Incumbent
39-2011.00,Animal Trainers,7998,"Train horses or other equines for riding, harness, show, racing, or other work, using knowledge of breed characteristics, training methods, performance standards, and the peculiarities of each animal.",Supplemental,117.0,07/2014,Incumbent
39-2011.00,Animal Trainers,7999,"Use oral, spur, rein, or hand commands to condition horses to carry riders or to pull horse-drawn equipment.",Supplemental,118.0,07/2014,Incumbent
39-2011.00,Animal Trainers,8002,"Retrain horses to break bad habits, such as kicking, bolting, or resisting bridling or grooming.",Supplemental,118.0,07/2014,Incumbent
39-2011.00,Animal Trainers,8001,Train dogs in human assistance or property protection duties.,Supplemental,117.0,07/2014,Incumbent
39-2011.00,Animal Trainers,8004,Organize or conduct animal shows.,Supplemental,117.0,07/2014,Incumbent
39-2021.00,Animal Caretakers,5085,Observe and caution children petting and feeding animals in designated areas to ensure the safety of humans and animals.,Supplemental,107.0,08/2019,Incumbent
39-2021.00,Animal Caretakers,5083,Clean and disinfect surgical equipment.,Supplemental,109.0,08/2019,Incumbent
39-2021.00,Animal Caretakers,5086,Find homes for stray or unwanted animals.,Supplemental,108.0,08/2019,Incumbent
39-2021.00,Animal Caretakers,5084,Discuss with clients their pets' grooming needs.,Supplemental,108.0,08/2019,Incumbent
39-2021.00,Animal Caretakers,5089,"Transfer animals between enclosures to facilitate breeding, birthing, shipping, or rearrangement of exhibits.",Supplemental,110.0,08/2019,Incumbent
39-2021.00,Animal Caretakers,5087,"Adjust controls to regulate specified temperature and humidity of animal quarters, nurseries, or exhibit areas.",Supplemental,109.0,08/2019,Incumbent
39-2021.00,Animal Caretakers,5088,"Anesthetize and inoculate animals, according to instructions.",Supplemental,108.0,08/2019,Incumbent
39-2021.00,Animal Caretakers,5090,"Install, maintain, and repair animal care facility equipment, such as infrared lights, feeding devices, and cages.",Supplemental,109.0,08/2019,Incumbent
39-2021.00,Animal Caretakers,5091,Train animals to perform certain tasks.,Supplemental,110.0,08/2019,Incumbent
39-2021.00,Animal Caretakers,5081,"Order, unload, and store feed and supplies.",Supplemental,110.0,08/2019,Incumbent
39-2021.00,Animal Caretakers,5093,Sell pet food and supplies.,Supplemental,107.0,08/2019,Incumbent
39-3011.00,Gambling Dealers,20133,Supervise staff and monitor gambling tables to ensure security of the game.,Supplemental,89.0,08/2019,Incumbent
39-3011.00,Gambling Dealers,4461,Seat patrons at gaming tables.,Supplemental,87.0,08/2019,Incumbent
39-3011.00,Gambling Dealers,4464,Train new dealers.,Supplemental,89.0,08/2019,Incumbent
39-3011.00,Gambling Dealers,4462,Prepare collection reports for submission to supervisors.,Supplemental,87.0,08/2019,Incumbent
39-3011.00,Gambling Dealers,4460,Participate in games for gambling establishments to provide the minimum complement of players at a table.,Supplemental,85.0,08/2019,Incumbent
39-3012.00,Gambling and Sports Book Writers and Runners,8012,"Conduct gambling tables or games, such as dice, roulette, cards, or keno, and ensure that game rules are followed.",Supplemental,89.0,07/2014,Incumbent
39-3012.00,Gambling and Sports Book Writers and Runners,8020,"Operate games in which players bet that a ball will come to rest in a particular slot on a rotating wheel, performing actions such as spinning the wheel and releasing the ball.",Supplemental,89.0,07/2014,Incumbent
39-3012.00,Gambling and Sports Book Writers and Runners,8016,Exchange paper currency for playing chips or coins.,Supplemental,89.0,07/2014,Incumbent
39-3012.00,Gambling and Sports Book Writers and Runners,8010,Compare the house hand with players' hands to determine the winner.,Supplemental,89.0,07/2014,Incumbent
39-3012.00,Gambling and Sports Book Writers and Runners,8017,Open or close cash floats or game tables.,Supplemental,89.0,07/2014,Incumbent
39-3012.00,Gambling and Sports Book Writers and Runners,8014,Pay off or move bets as established by game rules and procedures.,Supplemental,89.0,07/2014,Incumbent
39-3012.00,Gambling and Sports Book Writers and Runners,8018,Start gaming equipment that randomly selects numbered balls and announce winning numbers and colors.,Supplemental,89.0,07/2014,Incumbent
39-3012.00,Gambling and Sports Book Writers and Runners,8011,Check to ensure that all players have placed their bets before play begins.,Supplemental,89.0,07/2014,Incumbent
39-3012.00,Gambling and Sports Book Writers and Runners,8015,Inspect cards or equipment to be used in games to ensure they are in proper condition.,Supplemental,89.0,07/2014,Incumbent
39-3012.00,Gambling and Sports Book Writers and Runners,8019,Record the number of tickets cashed and the amount paid out after each race or event.,Supplemental,87.0,07/2014,Incumbent
39-3012.00,Gambling and Sports Book Writers and Runners,8013,Prepare collection reports for submission to supervisors.,Supplemental,90.0,07/2014,Incumbent
39-3012.00,Gambling and Sports Book Writers and Runners,8023,"Deliver tickets, cards, and money to bingo callers.",Supplemental,89.0,07/2014,Incumbent
39-3012.00,Gambling and Sports Book Writers and Runners,8026,"Sell food, beverages, or tobacco to players.",Supplemental,89.0,07/2014,Incumbent
39-3012.00,Gambling and Sports Book Writers and Runners,8021,Supervise staff and games and mediate disputes.,Supplemental,89.0,07/2014,Incumbent
39-3021.00,Motion Picture Projectionists,8033,Inspect movie films to ensure that they are complete and in good condition.,Supplemental,75.0,08/2020,Incumbent
39-3021.00,Motion Picture Projectionists,8044,Remove full take-up reels and run film through rewinding machines to rewind projected films so they may be shown again.,Supplemental,73.0,08/2020,Incumbent
39-3021.00,Motion Picture Projectionists,8047,"Install and connect auxiliary equipment, such as microphones, amplifiers, disc playback machines, and lights.",Supplemental,74.0,08/2020,Incumbent
39-3021.00,Motion Picture Projectionists,8041,Observe projector operation to anticipate need to transfer operations from one projector to another.,Supplemental,75.0,08/2020,Incumbent
39-3021.00,Motion Picture Projectionists,8048,"Prepare film inspection reports, attendance sheets, and log books.",Supplemental,75.0,08/2020,Incumbent
39-3021.00,Motion Picture Projectionists,8032,"Splice separate film reels, advertisements, and movie trailers together to form a feature-length presentation on one continuous reel.",Supplemental,73.0,08/2020,Incumbent
39-3031.00,"Ushers, Lobby Attendants, and Ticket Takers",5107,Operate refreshment stands during intermission or obtain refreshments for press box patrons during performances.,Supplemental,97.0,07/2015,Incumbent
39-3031.00,"Ushers, Lobby Attendants, and Ticket Takers",5106,Count and record number of tickets collected.,Supplemental,97.0,07/2015,Incumbent
39-3031.00,"Ushers, Lobby Attendants, and Ticket Takers",20767,Lead tours and answer visitors' questions about the exhibits.,Supplemental,97.0,07/2015,Incumbent
39-3031.00,"Ushers, Lobby Attendants, and Ticket Takers",5112,Manage inventory or sale of artist merchandise.,Supplemental,96.0,07/2015,Incumbent
39-3031.00,"Ushers, Lobby Attendants, and Ticket Takers",5108,Verify credentials of patrons desiring entrance into press box and permit only authorized persons to enter.,Supplemental,97.0,07/2015,Incumbent
39-3031.00,"Ushers, Lobby Attendants, and Ticket Takers",5109,Distribute programs to patrons.,Supplemental,95.0,07/2015,Incumbent
39-3031.00,"Ushers, Lobby Attendants, and Ticket Takers",5113,Give door checks to patrons who are temporarily leaving establishments.,Supplemental,97.0,07/2015,Incumbent
39-3031.00,"Ushers, Lobby Attendants, and Ticket Takers",5114,Manage informational kiosks or displays of event signs or posters.,Supplemental,96.0,07/2015,Incumbent
39-3031.00,"Ushers, Lobby Attendants, and Ticket Takers",5111,Work with others to change advertising displays.,Supplemental,97.0,07/2015,Incumbent
39-3031.00,"Ushers, Lobby Attendants, and Ticket Takers",5115,Page individuals wanted at the box office.,Supplemental,97.0,07/2015,Incumbent
39-3031.00,"Ushers, Lobby Attendants, and Ticket Takers",20768,"Schedule or manage staff, such as volunteer usher corps.",Supplemental,96.0,07/2015,Incumbent
39-3091.00,Amusement and Recreation Attendants,5131,"Provide assistance to patrons entering or exiting amusement rides, boats, or ski lifts, or mounting or dismounting animals.",Supplemental,69.0,08/2020,Incumbent
39-3091.00,Amusement and Recreation Attendants,5121,"Clean sporting equipment, vehicles, rides, booths, facilities, or grounds.",Supplemental,70.0,08/2020,Incumbent
39-3091.00,Amusement and Recreation Attendants,5125,"Inspect equipment to detect wear and damage and perform minor repairs, adjustments, or maintenance tasks, such as oiling parts.",Supplemental,70.0,08/2020,Incumbent
39-3091.00,Amusement and Recreation Attendants,5128,"Verify, collect, or punch tickets before admitting patrons to venues, such as amusement parks and rides.",Supplemental,70.0,08/2020,Incumbent
39-3091.00,Amusement and Recreation Attendants,5124,"Fasten safety devices for patrons, or provide them with directions for fastening devices.",Supplemental,69.0,08/2020,Incumbent
39-3091.00,Amusement and Recreation Attendants,5123,Announce or describe amusement park attractions to patrons to entice customers to games and other entertainment.,Supplemental,70.0,08/2020,Incumbent
39-3091.00,Amusement and Recreation Attendants,5133,"Schedule the use of recreation facilities, such as golf courses, tennis courts, bowling alleys, or softball diamonds.",Supplemental,70.0,08/2020,Incumbent
39-3091.00,Amusement and Recreation Attendants,5132,Sell and serve refreshments to customers.,Supplemental,70.0,08/2020,Incumbent
39-3091.00,Amusement and Recreation Attendants,5127,"Rent, sell, or issue sporting equipment and supplies, such as bowling shoes, golf balls, swimming suits, or beach chairs.",Supplemental,70.0,08/2020,Incumbent
39-3091.00,Amusement and Recreation Attendants,5126,"Operate, drive, or explain the use of mechanical riding devices or other automatic equipment in amusement parks, carnivals, or recreation areas.",Supplemental,69.0,08/2020,Incumbent
39-3092.00,Costume Attendants,9628,Direct the work of wardrobe crews during dress rehearsals or performances.,Supplemental,114.0,07/2016,Incumbent
39-3092.00,Costume Attendants,9634,"Participate in the hiring, training, scheduling, or supervision of alteration workers.",Supplemental,115.0,07/2016,Incumbent
39-3092.00,Costume Attendants,9633,"Provide managers with budget recommendations and take responsibility for budgetary line items related to costumes, storage, or makeup needs.",Supplemental,115.0,07/2016,Incumbent
39-3092.00,Costume Attendants,9619,"Assign lockers to employees and maintain locker rooms, dressing rooms, wig rooms, or costume storage or laundry areas.",Supplemental,114.0,07/2016,Incumbent
39-3092.00,Costume Attendants,9631,Recommend vendors and monitor their work.,Supplemental,115.0,07/2016,Incumbent
39-3092.00,Costume Attendants,9635,"Care for non-clothing items, such as flags, table skirts, or draperies.",Supplemental,115.0,07/2016,Incumbent
39-3093.00,"Locker Room, Coatroom, and Dressing Room Attendants",4469,"Clean and polish footwear, using brushes, sponges, cleaning fluid, polishes, waxes, liquid or sole dressing, and daubers.",Supplemental,70.0,07/2011,Incumbent
39-3093.00,"Locker Room, Coatroom, and Dressing Room Attendants",4474,"Activate emergency action plans and administer first aid, as necessary.",Supplemental,67.0,07/2011,Incumbent
39-3093.00,"Locker Room, Coatroom, and Dressing Room Attendants",4473,"Procure beverages, food, and other items as requested.",Supplemental,70.0,07/2011,Incumbent
39-3093.00,"Locker Room, Coatroom, and Dressing Room Attendants",4477,Collect soiled linen or clothing for laundering.,Supplemental,70.0,07/2011,Incumbent
39-3093.00,"Locker Room, Coatroom, and Dressing Room Attendants",4475,"Store personal possessions for patrons, issue claim checks for articles stored, and return articles on receipt of checks.",Supplemental,68.0,07/2011,Incumbent
39-3093.00,"Locker Room, Coatroom, and Dressing Room Attendants",4471,Operate washing machines and dryers to clean soiled apparel and towels.,Supplemental,66.0,07/2011,Incumbent
39-3093.00,"Locker Room, Coatroom, and Dressing Room Attendants",4482,"Maintain inventories of clothing or uniforms, accessories, equipment, or linens.",Supplemental,67.0,07/2011,Incumbent
39-3093.00,"Locker Room, Coatroom, and Dressing Room Attendants",4479,Attend to needs of athletic teams in clubhouses.,Supplemental,70.0,07/2011,Incumbent
39-3093.00,"Locker Room, Coatroom, and Dressing Room Attendants",4480,Provide assistance to patrons by performing duties such as opening doors or carrying bags.,Supplemental,68.0,07/2011,Incumbent
39-3093.00,"Locker Room, Coatroom, and Dressing Room Attendants",4478,Operate controls that regulate temperatures or room environments.,Supplemental,67.0,07/2011,Incumbent
39-3093.00,"Locker Room, Coatroom, and Dressing Room Attendants",4483,"Issue gym clothes, uniforms, towels, athletic equipment, and special athletic apparel.",Supplemental,67.0,07/2011,Incumbent
39-3093.00,"Locker Room, Coatroom, and Dressing Room Attendants",4486,"Provide or arrange for services such as clothes pressing, cleaning, or repair.",Supplemental,67.0,07/2011,Incumbent
39-3093.00,"Locker Room, Coatroom, and Dressing Room Attendants",4470,"Report and document safety hazards, potentially hazardous conditions, and unsafe practices and procedures.",Supplemental,67.0,07/2011,Incumbent
39-3093.00,"Locker Room, Coatroom, and Dressing Room Attendants",4481,Stencil identifying information on equipment.,Supplemental,68.0,07/2011,Incumbent
39-3093.00,"Locker Room, Coatroom, and Dressing Room Attendants",4485,Set up various apparatus or athletic equipment.,Supplemental,66.0,07/2011,Incumbent
39-4011.00,Embalmers,4509,"Assist coroners at death scenes or at autopsies, file police reports, and testify at inquests or in court, if employed by a coroner.",Supplemental,56.0,08/2021,Incumbent
39-4011.00,Embalmers,4510,Press diaphragm to evacuate air from lungs.,Supplemental,56.0,08/2021,Incumbent
39-4021.00,Funeral Attendants,20603,"Embalm, dress, cosmeticize, and casket the deceased.",Supplemental,68.0,08/2024,Incumbent
39-4021.00,Funeral Attendants,20607,Prepare obituaries for newspapers.,Supplemental,68.0,08/2024,Incumbent
39-4021.00,Funeral Attendants,4516,Obtain burial permits and register deaths.,Supplemental,68.0,08/2024,Incumbent
39-4021.00,Funeral Attendants,20597,Transport the deceased to the funeral home.,Supplemental,68.0,08/2024,Incumbent
39-4021.00,Funeral Attendants,20605,"Obtain doctors' signatures on death certificate and complete other paperwork, such as insurance claims forms.",Supplemental,66.0,08/2024,Incumbent
39-4021.00,Funeral Attendants,4526,Assist with cremations and the processing and packaging of cremated remains.,Supplemental,67.0,08/2024,Incumbent
39-4021.00,Funeral Attendants,20598,"Attend to the needs of the bereaved, such as by offering comfort, counseling, or after-care programs.",Supplemental,67.0,08/2024,Incumbent
39-4021.00,Funeral Attendants,20599,"Perform various administrative tasks, such as typing documents or answering telephone calls.",Supplemental,69.0,08/2024,Incumbent
39-5011.00,Barbers,8067,Provide skin care and nail treatments.,Supplemental,64.0,08/2018,Incumbent
39-5011.00,Barbers,8060,"Keep card files on clientele, recording notes of work done, products used and fees charged after each visit.",Supplemental,65.0,08/2018,Incumbent
39-5011.00,Barbers,8062,"Curl, color, or straighten hair, using special chemical solutions and equipment.",Supplemental,65.0,08/2018,Incumbent
39-5011.00,Barbers,8066,"Provide face, neck, and scalp massages.",Supplemental,65.0,08/2018,Incumbent
39-5012.00,"Hairdressers, Hairstylists, and Cosmetologists",651,"Train or supervise other hairstylists, hairdressers, and assistants.",Supplemental,67.0,07/2016,Incumbent
39-5012.00,"Hairdressers, Hairstylists, and Cosmetologists",649,"Massage and treat scalp for hygienic and remedial purposes, using hands, fingers, or vibrating equipment.",Supplemental,67.0,07/2016,Incumbent
39-5012.00,"Hairdressers, Hairstylists, and Cosmetologists",648,Administer therapeutic medication and advise patron to seek medical treatment for chronic or contagious scalp conditions.,Supplemental,67.0,07/2016,Incumbent
39-5012.00,"Hairdressers, Hairstylists, and Cosmetologists",652,"Recommend and explain the use of cosmetics, lotions, and creams to soften and lubricate skin and enhance and restore natural appearance.",Supplemental,67.0,07/2016,Incumbent
39-5012.00,"Hairdressers, Hairstylists, and Cosmetologists",654,"Clean, shape, and polish fingernails and toenails, using files and nail polish.",Supplemental,66.0,07/2016,Incumbent
39-5012.00,"Hairdressers, Hairstylists, and Cosmetologists",653,"Give facials to patrons, using special compounds, such as lotions and creams.",Supplemental,67.0,07/2016,Incumbent
39-5012.00,"Hairdressers, Hairstylists, and Cosmetologists",656,"Attach wigs or hairpieces to model heads and dress wigs and hairpieces according to instructions, samples, sketches or photographs.",Supplemental,67.0,07/2016,Incumbent
39-5091.00,"Makeup Artists, Theatrical and Performance",14813,Advise hairdressers on the hairstyles required for character parts.,Supplemental,21.0,08/2025,Occupational Expert
39-5091.00,"Makeup Artists, Theatrical and Performance",14816,Wash and reset wigs.,Supplemental,21.0,08/2025,Occupational Expert
39-5093.00,Shampooers,14821,Maintain treatment records.,Supplemental,90.0,06/2008,Incumbent
39-5094.00,Skincare Specialists,8084,Collaborate with plastic surgeons and dermatologists to provide patients with preoperative and postoperative skin care.,Supplemental,48.0,08/2025,Incumbent
39-5094.00,Skincare Specialists,8082,Advise clients about colors and types of makeup and instruct them in makeup application techniques.,Supplemental,49.0,08/2025,Incumbent
39-5094.00,Skincare Specialists,8083,Sell makeup to clients.,Supplemental,49.0,08/2025,Incumbent
39-6011.00,Baggage Porters and Bellhops,2319,"Act as part of the security team at transportation terminals, hotels, or similar establishments.",Supplemental,53.0,08/2018,Incumbent
39-6011.00,Baggage Porters and Bellhops,2325,Compute and complete charge slips for services rendered and maintain records.,Supplemental,52.0,08/2018,Incumbent
39-6011.00,Baggage Porters and Bellhops,2326,"Page guests in hotel lobbies, dining rooms, or other areas.",Supplemental,51.0,08/2018,Incumbent
39-6011.00,Baggage Porters and Bellhops,2330,"Set up conference rooms, display tables, racks, or shelves, and arrange merchandise displays for sales personnel.",Supplemental,53.0,08/2018,Incumbent
39-6011.00,Baggage Porters and Bellhops,2328,"Inspect guests' rooms to ensure that they are adequately stocked, orderly, and comfortable.",Supplemental,53.0,08/2018,Incumbent
39-6011.00,Baggage Porters and Bellhops,2329,Complete baggage insurance forms.,Supplemental,53.0,08/2018,Incumbent
39-6011.00,Baggage Porters and Bellhops,2322,"Arrange for shipments of baggage, express mail, and parcels by providing weighing and billing services.",Supplemental,53.0,08/2018,Incumbent
39-6012.00,Concierges,20265,Provide food and beverage services to guests.,Supplemental,22.0,08/2025,Occupational Expert
39-6012.00,Concierges,20264,Clean and tidy hotel lounge.,Supplemental,22.0,08/2025,Occupational Expert
39-7011.00,Tour Guides and Escorts,4545,"Provide for physical safety of groups, performing such activities as providing first aid or directing emergency evacuations.",Supplemental,71.0,08/2020,Incumbent
39-7011.00,Tour Guides and Escorts,4553,Assemble and check the required supplies and equipment prior to departure.,Supplemental,72.0,08/2020,Incumbent
39-7011.00,Tour Guides and Escorts,4542,"Greet and register visitors, and issue any required identification badges or safety devices.",Supplemental,71.0,08/2020,Incumbent
39-7011.00,Tour Guides and Escorts,4543,"Distribute brochures, show audiovisual presentations, and explain establishment processes and operations at tour sites.",Supplemental,72.0,08/2020,Incumbent
39-7011.00,Tour Guides and Escorts,4554,Drive motor vehicles to transport visitors to establishments and tour site locations.,Supplemental,72.0,08/2020,Incumbent
39-7011.00,Tour Guides and Escorts,20136,Train other guides and volunteers.,Supplemental,72.0,08/2020,Incumbent
39-7011.00,Tour Guides and Escorts,4547,"Provide information about wildlife varieties and habitats, as well as any relevant regulations, such as those pertaining to hunting and fishing.",Supplemental,71.0,08/2020,Incumbent
39-7011.00,Tour Guides and Escorts,4549,"Teach skills, such as proper climbing methods, and demonstrate and advise on the use of equipment.",Supplemental,72.0,08/2020,Incumbent
39-7011.00,Tour Guides and Escorts,4548,Collect fees and tickets from group members.,Supplemental,71.0,08/2020,Incumbent
39-7011.00,Tour Guides and Escorts,4555,"Perform clerical duties, such as filing, typing, operating switchboards, or routing mail and messages.",Supplemental,72.0,08/2020,Incumbent
39-7011.00,Tour Guides and Escorts,4551,Solicit tour patronage and sell souvenirs.,Supplemental,71.0,08/2020,Incumbent
39-7011.00,Tour Guides and Escorts,4552,Speak foreign languages to communicate with foreign visitors.,Supplemental,72.0,08/2020,Incumbent
39-7012.00,Travel Guides,13171,Explain hunting and fishing laws to groups to ensure compliance.,Supplemental,58.0,08/2022,Incumbent
39-7012.00,Travel Guides,13160,Lead individuals or groups to tour site locations and describe points of interest.,Supplemental,58.0,08/2022,Incumbent
39-7012.00,Travel Guides,13167,Pilot airplanes or drive land and water vehicles to transport tourists to activity or tour sites.,Supplemental,57.0,08/2022,Incumbent
39-7012.00,Travel Guides,13170,"Sell or rent equipment, clothing, and supplies related to expeditions.",Supplemental,58.0,08/2022,Incumbent
39-7012.00,Travel Guides,13162,Pay bills and record checks issued.,Supplemental,58.0,08/2022,Incumbent
39-7012.00,Travel Guides,13161,Verify amounts and quality of equipment prior to expeditions or tours.,Supplemental,58.0,08/2022,Incumbent
39-7012.00,Travel Guides,13169,"Instruct novices in climbing techniques, mountaineering, and wilderness survival, and demonstrate use of hunting, fishing, and climbing equipment.",Supplemental,57.0,08/2022,Incumbent
39-7012.00,Travel Guides,13168,"Set up camps, and prepare meals for tour group members.",Supplemental,58.0,08/2022,Incumbent
39-7012.00,Travel Guides,13165,"Provide tourists with assistance in obtaining permits and documents such as visas, passports, and health certificates, and in converting currency.",Supplemental,58.0,08/2022,Incumbent
39-9011.00,Childcare Workers,2344,Sterilize bottles and prepare formulas.,Supplemental,190.0,08/2018,Incumbent
39-9011.00,Childcare Workers,2347,Help children with homework and school work.,Supplemental,187.0,08/2018,Incumbent
39-9011.00,Childcare Workers,18763,"Provide care for children with physical, developmental, or mental health disabilities.",Supplemental,186.0,08/2018,Incumbent
39-9011.00,Childcare Workers,18764,"Perform general personnel functions, such as supervision, training, and scheduling.",Supplemental,188.0,08/2018,Incumbent
39-9011.00,Childcare Workers,2349,"Accompany children to and from school, on outings, and to medical appointments.",Supplemental,188.0,08/2018,Incumbent
39-9011.01,Nannies,21071,"Shop for groceries, clothing, and other items needed for children's care.",Supplemental,25.0,08/2023,Occupational Expert
39-9031.00,Exercise Trainers and Group Fitness Instructors,4564,"Conduct therapeutic, recreational, or athletic activities.",Supplemental,21.0,08/2025,Occupational Expert
39-9031.00,Exercise Trainers and Group Fitness Instructors,4567,Plan physical education programs to promote development of participants' physical attributes and social skills.,Supplemental,21.0,08/2025,Occupational Expert
39-9031.00,Exercise Trainers and Group Fitness Instructors,4572,"Teach individual and team sports to participants through instruction and demonstration, using knowledge of sports techniques and of participants' physical capabilities.",Supplemental,21.0,08/2025,Occupational Expert
39-9031.00,Exercise Trainers and Group Fitness Instructors,4573,"Promote health clubs through membership sales, and record member information.",Supplemental,21.0,08/2025,Occupational Expert
39-9031.00,Exercise Trainers and Group Fitness Instructors,4576,Organize and conduct competitions and tournaments.,Supplemental,21.0,08/2025,Occupational Expert
39-9031.00,Exercise Trainers and Group Fitness Instructors,4577,Advise participants in use of heat or ultraviolet treatments and hot baths.,Supplemental,21.0,08/2025,Occupational Expert
39-9032.00,Recreation Workers,2397,Serve as liaison between park or recreation administrators and activity instructors.,Supplemental,82.0,07/2017,Incumbent
39-9032.00,Recreation Workers,2392,Schedule maintenance and use of facilities.,Supplemental,82.0,07/2017,Incumbent
39-9032.00,Recreation Workers,18557,Conduct individual in-room visits with residents.,Supplemental,82.0,07/2017,Incumbent
39-9032.00,Recreation Workers,21012,Develop treatment goals for individuals based on their assessments.,Supplemental,81.0,07/2017,Incumbent
39-9032.00,Recreation Workers,2398,"Evaluate staff performance, recording evaluations on appropriate forms.",Supplemental,82.0,07/2017,Incumbent
39-9032.00,Recreation Workers,18558,Take residents on community outings.,Supplemental,82.0,07/2017,Incumbent
39-9041.00,Residential Advisors,20139,Oversee departmental budget.,Supplemental,83.0,08/2019,Incumbent
39-9041.00,Residential Advisors,6992,Supervise students' housekeeping work to ensure that it is done properly.,Supplemental,83.0,08/2019,Incumbent
39-9041.00,Residential Advisors,6988,Process contract cancellations for students who are unable to follow residence hall policies and procedures.,Supplemental,84.0,08/2019,Incumbent
39-9041.00,Residential Advisors,6995,Accompany and supervise students during meals.,Supplemental,83.0,08/2019,Incumbent
39-9041.00,Residential Advisors,6990,Supervise the activities of housekeeping personnel.,Supplemental,84.0,08/2019,Incumbent
39-9041.00,Residential Advisors,6983,Assign rooms to students.,Supplemental,83.0,08/2019,Incumbent
39-9041.00,Residential Advisors,6996,"Provide transportation or escort for expeditions, such as shopping trips or visits to doctors or dentists.",Supplemental,83.0,08/2019,Incumbent
39-9041.00,Residential Advisors,6982,"Direct and participate in on- and off-campus recreational activities for residents of institutions, boarding schools, fraternities or sororities, children's homes, or similar establishments.",Supplemental,82.0,08/2019,Incumbent
39-9041.00,Residential Advisors,6989,Sort and distribute mail.,Supplemental,84.0,08/2019,Incumbent
39-9041.00,Residential Advisors,6997,"Inventory, pack, and remove items left behind by former residents.",Supplemental,83.0,08/2019,Incumbent
41-1011.00,First-Line Supervisors of Retail Sales Workers,669,"Formulate pricing policies for merchandise, according to profitability requirements.",Supplemental,77.0,08/2018,Incumbent
41-1011.00,First-Line Supervisors of Retail Sales Workers,665,"Hire, train, and evaluate personnel in sales or marketing establishments, promoting or firing workers when appropriate.",Supplemental,78.0,08/2018,Incumbent
41-1011.00,First-Line Supervisors of Retail Sales Workers,674,Plan and coordinate advertising campaigns and sales promotions and prepare merchandise displays and advertising copy.,Supplemental,77.0,08/2018,Incumbent
41-1011.00,First-Line Supervisors of Retail Sales Workers,676,Establish credit policies and operating procedures.,Supplemental,78.0,08/2018,Incumbent
41-1011.00,First-Line Supervisors of Retail Sales Workers,677,Plan budgets and authorize payments and merchandise returns.,Supplemental,78.0,08/2018,Incumbent
41-1012.00,First-Line Supervisors of Non-Retail Sales Workers,9672,Visit retailers and sales representatives to promote products and gather information.,Supplemental,85.0,08/2020,Incumbent
41-1012.00,First-Line Supervisors of Non-Retail Sales Workers,9669,Formulate pricing policies on merchandise according to profitability requirements.,Supplemental,84.0,08/2020,Incumbent
41-1012.00,First-Line Supervisors of Non-Retail Sales Workers,9668,Prepare sales and inventory reports for management and budget departments.,Supplemental,83.0,08/2020,Incumbent
41-1012.00,First-Line Supervisors of Non-Retail Sales Workers,9677,Examine products purchased for resale or received for storage to determine product condition.,Supplemental,85.0,08/2020,Incumbent
41-1012.00,First-Line Supervisors of Non-Retail Sales Workers,9670,"Examine merchandise to ensure correct pricing and display, and that it functions as advertised.",Supplemental,85.0,08/2020,Incumbent
41-1012.00,First-Line Supervisors of Non-Retail Sales Workers,9671,Analyze details of sales territories to assess their growth potential and to set quotas.,Supplemental,85.0,08/2020,Incumbent
41-1012.00,First-Line Supervisors of Non-Retail Sales Workers,9676,Inventory stock and reorder when inventories drop to specified levels.,Supplemental,84.0,08/2020,Incumbent
41-1012.00,First-Line Supervisors of Non-Retail Sales Workers,9674,"Coordinate sales promotion activities, such as preparing merchandise displays and advertising copy.",Supplemental,86.0,08/2020,Incumbent
41-1012.00,First-Line Supervisors of Non-Retail Sales Workers,9675,"Prepare rental or lease agreements, specifying charges and payment procedures for use of machinery, tools, or other items.",Supplemental,86.0,08/2020,Incumbent
41-2011.00,Cashiers,2411,"Calculate total payments received during a time period, and reconcile this with total sales.",Supplemental,64.0,08/2024,Incumbent
41-2011.00,Cashiers,2402,Count money in cash drawers at the beginning of shifts to ensure that amounts are correct and that there is adequate change.,Supplemental,63.0,08/2024,Incumbent
41-2011.00,Cashiers,2406,"Issue trading stamps, and redeem food stamps and coupons.",Supplemental,64.0,08/2024,Incumbent
41-2011.00,Cashiers,2423,Post charges against guests' or patients' accounts.,Supplemental,64.0,08/2024,Incumbent
41-2011.00,Cashiers,2412,Compute and record totals of transactions.,Supplemental,62.0,08/2024,Incumbent
41-2011.00,Cashiers,2410,Weigh items sold by weight to determine prices.,Supplemental,63.0,08/2024,Incumbent
41-2011.00,Cashiers,2416,"Sort, count, and wrap currency and coins.",Supplemental,63.0,08/2024,Incumbent
41-2011.00,Cashiers,2414,Keep periodic balance sheets of amounts and numbers of transactions.,Supplemental,62.0,08/2024,Incumbent
41-2011.00,Cashiers,2421,Compile and maintain non-monetary reports and records.,Supplemental,62.0,08/2024,Incumbent
41-2011.00,Cashiers,18768,Supervise others and provide on-the-job training.,Supplemental,63.0,08/2024,Incumbent
41-2011.00,Cashiers,18767,"Assist with duties in other areas of the store, such as monitoring fitting rooms or bagging and carrying out customers' items.",Supplemental,64.0,08/2024,Incumbent
41-2011.00,Cashiers,2413,Sell tickets and other items to customers.,Supplemental,63.0,08/2024,Incumbent
41-2011.00,Cashiers,21074,"Stock shelves, sort and reshelve returned items, and mark prices on items and shelves.",Supplemental,63.0,08/2024,Incumbent
41-2011.00,Cashiers,2415,"Bag, box, wrap, or gift-wrap merchandise, and prepare packages for shipment.",Supplemental,64.0,08/2024,Incumbent
41-2011.00,Cashiers,2409,Cash checks for customers.,Supplemental,64.0,08/2024,Incumbent
41-2011.00,Cashiers,2424,Offer customers carry-out service at the completion of transactions.,Supplemental,63.0,08/2024,Incumbent
41-2012.00,Gambling Change Persons and Booth Cashiers,7004,Obtain customers' signatures on receipts when winnings exceed the amount held in a slot machine.,Supplemental,84.0,08/2019,Incumbent
41-2012.00,Gambling Change Persons and Booth Cashiers,7007,Calculate the value of chips won or lost by players.,Supplemental,84.0,08/2019,Incumbent
41-2012.00,Gambling Change Persons and Booth Cashiers,7009,Accept credit applications and verify credit references to provide check-cashing authorization or to establish house credit accounts.,Supplemental,83.0,08/2019,Incumbent
41-2012.00,Gambling Change Persons and Booth Cashiers,7008,Furnish change persons with a money bank at the start of each shift.,Supplemental,86.0,08/2019,Incumbent
41-2012.00,Gambling Change Persons and Booth Cashiers,7002,Listen for jackpot alarm bells and issue payoffs to winners.,Supplemental,85.0,08/2019,Incumbent
41-2012.00,Gambling Change Persons and Booth Cashiers,7006,"Sell gambling chips, tokens, or tickets to patrons, or to other workers for resale to patrons.",Supplemental,85.0,08/2019,Incumbent
41-2012.00,Gambling Change Persons and Booth Cashiers,21154,Clean casino areas.,Supplemental,86.0,08/2019,Incumbent
41-2021.00,Counter and Rental Clerks,693,Allocate equipment to participants in sporting events or recreational activities.,Supplemental,64.0,08/2019,Incumbent
41-2031.00,Retail Salespersons,698,Maintain records related to sales.,Supplemental,89.0,08/2018,Incumbent
41-2031.00,Retail Salespersons,695,"Open and close cash registers, performing tasks such as counting money, separating charge slips, coupons, and vouchers, balancing cash drawers, and making deposits.",Supplemental,90.0,08/2018,Incumbent
41-2031.00,Retail Salespersons,704,Prepare sales slips or sales contracts.,Supplemental,90.0,08/2018,Incumbent
41-2031.00,Retail Salespersons,714,Estimate and quote trade-in allowances.,Supplemental,89.0,08/2018,Incumbent
41-2031.00,Retail Salespersons,709,Bag or package purchases and wrap gifts.,Supplemental,90.0,08/2018,Incumbent
41-2031.00,Retail Salespersons,710,Help customers try on or fit merchandise.,Supplemental,88.0,08/2018,Incumbent
41-2031.00,Retail Salespersons,713,"Sell or arrange for delivery, insurance, financing, or service contracts for merchandise.",Supplemental,89.0,08/2018,Incumbent
41-2031.00,Retail Salespersons,716,"Estimate quantity and cost of merchandise required, such as paint or floor covering.",Supplemental,90.0,08/2018,Incumbent
41-2031.00,Retail Salespersons,717,Rent merchandise to customers.,Supplemental,90.0,08/2018,Incumbent
41-2031.00,Retail Salespersons,715,Estimate cost of repair or alteration of merchandise.,Supplemental,90.0,08/2018,Incumbent
41-3011.00,Advertising Sales Agents,4598,Write sales outlines for use by staff.,Supplemental,87.0,08/2018,Incumbent
41-3021.00,Insurance Sales Agents,730,Monitor insurance claims to ensure they are settled equitably for both the client and the insurer.,Supplemental,67.0,08/2018,Incumbent
41-3021.00,Insurance Sales Agents,735,Plan and oversee incorporation of insurance program into bookkeeping system of company.,Supplemental,67.0,08/2018,Incumbent
41-3021.00,Insurance Sales Agents,733,"Inspect property, examining its general condition, type of construction, age, and other characteristics, to decide if it is a good insurance risk.",Supplemental,66.0,08/2018,Incumbent
41-3021.00,Insurance Sales Agents,734,Install bookkeeping systems and resolve system problems.,Supplemental,66.0,08/2018,Incumbent
41-3021.00,Insurance Sales Agents,736,Explain necessary bookkeeping requirements for customer to implement and provide group insurance program.,Supplemental,65.0,08/2018,Incumbent
41-3031.00,"Securities, Commodities, and Financial Services Sales Agents",23216,Supervise support staff and ensure proper execution of contracts.,Supplemental,63.0,08/2022,Incumbent
41-3031.00,"Securities, Commodities, and Financial Services Sales Agents",23217,Relay buy or sell orders to securities exchanges or to firm trading departments.,Supplemental,81.0,08/2022,Incumbent
41-3031.00,"Securities, Commodities, and Financial Services Sales Agents",23211,Evaluate costs and revenue of agreements to determine continued profitability.,Supplemental,45.0,08/2022,Incumbent
41-3031.00,"Securities, Commodities, and Financial Services Sales Agents",23202,"Sell services or equipment, such as trusts, investments, or check processing services.",Supplemental,45.0,08/2022,Incumbent
41-4011.00,"Sales Representatives, Wholesale and Manufacturing, Technical and Scientific Products",20616,Sell service contracts for technical or scientific products.,Supplemental,85.0,07/2014,Incumbent
41-4011.00,"Sales Representatives, Wholesale and Manufacturing, Technical and Scientific Products",20617,Demonstrate the operation or use of technical or scientific products.,Supplemental,88.0,07/2014,Incumbent
41-4011.00,"Sales Representatives, Wholesale and Manufacturing, Technical and Scientific Products",11256,Provide feedback to product design teams so that products can be tailored to clients' needs.,Supplemental,88.0,07/2014,Incumbent
41-4011.00,"Sales Representatives, Wholesale and Manufacturing, Technical and Scientific Products",11257,Arrange for installation and testing of products or machinery.,Supplemental,88.0,07/2014,Incumbent
41-4011.00,"Sales Representatives, Wholesale and Manufacturing, Technical and Scientific Products",20618,Initiate sales campaigns to meet sales and production expectations.,Supplemental,88.0,07/2014,Incumbent
41-4011.00,"Sales Representatives, Wholesale and Manufacturing, Technical and Scientific Products",20619,Verify accuracy of materials lists.,Supplemental,88.0,07/2014,Incumbent
41-4011.00,"Sales Representatives, Wholesale and Manufacturing, Technical and Scientific Products",20620,Verify customer credit ratings.,Supplemental,87.0,07/2014,Incumbent
41-4011.00,"Sales Representatives, Wholesale and Manufacturing, Technical and Scientific Products",11262,Consult with engineers regarding technical problems with products.,Supplemental,88.0,07/2014,Incumbent
41-4011.00,"Sales Representatives, Wholesale and Manufacturing, Technical and Scientific Products",19828,Sell technical and scientific products that are environmentally sound or designed for environmental remediation.,Supplemental,82.0,07/2014,Incumbent
41-4011.00,"Sales Representatives, Wholesale and Manufacturing, Technical and Scientific Products",11267,"Visit establishments, such as pharmacies, to determine product sales.",Supplemental,87.0,07/2014,Incumbent
41-4011.00,"Sales Representatives, Wholesale and Manufacturing, Technical and Scientific Products",19826,Present information to customers about the energy efficiency or environmental impact of scientific or technical products.,Supplemental,82.0,07/2014,Incumbent
41-4011.00,"Sales Representatives, Wholesale and Manufacturing, Technical and Scientific Products",19825,"Inform customers about issues related to responsible use and disposal of products, such as waste reduction or product or byproduct recycling or disposal.",Supplemental,82.0,07/2014,Incumbent
41-4012.00,"Sales Representatives, Wholesale and Manufacturing, Except Technical and Scientific Products",8129,"Negotiate with retail merchants to improve product exposure, such as shelf positioning and advertising.",Supplemental,65.0,08/2020,Incumbent
41-4012.00,"Sales Representatives, Wholesale and Manufacturing, Except Technical and Scientific Products",8127,Check stock levels and reorder merchandise as necessary.,Supplemental,65.0,08/2020,Incumbent
41-4012.00,"Sales Representatives, Wholesale and Manufacturing, Except Technical and Scientific Products",8128,"Plan, assemble, and stock product displays in retail stores, or make recommendations to retailers regarding product displays, promotional programs, and advertising.",Supplemental,65.0,08/2020,Incumbent
41-4012.00,"Sales Representatives, Wholesale and Manufacturing, Except Technical and Scientific Products",20268,Negotiate details of contracts and payments.,Supplemental,64.0,08/2020,Incumbent
41-4012.00,"Sales Representatives, Wholesale and Manufacturing, Except Technical and Scientific Products",8118,"Prepare drawings, estimates, and bids that meet specific customer needs.",Supplemental,65.0,08/2020,Incumbent
41-4012.00,"Sales Representatives, Wholesale and Manufacturing, Except Technical and Scientific Products",8125,Obtain credit information about prospective customers.,Supplemental,65.0,08/2020,Incumbent
41-4012.00,"Sales Representatives, Wholesale and Manufacturing, Except Technical and Scientific Products",8126,Forward orders to manufacturers.,Supplemental,65.0,08/2020,Incumbent
41-4012.00,"Sales Representatives, Wholesale and Manufacturing, Except Technical and Scientific Products",8121,Arrange and direct delivery and installation of products and equipment.,Supplemental,65.0,08/2020,Incumbent
41-9011.00,Demonstrators and Product Promoters,13200,Prepare or alter presentation contents to target specific audiences.,Supplemental,56.0,07/2016,Incumbent
41-9011.00,Demonstrators and Product Promoters,13211,Stock shelves with products.,Supplemental,57.0,07/2016,Incumbent
41-9011.00,Demonstrators and Product Promoters,13208,"Provide product information, using lectures, films, charts, or slide shows.",Supplemental,57.0,07/2016,Incumbent
41-9011.00,Demonstrators and Product Promoters,13204,Train demonstrators to present a company's products or services.,Supplemental,57.0,07/2016,Incumbent
41-9011.00,Demonstrators and Product Promoters,13207,Recommend product or service improvements to employers.,Supplemental,55.0,07/2016,Incumbent
41-9011.00,Demonstrators and Product Promoters,13210,"Wear costumes or sign boards and walk in public to promote merchandise, services, or events.",Supplemental,57.0,07/2016,Incumbent
41-9012.00,Models,13217,Record rates of pay and durations of jobs on vouchers.,Supplemental,56.0,08/2021,Incumbent
41-9012.00,Models,13215,"Gather information from agents concerning the pay, dates, times, provisions, and lengths of jobs.",Supplemental,56.0,08/2021,Incumbent
41-9012.00,Models,13218,Report job completions to agencies and obtain information about future appointments.,Supplemental,56.0,08/2021,Incumbent
41-9012.00,Models,13219,"Assemble and maintain portfolios, print composite cards, and travel to go-sees to obtain jobs.",Supplemental,55.0,08/2021,Incumbent
41-9012.00,Models,13225,"Pose as directed, or strike suitable interpretive poses for promoting and selling merchandise or fashions during appearances, filming, or photo sessions.",Supplemental,56.0,08/2021,Incumbent
41-9012.00,Models,13216,"Follow strict routines of diet, sleep, and exercise to maintain appearance.",Supplemental,56.0,08/2021,Incumbent
41-9012.00,Models,13221,"Apply makeup to face and style hair to enhance appearance, considering such factors as color, camera techniques, and facial features.",Supplemental,56.0,08/2021,Incumbent
41-9012.00,Models,13220,"Work closely with photographers, fashion coordinators, directors, producers, stylists, make-up artists, other models, and clients to produce the desired looks, and to finish photo shoots on schedule.",Supplemental,56.0,08/2021,Incumbent
41-9012.00,Models,13226,"Dress in sample or completed garments, and select accessories.",Supplemental,55.0,08/2021,Incumbent
41-9021.00,Real Estate Brokers,4611,Supervise agents who handle real estate transactions.,Supplemental,63.0,07/2015,Incumbent
41-9021.00,Real Estate Brokers,4607,Arrange for financing of property purchases.,Supplemental,63.0,07/2015,Incumbent
41-9021.00,Real Estate Brokers,4614,"Give buyers virtual tours of properties in which they are interested, using computers.",Supplemental,63.0,07/2015,Incumbent
41-9021.00,Real Estate Brokers,4615,Review property details to ensure that environmental regulations are met.,Supplemental,63.0,07/2015,Incumbent
41-9022.00,Real Estate Sales Agents,2461,Investigate clients' financial and credit status to determine eligibility for financing.,Supplemental,21.0,08/2019,Occupational Expert
41-9022.00,Real Estate Sales Agents,2459,Evaluate mortgage options to help clients obtain financing at the best prevailing rates and terms.,Supplemental,21.0,08/2019,Occupational Expert
41-9022.00,Real Estate Sales Agents,2467,Appraise properties to determine loan values.,Supplemental,21.0,08/2019,Occupational Expert
41-9022.00,Real Estate Sales Agents,2465,Contact utility companies for service hookups to clients' property.,Supplemental,21.0,08/2019,Occupational Expert
41-9022.00,Real Estate Sales Agents,2468,Solicit and compile listings of available rental properties.,Supplemental,21.0,08/2019,Occupational Expert
41-9022.00,Real Estate Sales Agents,2466,Conduct seminars and training sessions for sales agents to improve sales techniques.,Supplemental,21.0,08/2019,Occupational Expert
41-9022.00,Real Estate Sales Agents,2457,Arrange meetings between buyers and sellers when details of transactions need to be negotiated.,Supplemental,21.0,08/2019,Occupational Expert
41-9022.00,Real Estate Sales Agents,2470,Rent or lease properties on behalf of clients.,Supplemental,20.0,08/2019,Occupational Expert
41-9022.00,Real Estate Sales Agents,2469,Secure construction or purchase financing with own firm or mortgage company.,Supplemental,21.0,08/2019,Occupational Expert
41-9022.00,Real Estate Sales Agents,2471,"Locate and appraise undeveloped areas for building sites, based on evaluations of area market conditions.",Supplemental,21.0,08/2019,Occupational Expert
41-9031.00,Sales Engineers,9683,"Sell products requiring extensive technical expertise and support for installation and use, such as material handling equipment, numerical-control machinery, or computer systems.",Supplemental,47.0,08/2022,Incumbent
41-9031.00,Sales Engineers,9694,Provide information needed for the development of custom-made machinery.,Supplemental,47.0,08/2022,Incumbent
41-9031.00,Sales Engineers,9687,"Provide technical and non-technical support and services to clients or other staff members regarding the use, operation, and maintenance of equipment.",Supplemental,49.0,08/2022,Incumbent
41-9031.00,Sales Engineers,9684,Diagnose problems with installed equipment.,Supplemental,47.0,08/2022,Incumbent
41-9031.00,Sales Engineers,9695,Write technical documentation for products.,Supplemental,49.0,08/2022,Incumbent
41-9031.00,Sales Engineers,9702,Report to supervisors about prospective firms' credit ratings.,Supplemental,48.0,08/2022,Incumbent
41-9041.00,Telemarketers,4623,Adjust sales scripts to better target the needs and interests of specific individuals.,Supplemental,47.0,08/2023,Incumbent
41-9041.00,Telemarketers,4624,"Obtain names and telephone numbers of potential customers from sources such as telephone directories, magazine reply cards, and lists purchased from other organizations.",Supplemental,48.0,08/2023,Incumbent
41-9041.00,Telemarketers,4628,Schedule appointments for sales representatives to meet with prospective customers or for customers to attend sales presentations.,Supplemental,47.0,08/2023,Incumbent
41-9041.00,Telemarketers,4629,Conduct client or market surveys to obtain information about potential customers.,Supplemental,48.0,08/2023,Incumbent
41-9091.00,"Door-to-Door Sales Workers, News and Street Vendors, and Related Workers",13242,Stock carts or stands.,Supplemental,24.0,08/2018,Occupational Expert
43-1011.00,First-Line Supervisors of Office and Administrative Support Workers,9724,Develop work schedules according to budgets and workloads.,Supplemental,127.0,07/2015,Incumbent
43-1011.00,First-Line Supervisors of Office and Administrative Support Workers,9718,Analyze financial activities of establishments or departments and provide input into budget planning and preparation processes.,Supplemental,126.0,07/2015,Incumbent
43-1011.00,First-Line Supervisors of Office and Administrative Support Workers,9723,"Design, implement, or evaluate staff training and development programs, customer service initiatives, or performance measurement criteria.",Supplemental,126.0,07/2015,Incumbent
43-1011.00,First-Line Supervisors of Office and Administrative Support Workers,9729,Keep informed of provisions of labor-management agreements and their effects on departmental operations.,Supplemental,126.0,07/2015,Incumbent
43-1011.00,First-Line Supervisors of Office and Administrative Support Workers,9730,"Coordinate or perform activities associated with shipping, receiving, distribution, or transportation.",Supplemental,126.0,07/2015,Incumbent
43-1011.00,First-Line Supervisors of Office and Administrative Support Workers,9725,Monitor inventory levels and requisition or purchase supplies as needed.,Supplemental,126.0,07/2015,Incumbent
43-1011.00,First-Line Supervisors of Office and Administrative Support Workers,9727,"Plan for or coordinate office services, such as equipment or supply acquisition or organization, disposal of assets, relocation, parking, maintenance, or security services.",Supplemental,127.0,07/2015,Incumbent
43-1011.00,First-Line Supervisors of Office and Administrative Support Workers,9728,Arrange for necessary maintenance or repair work.,Supplemental,127.0,07/2015,Incumbent
43-1011.00,First-Line Supervisors of Office and Administrative Support Workers,9731,"Plan layouts of stockrooms, warehouses, or other storage areas, considering turnover, size, weight, or related factors pertaining to items stored.",Supplemental,126.0,07/2015,Incumbent
43-2011.00,"Switchboard Operators, Including Answering Service",4637,Monitor alarm systems to ensure that secure conditions are maintained.,Supplemental,73.0,08/2022,Incumbent
43-2011.00,"Switchboard Operators, Including Answering Service",4638,"Contact security staff members when necessary, using radio-telephones.",Supplemental,72.0,08/2022,Incumbent
43-2011.00,"Switchboard Operators, Including Answering Service",4643,Complete forms for sales orders.,Supplemental,74.0,08/2022,Incumbent
43-2011.00,"Switchboard Operators, Including Answering Service",4642,"Answer simple questions about clients' businesses, using reference files.",Supplemental,74.0,08/2022,Incumbent
43-2011.00,"Switchboard Operators, Including Answering Service",4641,Stamp messages with time and date and file them appropriately.,Supplemental,74.0,08/2022,Incumbent
43-2011.00,"Switchboard Operators, Including Answering Service",4639,Keep records of calls placed and charges incurred.,Supplemental,74.0,08/2022,Incumbent
43-2011.00,"Switchboard Operators, Including Answering Service",20433,"Place orders, such as for equipment, supplies, or catering for meetings.",Supplemental,74.0,08/2022,Incumbent
43-2021.00,Telephone Operators,13256,Operate paging systems or other systems of bells or buzzers to notify recipients of incoming calls.,Supplemental,55.0,08/2024,Incumbent
43-2021.00,Telephone Operators,13250,Monitor automated systems for placing collect calls and intervene for a callers needing assistance.,Supplemental,55.0,08/2024,Incumbent
43-2021.00,Telephone Operators,13253,Interrupt busy lines if an emergency warrants.,Supplemental,54.0,08/2024,Incumbent
43-2021.00,Telephone Operators,13248,Provide assistance for customers with special billing requests.,Supplemental,55.0,08/2024,Incumbent
43-2021.00,Telephone Operators,13254,Provide relay service for users who are deaf or hard of hearing.,Supplemental,54.0,08/2024,Incumbent
43-2021.00,Telephone Operators,13258,"Keep records of calls placed and received, and of related toll charges.",Supplemental,55.0,08/2024,Incumbent
43-2021.00,Telephone Operators,13255,"Promote company products, services, and savings plans when appropriate.",Supplemental,54.0,08/2024,Incumbent
43-3011.00,Bill and Account Collectors,18560,Contact insurance companies to check on status of claims payments and write appeal letters for denial on claims.,Supplemental,70.0,08/2018,Incumbent
43-3011.00,Bill and Account Collectors,2482,Negotiate credit extensions when necessary.,Supplemental,70.0,08/2018,Incumbent
43-3021.00,Billing and Posting Clerks,23245,"Review documents, such as purchase orders, sales tickets, charge slips, or hospital records, to compute fees or charges due.",Supplemental,77.0,08/2022,Incumbent
43-3021.00,Billing and Posting Clerks,23256,"Track accumulated hours and dollar amounts charged to each client job to calculate client fees for professional services, such as legal or accounting services.",Supplemental,77.0,08/2022,Incumbent
43-3021.00,Billing and Posting Clerks,23250,"Weigh envelopes containing statements to determine correct postage and affix postage, using stamps or metering equipment.",Supplemental,49.0,08/2022,Incumbent
43-3021.00,Billing and Posting Clerks,23255,"Consult sources, such as rate books, manuals, or insurance company representatives, to determine specific charges or information such as rules, regulations, or government tax and tariff information.",Supplemental,77.0,08/2022,Incumbent
43-3021.00,Billing and Posting Clerks,23251,Compare previously prepared bank statements with canceled checks and reconcile discrepancies.,Supplemental,49.0,08/2022,Incumbent
43-3021.00,Billing and Posting Clerks,23253,Take orders for imprinted checks.,Supplemental,49.0,08/2022,Incumbent
43-3021.00,Billing and Posting Clerks,23254,"Encode and cancel checks, using bank machines.",Supplemental,49.0,08/2022,Incumbent
43-3021.00,Billing and Posting Clerks,23259,"Load machines with statements, cancelled checks, or envelopes to prepare statements for distribution to customers or stuff envelopes by hand.",Supplemental,48.0,08/2022,Incumbent
43-3021.00,Billing and Posting Clerks,23258,"Compute credit terms, discounts, shipment charges, or rates for goods or services to complete billing documents.",Supplemental,78.0,08/2022,Incumbent
43-3021.00,Billing and Posting Clerks,23257,"Update manuals when rates, rules, or regulations are amended.",Supplemental,77.0,08/2022,Incumbent
43-3021.00,Billing and Posting Clerks,23260,Review compiled data on operating costs and revenues to set rates.,Supplemental,77.0,08/2022,Incumbent
43-3031.00,"Bookkeeping, Accounting, and Auditing Clerks",18561,Prepare and process payroll information.,Supplemental,128.0,07/2017,Incumbent
43-3031.00,"Bookkeeping, Accounting, and Auditing Clerks",2499,"Prepare bank deposits by compiling data from cashiers, verifying and balancing receipts, and sending cash, checks, or other forms of payment to banks.",Supplemental,129.0,07/2017,Incumbent
43-3031.00,"Bookkeeping, Accounting, and Auditing Clerks",2501,"Calculate and prepare checks for utilities, taxes, and other payments.",Supplemental,127.0,07/2017,Incumbent
43-3031.00,"Bookkeeping, Accounting, and Auditing Clerks",2505,Monitor status of loans and accounts to ensure that payments are up to date.,Supplemental,128.0,07/2017,Incumbent
43-3031.00,"Bookkeeping, Accounting, and Auditing Clerks",2503,Reconcile records of bank transactions.,Supplemental,128.0,07/2017,Incumbent
43-3031.00,"Bookkeeping, Accounting, and Auditing Clerks",2507,"Compile budget data and documents, based on estimated revenues and expenses and previous budgets.",Supplemental,127.0,07/2017,Incumbent
43-3031.00,"Bookkeeping, Accounting, and Auditing Clerks",2502,Compare computer printouts to manually maintained journals to determine if they match.,Supplemental,129.0,07/2017,Incumbent
43-3031.00,"Bookkeeping, Accounting, and Auditing Clerks",2506,Transfer details from separate journals to general ledgers or data processing sheets.,Supplemental,128.0,07/2017,Incumbent
43-3031.00,"Bookkeeping, Accounting, and Auditing Clerks",2510,"Complete and submit tax forms and returns, workers' compensation forms, pension contribution forms, and other government documents.",Supplemental,128.0,07/2017,Incumbent
43-3031.00,"Bookkeeping, Accounting, and Auditing Clerks",2491,"Calculate, prepare, and issue bills, invoices, account statements, and other financial statements according to established procedures.",Supplemental,130.0,07/2017,Incumbent
43-3031.00,"Bookkeeping, Accounting, and Auditing Clerks",2508,"Calculate costs of materials, overhead, and other expenses, based on estimates, quotations and price lists.",Supplemental,128.0,07/2017,Incumbent
43-3031.00,"Bookkeeping, Accounting, and Auditing Clerks",2514,Prepare purchase orders and expense reports.,Supplemental,130.0,07/2017,Incumbent
43-3031.00,"Bookkeeping, Accounting, and Auditing Clerks",2504,Prepare trial balances of books.,Supplemental,126.0,07/2017,Incumbent
43-3031.00,"Bookkeeping, Accounting, and Auditing Clerks",2492,"Compile statistical, financial, accounting, or auditing reports and tables pertaining to such matters as cash receipts, expenditures, accounts payable and receivable, and profits and losses.",Supplemental,130.0,07/2017,Incumbent
43-3031.00,"Bookkeeping, Accounting, and Auditing Clerks",2511,Maintain inventory records.,Supplemental,129.0,07/2017,Incumbent
43-3041.00,Gambling Cage Workers,4675,"Prepare bank deposits, balancing assigned funds as necessary.",Supplemental,62.0,08/2023,Incumbent
43-3041.00,Gambling Cage Workers,4676,"Prepare reports, including assignment of company funds or recording of department revenues.",Supplemental,62.0,08/2023,Incumbent
43-3041.00,Gambling Cage Workers,4674,"Record casino exchange transactions, using cash registers.",Supplemental,61.0,08/2023,Incumbent
43-3041.00,Gambling Cage Workers,4677,Establish new computer accounts.,Supplemental,63.0,08/2023,Incumbent
43-3041.00,Gambling Cage Workers,4669,"Sell gambling chips, tokens, or tickets to patrons or to other workers for resale to patrons.",Supplemental,62.0,08/2023,Incumbent
43-3051.00,Payroll and Timekeeping Clerks,23954,Prepare and file payroll tax returns.,Supplemental,63.0,08/2022,Incumbent
43-3051.00,Payroll and Timekeeping Clerks,2529,"Compile statistical reports, statements, and summaries related to pay and benefits accounts, and submit them to appropriate departments.",Supplemental,62.0,08/2022,Incumbent
43-3051.00,Payroll and Timekeeping Clerks,20901,Balance cash and payroll accounts.,Supplemental,63.0,08/2022,Incumbent
43-3051.00,Payroll and Timekeeping Clerks,2527,"Complete, verify, and process forms and documentation for administration of benefits, such as pension plans, and unemployment and medical insurance.",Supplemental,62.0,08/2022,Incumbent
43-3051.00,Payroll and Timekeeping Clerks,20902,Train employees on organizations' timekeeping systems.,Supplemental,63.0,08/2022,Incumbent
43-3051.00,Payroll and Timekeeping Clerks,2530,"Coordinate special programs, such as United Way campaigns, that involve payroll deductions.",Supplemental,63.0,08/2022,Incumbent
43-3061.00,Procurement Clerks,2547,"Monitor contractor performance, recommending contract modifications when necessary.",Supplemental,57.0,08/2022,Incumbent
43-3061.00,Procurement Clerks,2548,"Prepare invitation-of-bid forms, and mail forms to supplier firms or distribute forms for public posting.",Supplemental,57.0,08/2022,Incumbent
43-3061.00,Procurement Clerks,20785,Train and supervise subordinates and other staff.,Supplemental,57.0,08/2022,Incumbent
43-3071.00,Tellers,2568,"Count, verify, and post armored car deposits.",Supplemental,75.0,08/2018,Incumbent
43-3071.00,Tellers,2571,"Obtain and process information required for the provision of services, such as opening accounts, savings plans, and purchasing bonds.",Supplemental,76.0,08/2018,Incumbent
43-3071.00,Tellers,2562,"Perform clerical tasks, such as typing, filing, and microfilm photography.",Supplemental,74.0,08/2018,Incumbent
43-3071.00,Tellers,2570,"Compute financial fees, interest, and service charges.",Supplemental,73.0,08/2018,Incumbent
43-3071.00,Tellers,2572,"Compose, type, and mail customer statements and other correspondence related to issues such as discrepancies and outstanding unpaid items.",Supplemental,76.0,08/2018,Incumbent
43-3071.00,Tellers,2567,Process and maintain records of customer loans.,Supplemental,76.0,08/2018,Incumbent
43-3071.00,Tellers,2575,"Quote unit exchange rates, following daily international rate sheets or computer displays.",Supplemental,76.0,08/2018,Incumbent
43-3071.00,Tellers,2573,Issue checks to bond owners in settlement of transactions.,Supplemental,75.0,08/2018,Incumbent
43-3071.00,Tellers,2574,Inform customers about foreign currency regulations and compute transaction fees for currency exchanges.,Supplemental,75.0,08/2018,Incumbent
43-4011.00,Brokerage Clerks,8147,"Schedule and coordinate transfer and delivery of security certificates between companies, departments, and customers.",Supplemental,56.0,07/2014,Incumbent
43-4011.00,Brokerage Clerks,8150,Monitor daily stock prices and compute fluctuations to determine the need for additional collateral to secure loans.,Supplemental,56.0,07/2014,Incumbent
43-4011.00,Brokerage Clerks,8153,"Verify ownership and transaction information and dividend distribution instructions to ensure conformance with governmental regulations, using stock records and reports.",Supplemental,56.0,07/2014,Incumbent
43-4011.00,Brokerage Clerks,8151,"Compute total holdings, dividends, interest, transfer taxes, brokerage fees, or commissions and allocate appropriate payments to customers.",Supplemental,56.0,07/2014,Incumbent
43-4011.00,Brokerage Clerks,8152,Prepare reports summarizing daily transactions and earnings for individual customer accounts.,Supplemental,56.0,07/2014,Incumbent
43-4021.00,Correspondence Clerks,11281,Ensure that money collected is properly recorded and secured.,Supplemental,55.0,08/2023,Incumbent
43-4021.00,Correspondence Clerks,11289,Process orders for goods requested in correspondence.,Supplemental,55.0,08/2023,Incumbent
43-4021.00,Correspondence Clerks,11272,Present clear and concise explanations of governing rules and regulations.,Supplemental,55.0,08/2023,Incumbent
43-4021.00,Correspondence Clerks,11275,"Review correspondence for format and typographical accuracy, assemble the information into a prescribed form with the correct number of copies, and submit it to an authorized official for signature.",Supplemental,55.0,08/2023,Incumbent
43-4021.00,Correspondence Clerks,11283,"Compute costs of records furnished to requesters, and write letters to obtain payment.",Supplemental,55.0,08/2023,Incumbent
43-4021.00,Correspondence Clerks,11290,Compile data pertinent to manufacture of special products for customers.,Supplemental,54.0,08/2023,Incumbent
43-4021.00,Correspondence Clerks,11274,Type acknowledgment letters to persons sending correspondence.,Supplemental,55.0,08/2023,Incumbent
43-4021.00,Correspondence Clerks,11278,Complete form letters in response to requests or problems identified by correspondence.,Supplemental,54.0,08/2023,Incumbent
43-4021.00,Correspondence Clerks,11287,Confer with company personnel regarding feasibility of complying with writers' requests.,Supplemental,55.0,08/2023,Incumbent
43-4021.00,Correspondence Clerks,11285,Prepare records for shipment by certified mail.,Supplemental,55.0,08/2023,Incumbent
43-4031.00,"Court, Municipal, and License Clerks",23293,"Participate in the administration of municipal elections, such as preparation or distribution of ballots, appointment or training of election officers, or tabulation or certification of results.",Supplemental,70.0,08/2022,Incumbent
43-4031.00,"Court, Municipal, and License Clerks",23286,"Search files and contact witnesses, attorneys, or litigants to obtain information for the court.",Supplemental,101.0,08/2022,Incumbent
43-4041.00,"Credit Authorizers, Checkers, and Clerks",23301,"Evaluate customers' computerized credit records and payment histories to decide whether to approve new credit, based on predetermined standards.",Supplemental,,11/2020,Analyst - Transition
43-4041.00,"Credit Authorizers, Checkers, and Clerks",23302,File sales slips in customers' ledgers for billing purposes.,Supplemental,,11/2020,Analyst - Transition
43-4041.00,"Credit Authorizers, Checkers, and Clerks",23303,"Receive charge slips or credit applications by mail, or receive information from salespeople or merchants by telephone.",Supplemental,,11/2020,Analyst - Transition
43-4041.00,"Credit Authorizers, Checkers, and Clerks",23304,Mail charge statements to customers.,Supplemental,,11/2020,Analyst - Transition
43-4041.00,"Credit Authorizers, Checkers, and Clerks",23305,"Examine city directories and public records to verify residence property ownership, bankruptcies, liens, arrest record, or unpaid taxes of applicants.",Supplemental,,11/2020,Analyst - Transition
43-4041.00,"Credit Authorizers, Checkers, and Clerks",23306,Relay credit report information to subscribers by mail or by telephone.,Supplemental,,11/2020,Analyst - Transition
43-4041.00,"Credit Authorizers, Checkers, and Clerks",23307,Prepare credit cards or charge account plates.,Supplemental,,11/2020,Analyst - Transition
43-4051.00,Customer Service Representatives,2579,"Resolve customers' service or billing complaints by performing activities such as exchanging merchandise, refunding money, or adjusting bills.",Supplemental,71.0,08/2022,Incumbent
43-4051.00,Customer Service Representatives,2587,Review insurance policy terms to determine whether a particular loss is covered by insurance.,Supplemental,71.0,08/2022,Incumbent
43-4051.00,Customer Service Representatives,2586,Solicit sales of new or additional services or products.,Supplemental,73.0,08/2022,Incumbent
43-4051.00,Customer Service Representatives,2589,Compare disputed merchandise with original requisitions and information from invoices and prepare invoices for returned goods.,Supplemental,72.0,08/2022,Incumbent
43-4051.00,Customer Service Representatives,2585,"Obtain and examine all relevant information to assess validity of complaints and to determine possible causes, such as extreme weather conditions that could increase utility bills.",Supplemental,72.0,08/2022,Incumbent
43-4051.00,Customer Service Representatives,2591,"Recommend improvements in products, packaging, shipping, service, or billing methods and procedures to prevent future problems.",Supplemental,72.0,08/2022,Incumbent
43-4061.00,"Eligibility Interviewers, Government Programs",9743,Provide social workers with pertinent information gathered during applicant interviews.,Supplemental,81.0,08/2023,Incumbent
43-4061.00,"Eligibility Interviewers, Government Programs",9742,"Refer applicants to job openings or to interviews with other staff, in accordance with administrative guidelines or office procedures.",Supplemental,81.0,08/2023,Incumbent
43-4061.00,"Eligibility Interviewers, Government Programs",9740,Schedule benefits claimants for adjudication interviews to address questions of eligibility.,Supplemental,81.0,08/2023,Incumbent
43-4061.00,"Eligibility Interviewers, Government Programs",9746,"Provide applicants with assistance in completing application forms, such as those for job referrals or unemployment compensation claims.",Supplemental,80.0,08/2023,Incumbent
43-4061.00,"Eligibility Interviewers, Government Programs",9741,"Prepare applications and forms for applicants for such purposes as school enrollment, employment, and medical services.",Supplemental,80.0,08/2023,Incumbent
43-4061.00,"Eligibility Interviewers, Government Programs",9747,Investigate claimants for the possibility of fraud or abuse.,Supplemental,81.0,08/2023,Incumbent
43-4061.00,"Eligibility Interviewers, Government Programs",9748,"Conduct annual, interim, and special housing reviews and home visits to ensure conformance to regulations.",Supplemental,82.0,08/2023,Incumbent
43-4061.00,"Eligibility Interviewers, Government Programs",9745,Monitor the payments of benefits throughout the duration of a claim.,Supplemental,81.0,08/2023,Incumbent
43-4071.00,File Clerks,20627,"Input data, such as file numbers, new or updated information, or document information codes into computer systems to support document and information retrieval.",Supplemental,61.0,08/2025,Incumbent
43-4071.00,File Clerks,20631,"Complete general financial activities, such as processing accounts payable, reviewing invoices, collecting cash payments, or issuing receipts.",Supplemental,61.0,08/2025,Incumbent
43-4071.00,File Clerks,2595,Track materials removed from files to ensure that borrowed files are returned.,Supplemental,62.0,08/2025,Incumbent
43-4071.00,File Clerks,2604,"Perform periodic inspections of materials or files to ensure correct placement, legibility, or proper condition.",Supplemental,60.0,08/2025,Incumbent
43-4071.00,File Clerks,2609,Retrieve documents stored in microfilm or microfiche and place them in viewers for reading.,Supplemental,62.0,08/2025,Incumbent
43-4071.00,File Clerks,2607,Operate mechanized files that rotate to bring needed records to a particular location.,Supplemental,61.0,08/2025,Incumbent
43-4071.00,File Clerks,2608,Design forms related to filing systems.,Supplemental,62.0,08/2025,Incumbent
43-4081.00,"Hotel, Motel, and Resort Desk Clerks",18570,"Plan, schedule or supervise the work of other employees.",Supplemental,130.0,07/2017,Incumbent
43-4111.00,"Interviewers, Except Eligibility and Loan",2638,Locate and list addresses and households.,Supplemental,53.0,08/2021,Incumbent
43-4111.00,"Interviewers, Except Eligibility and Loan",2631,"Contact individuals to be interviewed at home, place of business, or field location, by telephone, mail, or in person.",Supplemental,54.0,08/2021,Incumbent
43-4111.00,"Interviewers, Except Eligibility and Loan",2641,"Collect and analyze data, such as studying old records, tallying the number of outpatients entering each day or week, or participating in federal, state, or local population surveys as a Census Enumerator.",Supplemental,53.0,08/2021,Incumbent
43-4111.00,"Interviewers, Except Eligibility and Loan",2635,Explain survey objectives and procedures to interviewees and interpret survey questions to help interviewees' comprehension.,Supplemental,53.0,08/2021,Incumbent
43-4121.00,"Library Assistants, Clerical",2654,Classify and catalog items according to content and purpose.,Supplemental,84.0,08/2018,Incumbent
43-4121.00,"Library Assistants, Clerical",2657,"Operate small branch libraries, under the direction of off-site librarian supervisors.",Supplemental,87.0,08/2018,Incumbent
43-4121.00,"Library Assistants, Clerical",21077,"Plan or participate in library events and programs, such as story time with children.",Supplemental,85.0,08/2018,Incumbent
43-4121.00,"Library Assistants, Clerical",18775,"Perform accounting and bookkeeping activities, such as invoicing, maintaining financial records, budgeting, and handling cash.",Supplemental,87.0,08/2018,Incumbent
43-4121.00,"Library Assistants, Clerical",2660,Operate and maintain audio-visual equipment.,Supplemental,84.0,08/2018,Incumbent
43-4121.00,"Library Assistants, Clerical",18779,Design or maintain library web site and online catalogues.,Supplemental,85.0,08/2018,Incumbent
43-4121.00,"Library Assistants, Clerical",18777,"Acquire books, pamphlets, periodicals, audio-visual materials, and other library supplies by checking prices, figuring costs, and preparing appropriate order forms and facilitating the ordering process by providing such information to others.",Supplemental,84.0,08/2018,Incumbent
43-4131.00,Loan Interviewers and Clerks,11306,Order property insurance or mortgage insurance policies to ensure protection against loss on mortgaged property.,Supplemental,62.0,07/2017,Incumbent
43-4131.00,Loan Interviewers and Clerks,11304,Accept payment on accounts.,Supplemental,62.0,07/2017,Incumbent
43-4131.00,Loan Interviewers and Clerks,11303,Schedule and conduct closings of mortgage transactions.,Supplemental,61.0,07/2017,Incumbent
43-4131.00,Loan Interviewers and Clerks,11308,Establish credit limits and grant extensions of credit on overdue accounts.,Supplemental,61.0,07/2017,Incumbent
43-4141.00,New Accounts Clerks,20141,Process loan applications.,Supplemental,54.0,08/2020,Incumbent
43-4141.00,New Accounts Clerks,4727,Obtain credit records from reporting agencies.,Supplemental,54.0,08/2020,Incumbent
43-4141.00,New Accounts Clerks,4735,Schedule repairs for locks on safe-deposit boxes.,Supplemental,54.0,08/2020,Incumbent
43-4141.00,New Accounts Clerks,4734,Perform foreign currency transactions and sell traveler's checks.,Supplemental,54.0,08/2020,Incumbent
43-4141.00,New Accounts Clerks,4732,Duplicate records for distribution to branch offices.,Supplemental,54.0,08/2020,Incumbent
43-4151.00,Order Clerks,2669,"Prepare invoices, shipping documents, and contracts.",Supplemental,59.0,08/2023,Incumbent
43-4151.00,Order Clerks,2679,"Confer with production, sales, shipping, warehouse, or common carrier personnel to expedite or trace shipments.",Supplemental,59.0,08/2023,Incumbent
43-4151.00,Order Clerks,2673,Direct specified departments or units to prepare and ship orders to designated locations.,Supplemental,59.0,08/2023,Incumbent
43-4151.00,Order Clerks,2681,Adjust inventory records to reflect product movement.,Supplemental,58.0,08/2023,Incumbent
43-4151.00,Order Clerks,2682,"Collect payment for merchandise, record transactions, and send items, such as checks or money orders for further processing.",Supplemental,59.0,08/2023,Incumbent
43-4151.00,Order Clerks,2686,"Calculate and compile order-related statistics, and prepare reports for management.",Supplemental,59.0,08/2023,Incumbent
43-4151.00,Order Clerks,2685,Recommend type of packing or labeling needed on order.,Supplemental,59.0,08/2023,Incumbent
43-4151.00,Order Clerks,2676,Attempt to sell additional merchandise or services to prospective or current customers by telephone or through visits.,Supplemental,58.0,08/2023,Incumbent
43-4161.00,"Human Resources Assistants, Except Payroll and Timekeeping",2695,Interview job applicants to obtain and verify information used to screen and evaluate them.,Supplemental,100.0,07/2017,Incumbent
43-4161.00,"Human Resources Assistants, Except Payroll and Timekeeping",2690,Process and review employment applications to evaluate qualifications or eligibility of applicants.,Supplemental,100.0,07/2017,Incumbent
43-4161.00,"Human Resources Assistants, Except Payroll and Timekeeping",2698,Inform job applicants of their acceptance or rejection of employment.,Supplemental,99.0,07/2017,Incumbent
43-4161.00,"Human Resources Assistants, Except Payroll and Timekeeping",2699,Select applicants meeting specified job requirements and refer them to hiring personnel.,Supplemental,100.0,07/2017,Incumbent
43-4161.00,"Human Resources Assistants, Except Payroll and Timekeeping",2701,Arrange for advertising or posting of job vacancies and notify eligible workers of position availability.,Supplemental,99.0,07/2017,Incumbent
43-4161.00,"Human Resources Assistants, Except Payroll and Timekeeping",2696,"Request information from law enforcement officials, previous employers, and other references to determine applicants' employment acceptability.",Supplemental,101.0,07/2017,Incumbent
43-4161.00,"Human Resources Assistants, Except Payroll and Timekeeping",2704,"Administer and score applicant and employee aptitude, personality, and interest assessment instruments.",Supplemental,100.0,07/2017,Incumbent
43-4161.00,"Human Resources Assistants, Except Payroll and Timekeeping",2703,"Prepare badges, passes, and identification cards, and perform other security-related duties.",Supplemental,101.0,07/2017,Incumbent
43-4161.00,"Human Resources Assistants, Except Payroll and Timekeeping",2700,Arrange for in-house and external training activities.,Supplemental,101.0,07/2017,Incumbent
43-4171.00,Receptionists and Information Clerks,752,Analyze data to determine answers to questions from customers or members of the public.,Supplemental,87.0,08/2023,Incumbent
43-4171.00,Receptionists and Information Clerks,756,"Calculate and quote rates for tours, stocks, insurance policies, or other products or services.",Supplemental,90.0,08/2023,Incumbent
43-4171.00,Receptionists and Information Clerks,754,Keep a current record of staff members' whereabouts and availability.,Supplemental,90.0,08/2023,Incumbent
43-4171.00,Receptionists and Information Clerks,759,Schedule space or equipment for special programs and prepare lists of participants.,Supplemental,89.0,08/2023,Incumbent
43-4171.00,Receptionists and Information Clerks,758,"Process and prepare memos, correspondence, travel vouchers, or other documents.",Supplemental,90.0,08/2023,Incumbent
43-4171.00,Receptionists and Information Clerks,760,Enroll individuals to participate in programs and notify them of their acceptance.,Supplemental,90.0,08/2023,Incumbent
43-4171.00,Receptionists and Information Clerks,757,Take orders for merchandise or materials and send them to the proper departments to be filled.,Supplemental,90.0,08/2023,Incumbent
43-4181.00,Reservation and Transportation Ticket Agents and Travel Clerks,9764,Provide clients with assistance in preparing required travel documents and forms.,Supplemental,64.0,07/2013,Incumbent
43-4181.00,Reservation and Transportation Ticket Agents and Travel Clerks,9751,Prepare customer invoices and accept payment.,Supplemental,65.0,07/2013,Incumbent
43-4181.00,Reservation and Transportation Ticket Agents and Travel Clerks,20437,Open or close information facilities.,Supplemental,63.0,07/2013,Incumbent
43-4181.00,Reservation and Transportation Ticket Agents and Travel Clerks,9766,"Provide customers with travel suggestions and information sources, such as guides, directories, brochures, or maps.",Supplemental,64.0,07/2013,Incumbent
43-4181.00,Reservation and Transportation Ticket Agents and Travel Clerks,9767,Contact customers or travel agents to advise them of travel conveyance changes or to confirm reservations.,Supplemental,65.0,07/2013,Incumbent
43-4181.00,Reservation and Transportation Ticket Agents and Travel Clerks,9763,"Promote particular destinations, tour packages, and other travel services.",Supplemental,64.0,07/2013,Incumbent
43-4181.00,Reservation and Transportation Ticket Agents and Travel Clerks,9768,"Contact motel, hotel, resort, and travel operators to obtain current advertising literature.",Supplemental,63.0,07/2013,Incumbent
43-5011.00,Cargo and Freight Agents,20274,"Prepare manifests showing numbers of airplane passengers and baggage, mail, and freight weights, transmitting data to destinations.",Supplemental,52.0,08/2021,Incumbent
43-5011.00,Cargo and Freight Agents,8203,Arrange insurance coverage for goods.,Supplemental,52.0,08/2021,Incumbent
43-5011.00,Cargo and Freight Agents,8200,"Install straps, braces, and padding to loads to prevent shifting or damage during shipment.",Supplemental,51.0,08/2021,Incumbent
43-5011.00,Cargo and Freight Agents,20273,Check import or export documentation to determine cargo contents and use tariff coding system to classify goods according to fee or tariff group.,Supplemental,51.0,08/2021,Incumbent
43-5011.00,Cargo and Freight Agents,8202,Coordinate and supervise activities of workers engaged in packing and shipping merchandise.,Supplemental,50.0,08/2021,Incumbent
43-5011.00,Cargo and Freight Agents,20275,Contact vendors or claims adjustment departments to resolve shipment problems or contact service depots to arrange for repairs.,Supplemental,52.0,08/2021,Incumbent
43-5011.00,Cargo and Freight Agents,8199,"Inspect and count items received and check them against invoices or other documents, recording shortages and rejecting damaged goods.",Supplemental,52.0,08/2021,Incumbent
43-5011.00,Cargo and Freight Agents,8208,"Route received goods to first available flight or to appropriate storage areas or departments, using forklifts, hand trucks, or other equipment.",Supplemental,51.0,08/2021,Incumbent
43-5011.00,Cargo and Freight Agents,8198,Direct delivery trucks to shipping doors or designated marshaling areas and help load and unload goods safely.,Supplemental,52.0,08/2021,Incumbent
43-5011.00,Cargo and Freight Agents,8210,"Assemble containers and crates used to transport items, such as machines or vehicles.",Supplemental,51.0,08/2021,Incumbent
43-5011.00,Cargo and Freight Agents,8209,Maintain a supply of packing materials.,Supplemental,51.0,08/2021,Incumbent
43-5011.00,Cargo and Freight Agents,8204,Direct or participate in cargo loading to ensure completeness of load and even distribution of weight.,Supplemental,50.0,08/2021,Incumbent
43-5011.00,Cargo and Freight Agents,8197,"Pack goods for shipping, using tools such as staplers, strapping machines, and hammers.",Supplemental,52.0,08/2021,Incumbent
43-5011.00,Cargo and Freight Agents,8206,"Attach address labels, identification codes, and shipping instructions to containers.",Supplemental,52.0,08/2021,Incumbent
43-5011.00,Cargo and Freight Agents,8205,"Open cargo containers and unwrap contents, using steel cutters, crowbars, or other hand tools.",Supplemental,52.0,08/2021,Incumbent
43-5011.01,Freight Forwarders,17697,"Recommend or arrange appropriate merchandise packing methods, according to climate, terrain, weight, nature of goods, or costs.",Supplemental,48.0,08/2024,Incumbent
43-5011.01,Freight Forwarders,17705,"Refer exporters to experts in areas such as trade financing, international marketing, government export requirements, international banking, or marine insurance.",Supplemental,48.0,08/2024,Incumbent
43-5011.01,Freight Forwarders,17702,Make arrangements with customs brokers to facilitate the passage of goods through customs.,Supplemental,48.0,08/2024,Incumbent
43-5011.01,Freight Forwarders,19832,Recommend shipping solutions to minimize cost or environmental impacts.,Supplemental,48.0,08/2024,Incumbent
43-5011.01,Freight Forwarders,19833,Review the environmental records of freight carriers to inform shipping decisions.,Supplemental,49.0,08/2024,Incumbent
43-5011.01,Freight Forwarders,19829,Analyze shipping routes to determine how to minimize environmental impact.,Supplemental,48.0,08/2024,Incumbent
43-5011.01,Freight Forwarders,19831,Consider environmental sustainability factors when determining merchandise packing methods.,Supplemental,47.0,08/2024,Incumbent
43-5011.01,Freight Forwarders,17685,Assist clients in obtaining insurance reimbursements.,Supplemental,48.0,08/2024,Incumbent
43-5021.00,Couriers and Messengers,7024,"Collect, seal, and stamp outgoing mail, using postage meters and envelope sealers.",Supplemental,63.0,07/2016,Incumbent
43-5021.00,Couriers and Messengers,7021,Use telephone to deliver verbal messages.,Supplemental,61.0,07/2016,Incumbent
43-5021.00,Couriers and Messengers,7023,"Perform general office or clerical work, such as filing materials, operating duplicating machines, or running errands.",Supplemental,58.0,07/2016,Incumbent
43-5031.00,Public Safety Telecommunicators,2722,Operate and maintain mobile dispatch vehicles and equipment.,Supplemental,75.0,08/2023,Incumbent
43-5031.00,Public Safety Telecommunicators,2720,"Monitor alarm systems to detect emergencies, such as fires and illegal entry into establishments.",Supplemental,76.0,08/2023,Incumbent
43-5032.00,"Dispatchers, Except Police, Fire, and Ambulance",2729,Oversee all communications within specifically assigned territories.,Supplemental,66.0,08/2021,Incumbent
43-5032.00,"Dispatchers, Except Police, Fire, and Ambulance",2735,Order supplies or equipment and issue them to personnel.,Supplemental,67.0,08/2021,Incumbent
43-5041.00,"Meter Readers, Utilities",11320,Report lost or broken keys.,Supplemental,86.0,07/2016,Incumbent
43-5051.00,Postal Service Clerks,11325,"Sell and collect payment for products such as stamps, prepaid mail envelopes, and money orders.",Supplemental,96.0,07/2016,Incumbent
43-5051.00,Postal Service Clerks,11321,"Keep money drawers in order, and record and balance daily transactions.",Supplemental,96.0,07/2016,Incumbent
43-5051.00,Postal Service Clerks,11324,"Register, certify, and insure letters and parcels.",Supplemental,96.0,07/2016,Incumbent
43-5051.00,Postal Service Clerks,11328,"Complete forms regarding changes of address, or theft or loss of mail, or for special services such as registered or priority mail.",Supplemental,95.0,07/2016,Incumbent
43-5051.00,Postal Service Clerks,11336,"Receive letters and parcels, and place mail into bags.",Supplemental,95.0,07/2016,Incumbent
43-5051.00,Postal Service Clerks,11333,"Put undelivered parcels away, retrieve them when customers come to claim them, and complete any related documentation.",Supplemental,96.0,07/2016,Incumbent
43-5051.00,Postal Service Clerks,11335,"Respond to complaints regarding mail theft, delivery problems, and lost or damaged mail, filling out forms and making appropriate referrals for investigation.",Supplemental,97.0,07/2016,Incumbent
43-5051.00,Postal Service Clerks,11329,Provide assistance to the public in complying with federal regulations of Postal Service and other federal agencies.,Supplemental,97.0,07/2016,Incumbent
43-5051.00,Postal Service Clerks,11332,Rent post office boxes to customers.,Supplemental,97.0,07/2016,Incumbent
43-5051.00,Postal Service Clerks,11334,"Provide customers with assistance in filing claims for mail theft, or lost or damaged mail.",Supplemental,96.0,07/2016,Incumbent
43-5051.00,Postal Service Clerks,11337,Feed mail into postage canceling devices or hand stamp mail to cancel postage.,Supplemental,97.0,07/2016,Incumbent
43-5051.00,Postal Service Clerks,11331,Cash money orders.,Supplemental,96.0,07/2016,Incumbent
43-5051.00,Postal Service Clerks,20905,Order retail items and other supplies for office use.,Supplemental,96.0,07/2016,Incumbent
43-5052.00,Postal Service Mail Carriers,11357,"Register, certify, and insure parcels and letters.",Supplemental,109.0,07/2016,Incumbent
43-5052.00,Postal Service Mail Carriers,11358,Travel to post offices to pick up the mail for routes or pick up mail from postal relay boxes.,Supplemental,108.0,07/2016,Incumbent
43-5052.00,Postal Service Mail Carriers,11361,Sell stamps and money orders.,Supplemental,109.0,07/2016,Incumbent
43-5052.00,Postal Service Mail Carriers,11360,Complete forms that notify publishers of address changes.,Supplemental,108.0,07/2016,Incumbent
43-5053.00,"Postal Service Mail Sorters, Processors, and Processing Machine Operators",8213,"Direct items according to established routing schemes, using computer-controlled keyboards or voice-recognition equipment.",Supplemental,103.0,07/2016,Incumbent
43-5053.00,"Postal Service Mail Sorters, Processors, and Processing Machine Operators",8222,"Check items to ensure that addresses are legible and correct, that sufficient postage has been paid or the appropriate documentation is attached, and that items are in a suitable condition for processing.",Supplemental,103.0,07/2016,Incumbent
43-5053.00,"Postal Service Mail Sorters, Processors, and Processing Machine Operators",8214,"Bundle, label, and route sorted mail to designated areas, depending on destinations and according to established procedures and deadlines.",Supplemental,103.0,07/2016,Incumbent
43-5053.00,"Postal Service Mail Sorters, Processors, and Processing Machine Operators",8226,"Move containers of mail, using equipment, such as forklifts and automated ""trains"".",Supplemental,103.0,07/2016,Incumbent
43-5053.00,"Postal Service Mail Sorters, Processors, and Processing Machine Operators",8223,Open and label mail containers.,Supplemental,102.0,07/2016,Incumbent
43-5053.00,"Postal Service Mail Sorters, Processors, and Processing Machine Operators",8229,"Load and unload mail trucks, sometimes lifting containers of mail onto equipment that transports items to sorting stations.",Supplemental,103.0,07/2016,Incumbent
43-5053.00,"Postal Service Mail Sorters, Processors, and Processing Machine Operators",8218,Distribute incoming mail into the correct boxes or pigeonholes.,Supplemental,103.0,07/2016,Incumbent
43-5053.00,"Postal Service Mail Sorters, Processors, and Processing Machine Operators",8224,Rewrap soiled or broken parcels.,Supplemental,103.0,07/2016,Incumbent
43-5053.00,"Postal Service Mail Sorters, Processors, and Processing Machine Operators",8217,Train new workers.,Supplemental,103.0,07/2016,Incumbent
43-5053.00,"Postal Service Mail Sorters, Processors, and Processing Machine Operators",8220,Search directories to find correct addresses for redirected mail.,Supplemental,103.0,07/2016,Incumbent
43-5053.00,"Postal Service Mail Sorters, Processors, and Processing Machine Operators",8230,Cancel letter or parcel post stamps by hand.,Supplemental,103.0,07/2016,Incumbent
43-5061.00,"Production, Planning, and Expediting Clerks",11362,"Examine documents, materials, or products and monitor work processes to assess completeness, accuracy, and conformance to standards and specifications.",Supplemental,72.0,08/2022,Incumbent
43-5061.00,"Production, Planning, and Expediting Clerks",11377,"Compile and prepare documentation related to production sequences, transportation, personnel schedules, or purchase, maintenance, or repair orders.",Supplemental,73.0,08/2022,Incumbent
43-5061.00,"Production, Planning, and Expediting Clerks",11369,"Calculate figures, such as required amounts of labor or materials, manufacturing costs, or wages, using pricing schedules, adding machines, calculators, or computers.",Supplemental,73.0,08/2022,Incumbent
43-5061.00,"Production, Planning, and Expediting Clerks",11373,Contact suppliers to verify shipment details.,Supplemental,72.0,08/2022,Incumbent
43-5061.00,"Production, Planning, and Expediting Clerks",11367,"Record production data, including volume produced, consumption of raw materials, or quality control measures.",Supplemental,73.0,08/2022,Incumbent
43-5061.00,"Production, Planning, and Expediting Clerks",11376,"Establish and prepare product construction directions and locations and information on required tools, materials, equipment, numbers of workers needed, and cost projections.",Supplemental,72.0,08/2022,Incumbent
43-5061.00,"Production, Planning, and Expediting Clerks",11374,"Maintain files, such as maintenance records, bills of lading, or cost reports.",Supplemental,73.0,08/2022,Incumbent
43-5061.00,"Production, Planning, and Expediting Clerks",11378,"Provide documentation and information to account for delays, difficulties, or changes to cost estimates.",Supplemental,71.0,08/2022,Incumbent
43-5071.00,"Shipping, Receiving, and Inventory Clerks",19834,Compare shipping routes or methods to determine which have the least environmental impact.,Supplemental,77.0,08/2019,Incumbent
43-5111.00,"Weighers, Measurers, Checkers, and Samplers, Recordkeeping",11381,"Compare product labels, tags, or tickets, shipping manifests, purchase orders, and bills of lading to verify accuracy of shipment contents, quality specifications, or weights.",Supplemental,94.0,08/2018,Incumbent
43-5111.00,"Weighers, Measurers, Checkers, and Samplers, Recordkeeping",11394,"Remove from stock products or loads not meeting quality standards, and notify supervisors or appropriate departments of discrepancies or shortages.",Supplemental,94.0,08/2018,Incumbent
43-5111.00,"Weighers, Measurers, Checkers, and Samplers, Recordkeeping",11400,Inspect products and examination records to determine the number of defects per worker and the reasons for examiners' rejections.,Supplemental,95.0,08/2018,Incumbent
43-5111.00,"Weighers, Measurers, Checkers, and Samplers, Recordkeeping",11393,Store samples of finished products in labeled cartons and record their location.,Supplemental,95.0,08/2018,Incumbent
43-5111.00,"Weighers, Measurers, Checkers, and Samplers, Recordkeeping",11382,"Count or estimate quantities of materials, parts, or products received or shipped.",Supplemental,95.0,08/2018,Incumbent
43-5111.00,"Weighers, Measurers, Checkers, and Samplers, Recordkeeping",11384,"Communicate with customers and vendors to exchange information regarding products, materials, and services.",Supplemental,95.0,08/2018,Incumbent
43-5111.00,"Weighers, Measurers, Checkers, and Samplers, Recordkeeping",11389,"Fill orders for products and samples, following order tickets, and forward or mail items.",Supplemental,93.0,08/2018,Incumbent
43-5111.00,"Weighers, Measurers, Checkers, and Samplers, Recordkeeping",11388,Operate scalehouse computers to obtain weight information about incoming shipments such as those from waste haulers.,Supplemental,95.0,08/2018,Incumbent
43-5111.00,"Weighers, Measurers, Checkers, and Samplers, Recordkeeping",11390,"Sort products or materials into predetermined sequences or groupings for display, packing, shipping, or storage.",Supplemental,95.0,08/2018,Incumbent
43-5111.00,"Weighers, Measurers, Checkers, and Samplers, Recordkeeping",11398,"Transport materials, products, or samples to processing, shipping, or storage areas, manually or using conveyors, pumps, or hand trucks.",Supplemental,95.0,08/2018,Incumbent
43-5111.00,"Weighers, Measurers, Checkers, and Samplers, Recordkeeping",11387,Unload or unpack incoming shipments.,Supplemental,94.0,08/2018,Incumbent
43-6011.00,Executive Secretaries and Executive Administrative Assistants,18578,Process payroll information.,Supplemental,139.0,07/2017,Incumbent
43-6011.00,Executive Secretaries and Executive Administrative Assistants,2788,Interpret administrative and operating policies and procedures for employees.,Supplemental,140.0,07/2017,Incumbent
43-6011.00,Executive Secretaries and Executive Administrative Assistants,2785,Set up and oversee administrative policies and procedures for offices or organizations.,Supplemental,141.0,07/2017,Incumbent
43-6011.00,Executive Secretaries and Executive Administrative Assistants,2784,"Meet with individuals, special interest groups, and others on behalf of executives, committees, and boards of directors.",Supplemental,140.0,07/2017,Incumbent
43-6011.00,Executive Secretaries and Executive Administrative Assistants,2781,"Compile, transcribe, and distribute minutes of meetings.",Supplemental,140.0,07/2017,Incumbent
43-6011.00,Executive Secretaries and Executive Administrative Assistants,18579,Supervise and train other clerical staff and arrange for employee training by scheduling training or organizing training material.,Supplemental,141.0,07/2017,Incumbent
43-6011.00,Executive Secretaries and Executive Administrative Assistants,2787,"Review operating practices and procedures to determine whether improvements can be made in areas such as workflow, reporting procedures, or expenditures.",Supplemental,139.0,07/2017,Incumbent
43-6012.00,Legal Secretaries and Administrative Assistants,773,Submit articles and information from searches to attorneys for review and approval for use.,Supplemental,57.0,08/2024,Incumbent
43-6012.00,Legal Secretaries and Administrative Assistants,21079,Make travel arrangements for attorneys.,Supplemental,56.0,08/2024,Incumbent
43-6012.00,Legal Secretaries and Administrative Assistants,770,"Attend legal meetings, such as client interviews, hearings, or depositions, and take notes.",Supplemental,56.0,08/2024,Incumbent
43-6012.00,Legal Secretaries and Administrative Assistants,772,Review legal publications and perform database searches to identify laws and court decisions relevant to pending cases.,Supplemental,56.0,08/2024,Incumbent
43-6013.00,Medical Secretaries and Administrative Assistants,786,Transcribe recorded messages or practitioners' diagnoses or recommendations into patients' medical records.,Supplemental,85.0,08/2021,Incumbent
43-6013.00,Medical Secretaries and Administrative Assistants,776,"Compile and record medical charts, reports, or correspondence, using typewriter or personal computer.",Supplemental,83.0,08/2021,Incumbent
43-6013.00,Medical Secretaries and Administrative Assistants,20438,"Schedule tests or procedures for patients, such as lab work or x-rays, based on physician orders.",Supplemental,85.0,08/2021,Incumbent
43-6013.00,Medical Secretaries and Administrative Assistants,789,"Prepare correspondence or assist physicians or medical scientists with preparation of reports, speeches, articles, or conference proceedings.",Supplemental,83.0,08/2021,Incumbent
43-6014.00,"Secretaries and Administrative Assistants, Except Legal, Medical, and Executive",20285,"Perform payroll functions, such as maintaining timekeeping information and processing and submitting payroll.",Supplemental,165.0,08/2019,Incumbent
43-6014.00,"Secretaries and Administrative Assistants, Except Legal, Medical, and Executive",20286,"Collect and deposit money into accounts, disburse funds from cash accounts to pay bills or invoices, keep records of collections and disbursements, and ensure accounts are balanced.",Supplemental,166.0,08/2019,Incumbent
43-6014.00,"Secretaries and Administrative Assistants, Except Legal, Medical, and Executive",2809,Establish work procedures or schedules and keep track of the daily work of clerical staff.,Supplemental,162.0,08/2019,Incumbent
43-6014.00,"Secretaries and Administrative Assistants, Except Legal, Medical, and Executive",2806,"Provide services to customers, such as order placement or account information.",Supplemental,166.0,08/2019,Incumbent
43-6014.00,"Secretaries and Administrative Assistants, Except Legal, Medical, and Executive",2808,Prepare and mail checks.,Supplemental,166.0,08/2019,Incumbent
43-6014.00,"Secretaries and Administrative Assistants, Except Legal, Medical, and Executive",2812,"Arrange conference, meeting, or travel reservations for office personnel.",Supplemental,167.0,08/2019,Incumbent
43-6014.00,"Secretaries and Administrative Assistants, Except Legal, Medical, and Executive",2814,Supervise other clerical staff and provide training and orientation to new staff.,Supplemental,165.0,08/2019,Incumbent
43-6014.00,"Secretaries and Administrative Assistants, Except Legal, Medical, and Executive",2802,Manage projects or contribute to committee or team work.,Supplemental,165.0,08/2019,Incumbent
43-6014.00,"Secretaries and Administrative Assistants, Except Legal, Medical, and Executive",20287,"Coordinate conferences, meetings, or special events, such as luncheons or graduation ceremonies.",Supplemental,166.0,08/2019,Incumbent
43-6014.00,"Secretaries and Administrative Assistants, Except Legal, Medical, and Executive",2803,"Mail newsletters, promotional material, or other information.",Supplemental,164.0,08/2019,Incumbent
43-6014.00,"Secretaries and Administrative Assistants, Except Legal, Medical, and Executive",20288,Develop or maintain internal or external company Web sites.,Supplemental,167.0,08/2019,Incumbent
43-9021.00,Data Entry Keyers,11401,"Read source documents such as canceled checks, sales reports, or bills, and enter data in specific data fields or onto tapes or disks for subsequent entry, using keyboards or scanners.",Supplemental,52.0,08/2018,Incumbent
43-9021.00,Data Entry Keyers,11406,Maintain logs of activities and completed work.,Supplemental,53.0,08/2018,Incumbent
43-9021.00,Data Entry Keyers,11408,"Load machines with required input or output media, such as paper, cards, disks, tape, or Braille media.",Supplemental,52.0,08/2018,Incumbent
43-9021.00,Data Entry Keyers,11409,"Resolve garbled or indecipherable messages, using cryptographic procedures and equipment.",Supplemental,52.0,08/2018,Incumbent
43-9022.00,Word Processors and Typists,21014,"Manage schedules and set dates, times, and locations for meetings and appointments.",Supplemental,90.0,07/2017,Incumbent
43-9022.00,Word Processors and Typists,806,"Work with technical material, preparing statistical reports, planning and typing statistical tables, and combining and rearranging material from different sources.",Supplemental,89.0,07/2017,Incumbent
43-9031.00,Desktop Publishers,2830,"Transmit, deliver, or mail publication master to printer for production into film and plates.",Supplemental,65.0,08/2021,Incumbent
43-9031.00,Desktop Publishers,2831,"Collaborate with graphic artists, editors and writers to produce master copies according to design specifications.",Supplemental,64.0,08/2021,Incumbent
43-9031.00,Desktop Publishers,2819,"Store copies of publications on paper, magnetic tape, film, or diskette.",Supplemental,66.0,08/2021,Incumbent
43-9031.00,Desktop Publishers,2832,"Create special effects such as vignettes, mosaics, and image combining, and add elements such as sound and animation to electronic publications.",Supplemental,64.0,08/2021,Incumbent
43-9031.00,Desktop Publishers,2826,Load floppy disks or tapes containing information into system.,Supplemental,64.0,08/2021,Incumbent
43-9041.00,Insurance Claims and Policy Processing Clerks,23328,Pay small claims.,Supplemental,96.0,08/2022,Incumbent
43-9041.00,Insurance Claims and Policy Processing Clerks,23329,"Process, prepare, and submit business or government forms, such as submitting applications for coverage to insurance carriers.",Supplemental,63.0,08/2022,Incumbent
43-9041.00,Insurance Claims and Policy Processing Clerks,23330,Collect initial premiums and issue receipts.,Supplemental,61.0,08/2022,Incumbent
43-9041.00,Insurance Claims and Policy Processing Clerks,23332,Interview clients and take their calls to provide customer service and obtain information on claims.,Supplemental,62.0,08/2022,Incumbent
43-9041.00,Insurance Claims and Policy Processing Clerks,23333,"Obtain computer printout of policy cancellations, or retrieve cancellation cards from file.",Supplemental,63.0,08/2022,Incumbent
43-9041.00,Insurance Claims and Policy Processing Clerks,23334,"Compose business correspondence for supervisors, managers, and professionals.",Supplemental,63.0,08/2022,Incumbent
43-9051.00,"Mail Clerks and Mail Machine Operators, Except Postal Service",13265,"Weigh packages or letters to determine postage needed, using weighing scales and rate charts.",Supplemental,86.0,07/2016,Incumbent
43-9051.00,"Mail Clerks and Mail Machine Operators, Except Postal Service",13275,Inspect mail machine output for defects and determine how to eliminate causes of any defects.,Supplemental,85.0,07/2016,Incumbent
43-9051.00,"Mail Clerks and Mail Machine Operators, Except Postal Service",13270,"Remove from machines printed materials, such as labeled articles, postmarked envelopes or tape, and folded sheets.",Supplemental,86.0,07/2016,Incumbent
43-9051.00,"Mail Clerks and Mail Machine Operators, Except Postal Service",13283,Release packages or letters to customers upon presentation of written notices or other identification.,Supplemental,85.0,07/2016,Incumbent
43-9051.00,"Mail Clerks and Mail Machine Operators, Except Postal Service",13280,Operate computer-controlled keyboards or voice recognition equipment to direct items according to established routing schemes.,Supplemental,86.0,07/2016,Incumbent
43-9051.00,"Mail Clerks and Mail Machine Operators, Except Postal Service",13284,Answer inquiries regarding shipping or mailing policies.,Supplemental,85.0,07/2016,Incumbent
43-9051.00,"Mail Clerks and Mail Machine Operators, Except Postal Service",13267,Lift and unload containers of mail or parcels onto equipment for transportation to sortation stations.,Supplemental,86.0,07/2016,Incumbent
43-9051.00,"Mail Clerks and Mail Machine Operators, Except Postal Service",13277,Contact delivery or courier services to arrange delivery of letters and parcels.,Supplemental,84.0,07/2016,Incumbent
43-9051.00,"Mail Clerks and Mail Machine Operators, Except Postal Service",13262,"Place incoming or outgoing letters or packages into sacks or bins based on destination or type, and place identifying tags on sacks or bins.",Supplemental,86.0,07/2016,Incumbent
43-9051.00,"Mail Clerks and Mail Machine Operators, Except Postal Service",13263,Clear jams in sortation equipment.,Supplemental,86.0,07/2016,Incumbent
43-9051.00,"Mail Clerks and Mail Machine Operators, Except Postal Service",13274,Mail merchandise samples or promotional literature in response to requests.,Supplemental,84.0,07/2016,Incumbent
43-9051.00,"Mail Clerks and Mail Machine Operators, Except Postal Service",13281,"Adjust guides, rollers, loose card inserters, weighing machines, and tying arms, using rules and hand tools.",Supplemental,85.0,07/2016,Incumbent
43-9051.00,"Mail Clerks and Mail Machine Operators, Except Postal Service",13273,Read production orders to determine types and sizes of items scheduled for printing and mailing.,Supplemental,86.0,07/2016,Incumbent
43-9051.00,"Mail Clerks and Mail Machine Operators, Except Postal Service",13286,"Sell mail products, and accept payment for products and mailing charges.",Supplemental,85.0,07/2016,Incumbent
43-9051.00,"Mail Clerks and Mail Machine Operators, Except Postal Service",13272,"Start machines that automatically feed plates, stencils, or tapes through mechanisms, and observe machine operations to detect any malfunctions.",Supplemental,84.0,07/2016,Incumbent
43-9051.00,"Mail Clerks and Mail Machine Operators, Except Postal Service",13279,Stamp dates and times of receipt of incoming mail.,Supplemental,86.0,07/2016,Incumbent
43-9051.00,"Mail Clerks and Mail Machine Operators, Except Postal Service",13271,"Add ink, fill paste reservoirs, and change machine ribbons when necessary.",Supplemental,86.0,07/2016,Incumbent
43-9051.00,"Mail Clerks and Mail Machine Operators, Except Postal Service",13269,Fold letters or circulars and insert them in envelopes.,Supplemental,86.0,07/2016,Incumbent
43-9061.00,"Office Clerks, General",825,"Collect, count, and disburse money, do basic bookkeeping, and complete banking transactions.",Supplemental,232.0,08/2018,Incumbent
43-9061.00,"Office Clerks, General",829,"Complete and mail bills, contracts, policies, invoices, or checks.",Supplemental,231.0,08/2018,Incumbent
43-9061.00,"Office Clerks, General",838,"Process and prepare documents, such as business or government forms and expense reports.",Supplemental,233.0,08/2018,Incumbent
43-9061.00,"Office Clerks, General",839,Monitor and direct the work of lower-level clerks.,Supplemental,229.0,08/2018,Incumbent
43-9061.00,"Office Clerks, General",843,"Prepare meeting agendas, attend meetings, and record and transcribe minutes.",Supplemental,231.0,08/2018,Incumbent
43-9061.00,"Office Clerks, General",842,"Train other staff members to perform work activities, such as using computer applications.",Supplemental,231.0,08/2018,Incumbent
43-9061.00,"Office Clerks, General",841,"Count, weigh, measure, or organize materials.",Supplemental,232.0,08/2018,Incumbent
43-9061.00,"Office Clerks, General",844,"Troubleshoot problems involving office equipment, such as computer hardware and software.",Supplemental,230.0,08/2018,Incumbent
43-9071.00,"Office Machine Operators, Except Computer",13303,"Cut copies apart and write identifying information, such as page numbers or titles, on copies.",Supplemental,52.0,07/2017,Incumbent
43-9071.00,"Office Machine Operators, Except Computer",13305,"Move heat units and clamping frames over screen beds to form Braille impressions on pages, raising frames to release individual copies.",Supplemental,53.0,07/2017,Incumbent
43-9081.00,Proofreaders and Copy Markers,20910,"Typeset and measure dimensions, spacing, and positioning of page elements, such as copy and illustrations, to verify conformance to specifications, using printer's ruler or layout software.",Supplemental,53.0,07/2016,Incumbent
43-9081.00,Proofreaders and Copy Markers,5165,"Read proof sheets aloud, calling out punctuation marks and spelling unusual words and proper names.",Supplemental,52.0,07/2016,Incumbent
43-9111.00,Statistical Assistants,9800,Interview people and keep track of their responses.,Supplemental,110.0,07/2015,Incumbent
43-9111.00,Statistical Assistants,9799,"Check survey responses for errors, such as the use of pens instead of pencils, and set aside response forms that cannot be used.",Supplemental,110.0,07/2015,Incumbent
43-9111.00,Statistical Assistants,9796,Select statistical tests for analyzing data.,Supplemental,110.0,07/2015,Incumbent
43-9111.00,Statistical Assistants,9794,Discuss data presentation requirements with clients.,Supplemental,109.0,07/2015,Incumbent
43-9111.00,Statistical Assistants,9801,Send out surveys.,Supplemental,110.0,07/2015,Incumbent
45-2011.00,Agricultural Inspectors,14846,"Inspect agricultural commodities or related operations, as well as fish or logging operations, for compliance with laws and regulations governing health, quality, and safety.",Supplemental,93.0,07/2013,Incumbent
45-2011.00,Agricultural Inspectors,14857,Label and seal graded products and issue official grading certificates.,Supplemental,90.0,07/2013,Incumbent
45-2011.00,Agricultural Inspectors,14853,Monitor the operations and sanitary conditions of slaughtering or meat processing plants.,Supplemental,95.0,07/2013,Incumbent
45-2011.00,Agricultural Inspectors,14855,"Take emergency actions, such as closing production facilities, if product safety is compromised.",Supplemental,92.0,07/2013,Incumbent
45-2011.00,Agricultural Inspectors,14848,Verify that transportation and handling procedures meet regulatory requirements.,Supplemental,92.0,07/2013,Incumbent
45-2011.00,Agricultural Inspectors,14852,Inspect the cleanliness and practices of establishment employees.,Supplemental,94.0,07/2013,Incumbent
45-2011.00,Agricultural Inspectors,14863,"Examine, weigh, and measure commodities, such as poultry, eggs, meat, or seafood to certify qualities, grades, and weights.",Supplemental,93.0,07/2013,Incumbent
45-2011.00,Agricultural Inspectors,14847,"Inspect or test horticultural products or livestock to detect harmful diseases, chemical residues, or infestations and to determine the quality of products or animals.",Supplemental,95.0,07/2013,Incumbent
45-2011.00,Agricultural Inspectors,14856,Monitor the grading performed by company employees to verify conformance to standards.,Supplemental,93.0,07/2013,Incumbent
45-2011.00,Agricultural Inspectors,14851,"Write reports of findings and recommendations and advise farmers, growers, or processors of corrective action to be taken.",Supplemental,94.0,07/2013,Incumbent
45-2011.00,Agricultural Inspectors,14849,"Collect samples from animals, plants, or products and route them to laboratories for microbiological assessment, ingredient verification, or other testing.",Supplemental,95.0,07/2013,Incumbent
45-2011.00,Agricultural Inspectors,14866,"Provide consultative services in areas such as equipment or product evaluation, plant construction or layout, or food safety systems.",Supplemental,94.0,07/2013,Incumbent
45-2011.00,Agricultural Inspectors,14868,Testify in legal proceedings.,Supplemental,94.0,07/2013,Incumbent
45-2011.00,Agricultural Inspectors,14864,Compare product recipes with government-approved formulas or recipes to determine acceptability.,Supplemental,94.0,07/2013,Incumbent
45-2021.00,Animal Breeders,8246,"Arrange for sale of animals and eggs to hospitals, research centers, pet shops, and food processing plants.",Supplemental,49.0,08/2018,Incumbent
45-2021.00,Animal Breeders,8234,"Place vaccines in drinking water, inject vaccines, or dust air with vaccine powder to protect animals from diseases.",Supplemental,50.0,08/2018,Incumbent
45-2021.00,Animal Breeders,21081,Bathe and groom animals.,Supplemental,50.0,08/2018,Incumbent
45-2021.00,Animal Breeders,21082,Exercise animals to keep them in healthy condition.,Supplemental,50.0,08/2018,Incumbent
45-2021.00,Animal Breeders,8249,Adjust controls to maintain specific building temperatures required for animals' health and safety.,Supplemental,53.0,08/2018,Incumbent
45-2021.00,Animal Breeders,8245,Maintain logs of semen specimens used and animals bred.,Supplemental,50.0,08/2018,Incumbent
45-2021.00,Animal Breeders,8248,"Inject prepared animal semen into female animals for breeding purposes, by inserting nozzle of syringe into vagina and depressing syringe plunger.",Supplemental,53.0,08/2018,Incumbent
45-2021.00,Animal Breeders,8241,Clip or shear hair on animals.,Supplemental,50.0,08/2018,Incumbent
45-2021.00,Animal Breeders,8243,"Package and label semen to be used for artificial insemination, recording information such as the date, source, quality, and concentration.",Supplemental,53.0,08/2018,Incumbent
45-2021.00,Animal Breeders,8239,Exhibit animals at shows.,Supplemental,50.0,08/2018,Incumbent
45-2021.00,Animal Breeders,8247,"Measure specified amounts of semen into calibrated syringes, and insert syringes into inseminating guns.",Supplemental,53.0,08/2018,Incumbent
45-2021.00,Animal Breeders,8250,"Examine semen microscopically to assess and record density and motility of gametes, and dilute semen with prescribed diluents, according to formulas.",Supplemental,53.0,08/2018,Incumbent
45-2041.00,"Graders and Sorters, Agricultural Products",13353,"Record grade or identification numbers on tags or on shipping, receiving, or sales sheets.",Supplemental,49.0,07/2017,Incumbent
45-2091.00,Agricultural Equipment Operators,13362,"Load hoppers, containers, or conveyors to feed machines with products, using forklifts, transfer augers, suction gates, shovels, or pitchforks.",Supplemental,67.0,08/2019,Incumbent
45-2091.00,Agricultural Equipment Operators,13361,"Direct and monitor the activities of work crews engaged in planting, weeding, or harvesting activities.",Supplemental,66.0,08/2019,Incumbent
45-2091.00,Agricultural Equipment Operators,13365,"Operate towed machines such as seed drills or manure spreaders to plant, fertilize, dust, and spray crops.",Supplemental,66.0,08/2019,Incumbent
45-2091.00,Agricultural Equipment Operators,13368,"Weigh crop-filled containers, and record weights and other identifying information.",Supplemental,68.0,08/2019,Incumbent
45-2091.00,Agricultural Equipment Operators,13367,Walk beside or ride on planting machines while inserting plants in planter mechanisms at specified intervals.,Supplemental,67.0,08/2019,Incumbent
45-2091.00,Agricultural Equipment Operators,13366,"Drive trucks to haul crops, supplies, tools, or farm workers.",Supplemental,67.0,08/2019,Incumbent
45-2091.00,Agricultural Equipment Operators,13370,"Guide products on conveyors to regulate flow through machines, and to discard diseased or rotten products.",Supplemental,65.0,08/2019,Incumbent
45-2091.00,Agricultural Equipment Operators,13371,"Position boxes or attach bags at discharge ends of machinery to catch products, removing and closing full containers.",Supplemental,68.0,08/2019,Incumbent
45-2091.00,Agricultural Equipment Operators,13357,"Irrigate soil, using portable pipes or ditch systems, and maintain ditches or pipes and pumps.",Supplemental,67.0,08/2019,Incumbent
45-2092.00,"Farmworkers and Laborers, Crop, Nursery, and Greenhouse",23376,Sell and deliver plants and flowers to customers.,Supplemental,67.0,08/2022,Incumbent
45-2092.00,"Farmworkers and Laborers, Crop, Nursery, and Greenhouse",23381,"Regulate greenhouse conditions, and indoor and outdoor irrigation systems.",Supplemental,66.0,08/2022,Incumbent
45-2092.00,"Farmworkers and Laborers, Crop, Nursery, and Greenhouse",23383,Feel plants' leaves and note their coloring to detect the presence of insects or disease.,Supplemental,67.0,08/2022,Incumbent
45-2092.00,"Farmworkers and Laborers, Crop, Nursery, and Greenhouse",23384,"Provide information and advice to the public regarding the selection, purchase, and care of products.",Supplemental,67.0,08/2022,Incumbent
45-2092.00,"Farmworkers and Laborers, Crop, Nursery, and Greenhouse",23385,Maintain and repair irrigation and climate control systems.,Supplemental,67.0,08/2022,Incumbent
45-2092.00,"Farmworkers and Laborers, Crop, Nursery, and Greenhouse",23386,"Dig, cut, and transplant seedlings, cuttings, trees, and shrubs.",Supplemental,66.0,08/2022,Incumbent
45-2092.00,"Farmworkers and Laborers, Crop, Nursery, and Greenhouse",23390,Record information about plants and plant growth.,Supplemental,66.0,08/2022,Incumbent
45-2092.00,"Farmworkers and Laborers, Crop, Nursery, and Greenhouse",23389,"Maintain inventory, ordering materials as required.",Supplemental,66.0,08/2022,Incumbent
45-2092.00,"Farmworkers and Laborers, Crop, Nursery, and Greenhouse",23391,"Dig, rake, and screen soil, filling cold frames and hot beds in preparation for planting.",Supplemental,66.0,08/2022,Incumbent
45-2092.00,"Farmworkers and Laborers, Crop, Nursery, and Greenhouse",23393,Inspect plants and bud ties to assess quality.,Supplemental,66.0,08/2022,Incumbent
45-2092.00,"Farmworkers and Laborers, Crop, Nursery, and Greenhouse",23395,"Move containerized shrubs, plants, and trees, using wheelbarrows or tractors.",Supplemental,67.0,08/2022,Incumbent
45-2092.00,"Farmworkers and Laborers, Crop, Nursery, and Greenhouse",23396,"Tie and bunch flowers, plants, shrubs, and trees, wrap their roots, and pack them into boxes to fill orders.",Supplemental,66.0,08/2022,Incumbent
45-2092.00,"Farmworkers and Laborers, Crop, Nursery, and Greenhouse",23398,"Haul and spread topsoil, fertilizer, peat moss, and other materials to condition soil, using wheelbarrows or carts and shovels.",Supplemental,66.0,08/2022,Incumbent
45-2092.00,"Farmworkers and Laborers, Crop, Nursery, and Greenhouse",23388,"Repair farm buildings, fences, and other structures.",Supplemental,89.0,08/2022,Incumbent
45-2093.00,"Farmworkers, Farm, Ranch, and Aquacultural Animals",13414,"Mix feed, additives, and medicines in prescribed portions.",Supplemental,83.0,08/2019,Incumbent
45-2093.00,"Farmworkers, Farm, Ranch, and Aquacultural Animals",13420,Shift animals between grazing areas to ensure that they have sufficient access to food.,Supplemental,83.0,08/2019,Incumbent
45-2093.00,"Farmworkers, Farm, Ranch, and Aquacultural Animals",13430,"Protect herds from predators, using trained dogs.",Supplemental,82.0,08/2019,Incumbent
45-2093.00,"Farmworkers, Farm, Ranch, and Aquacultural Animals",13421,"Order food for animals, and arrange for its delivery.",Supplemental,81.0,08/2019,Incumbent
45-2093.00,"Farmworkers, Farm, Ranch, and Aquacultural Animals",13422,"Perform duties related to livestock reproduction, such as breeding animals within appropriate timeframes, performing artificial inseminations, and helping with animal births.",Supplemental,83.0,08/2019,Incumbent
45-2093.00,"Farmworkers, Farm, Ranch, and Aquacultural Animals",13425,Patrol grazing lands on horseback or using all-terrain vehicles.,Supplemental,85.0,08/2019,Incumbent
45-2093.00,"Farmworkers, Farm, Ranch, and Aquacultural Animals",13426,"Maintain growth, feeding, production, and cost records.",Supplemental,83.0,08/2019,Incumbent
45-2093.00,"Farmworkers, Farm, Ranch, and Aquacultural Animals",13427,"Groom, clip, trim, or castrate animals, dock ears and tails, or shear coats to collect hair.",Supplemental,86.0,08/2019,Incumbent
45-2093.00,"Farmworkers, Farm, Ranch, and Aquacultural Animals",13428,"Spray livestock with disinfectants and insecticides, or dip or bathe animals.",Supplemental,84.0,08/2019,Incumbent
45-3031.00,Fishing and Hunting Workers,23406,"Scrape fat, blubber, or flesh from skin sides of pelts with knives or hand scrapers.",Supplemental,21.0,08/2025,Occupational Expert
45-3031.00,Fishing and Hunting Workers,23400,"Patrol trap lines or nets to inspect settings, remove catch, and reset or relocate traps.",Supplemental,21.0,08/2025,Occupational Expert
45-3031.00,Fishing and Hunting Workers,23411,"Locate fish, using fish-finding equipment.",Supplemental,21.0,08/2025,Occupational Expert
45-3031.00,Fishing and Hunting Workers,23421,"Kill or stun trapped quarry, using clubs, poisons, guns, or drowning methods.",Supplemental,21.0,08/2025,Occupational Expert
45-3031.00,Fishing and Hunting Workers,23405,Maintain and repair trapping equipment.,Supplemental,20.0,08/2025,Occupational Expert
45-3031.00,Fishing and Hunting Workers,23401,Obtain permission from landowners to hunt or trap on their land.,Supplemental,20.0,08/2025,Occupational Expert
45-3031.00,Fishing and Hunting Workers,23407,"Put fishing equipment into the water and anchor or tow equipment, according to the fishing method used.",Supplemental,21.0,08/2025,Occupational Expert
45-3031.00,Fishing and Hunting Workers,23414,"Compute positions and plot courses on charts to navigate vessels, using instruments such as compasses, sextants, and charts.",Supplemental,21.0,08/2025,Occupational Expert
45-3031.00,Fishing and Hunting Workers,23409,"Sort, pack, and store catch in holds with salt and ice.",Supplemental,21.0,08/2025,Occupational Expert
45-3031.00,Fishing and Hunting Workers,23412,"Obtain required approvals for using poisons or traps, and notify persons in areas where traps and poison are set.",Supplemental,21.0,08/2025,Occupational Expert
45-3031.00,Fishing and Hunting Workers,23413,Track animals by checking for signs such as droppings or destruction of vegetation.,Supplemental,20.0,08/2025,Occupational Expert
45-3031.00,Fishing and Hunting Workers,23404,"Skin quarry, using knives, and stretch pelts on frames to be cured.",Supplemental,21.0,08/2025,Occupational Expert
45-3031.00,Fishing and Hunting Workers,23418,Transport fish to processing plants or to buyers.,Supplemental,21.0,08/2025,Occupational Expert
45-3031.00,Fishing and Hunting Workers,23416,"Attach nets, slings, hooks, blades, or lifting devices to cables, booms, hoists, or dredges.",Supplemental,20.0,08/2025,Occupational Expert
45-3031.00,Fishing and Hunting Workers,23425,Teach or guide individuals or groups unfamiliar with specific hunting methods or types of prey.,Supplemental,21.0,08/2025,Occupational Expert
45-3031.00,Fishing and Hunting Workers,23420,Release quarry from traps or nets and transfer to cages.,Supplemental,21.0,08/2025,Occupational Expert
45-3031.00,Fishing and Hunting Workers,23417,"Participate in animal damage control, wildlife management, disease control, and research activities.",Supplemental,21.0,08/2025,Occupational Expert
45-4011.00,Forest and Conservation Workers,7035,Maintain tallies of trees examined and counted during tree marking or measuring efforts.,Supplemental,65.0,08/2023,Incumbent
45-4011.00,Forest and Conservation Workers,7041,"Explain or enforce regulations regarding camping, vehicle use, fires, use of buildings, or sanitation.",Supplemental,64.0,08/2023,Incumbent
45-4011.00,Forest and Conservation Workers,7042,"Operate skidders, bulldozers, or other prime movers to pull a variety of scarification or site preparation equipment over areas to be regenerated.",Supplemental,64.0,08/2023,Incumbent
45-4011.00,Forest and Conservation Workers,7032,Spray or inject vegetation with insecticides to kill insects or to protect against disease or with herbicides to reduce competing vegetation.,Supplemental,65.0,08/2023,Incumbent
45-4011.00,Forest and Conservation Workers,7034,"Thin or space trees, using power thinning saws.",Supplemental,65.0,08/2023,Incumbent
45-4011.00,Forest and Conservation Workers,7031,"Identify diseased or undesirable trees and remove them, using power saws or hand saws.",Supplemental,65.0,08/2023,Incumbent
45-4011.00,Forest and Conservation Workers,7030,"Select or cut trees according to markings or sizes, types, or grades.",Supplemental,65.0,08/2023,Incumbent
45-4011.00,Forest and Conservation Workers,7038,"Prune or shear tree tops or limbs to control growth, increase density, or improve shape.",Supplemental,64.0,08/2023,Incumbent
45-4011.00,Forest and Conservation Workers,7045,"Maintain campsites or recreational areas, replenishing firewood or other supplies and cleaning kitchens or restrooms.",Supplemental,63.0,08/2023,Incumbent
45-4011.00,Forest and Conservation Workers,7037,"Erect signs or fences, using posthole diggers, shovels, or other hand tools.",Supplemental,65.0,08/2023,Incumbent
45-4011.00,Forest and Conservation Workers,7039,"Select tree seedlings, prepare the ground, or plant the trees in reforestation areas, using manual planting tools.",Supplemental,64.0,08/2023,Incumbent
45-4011.00,Forest and Conservation Workers,7040,"Provide assistance to forest survey crews by clearing site-lines, holding measuring tools, or setting stakes.",Supplemental,65.0,08/2023,Incumbent
45-4011.00,Forest and Conservation Workers,20632,"Sort tree seedlings, discarding substandard seedlings, according to standard charts or verbal instructions.",Supplemental,65.0,08/2023,Incumbent
45-4021.00,Fallers,13497,Secure steel cables or chains to logs for dragging by tractors or for pulling by cable yarding systems.,Supplemental,73.0,06/2007,Incumbent
45-4021.00,Fallers,13498,"Load logs or wood onto trucks, trailers, or railroad cars, by hand or using loaders or winches.",Supplemental,72.0,06/2007,Incumbent
45-4021.00,Fallers,13499,Mark logs for identification.,Supplemental,71.0,06/2007,Incumbent
45-4021.00,Fallers,13500,"Work as a member of a team, rotating between chain saw operation and skidder operation.",Supplemental,73.0,06/2007,Incumbent
45-4021.00,Fallers,13501,"Place supporting limbs or poles under felled trees to avoid splitting undersides, and to prevent logs from rolling.",Supplemental,73.0,06/2007,Incumbent
45-4022.00,Logging Equipment Operators,9808,"Drive and maneuver tractors and tree harvesters to shear the tops off of trees, cut and limb the trees, and cut the logs into desired lengths.",Supplemental,56.0,07/2017,Incumbent
45-4022.00,Logging Equipment Operators,9810,"Calculate total board feet, cordage, or other wood measurement units, using conversion tables.",Supplemental,57.0,07/2017,Incumbent
45-4023.00,Log Graders and Scalers,21015,Arrange for hauling of logs to appropriate mill sites.,Supplemental,76.0,07/2017,Incumbent
45-4023.00,Log Graders and Scalers,9820,"Weigh log trucks before and after unloading, and record load weights and supplier identities.",Supplemental,74.0,07/2017,Incumbent
45-4023.00,Log Graders and Scalers,9815,"Measure log lengths and mark boles for bucking into logs, according to specifications.",Supplemental,76.0,07/2017,Incumbent
45-4023.00,Log Graders and Scalers,9819,Communicate with coworkers by signals to direct log movement.,Supplemental,75.0,07/2017,Incumbent
45-4023.00,Log Graders and Scalers,9818,"Drive to sawmills, wharfs, or skids to inspect logs or pulpwood.",Supplemental,75.0,07/2017,Incumbent
45-4023.00,Log Graders and Scalers,9821,Saw felled trees into lengths.,Supplemental,74.0,07/2017,Incumbent
47-1011.03,Solar Energy Installation Managers,17734,"Develop and maintain system architecture, including all piping, instrumentation, or process flow diagrams.",Supplemental,53.0,08/2024,Incumbent
47-1011.03,Solar Energy Installation Managers,17736,"Evaluate subcontractors or subcontractor bids for quality, cost, and reliability.",Supplemental,54.0,08/2024,Incumbent
47-2011.00,Boilermakers,11454,Assemble large vessels in an on-site fabrication shop prior to installation to ensure proper fit.,Supplemental,50.0,08/2025,Incumbent
47-2011.00,Boilermakers,11453,Install refractory bricks or other heat-resistant materials in fireboxes of pressure vessels.,Supplemental,50.0,08/2025,Incumbent
47-2021.00,Brickmasons and Blockmasons,4779,"Lay and align bricks, blocks, or tiles to build or repair structures or high temperature equipment, such as cupola, kilns, ovens, or furnaces.",Supplemental,54.0,08/2018,Incumbent
47-2021.00,Brickmasons and Blockmasons,4781,Spray or spread refractory material over brickwork to protect against deterioration.,Supplemental,54.0,08/2018,Incumbent
47-2022.00,Stonemasons,8781,"Position mold along guidelines of wall, press mold in place, and remove mold and paper from wall.",Supplemental,51.0,08/2025,Incumbent
47-2031.00,Carpenters,23451,"Cover subfloors with building paper to keep out moisture and lay hardwood, parquet, or wood-strip-block floors by nailing floors to subfloor or cementing them to mastic or asphalt base.",Supplemental,74.0,08/2022,Incumbent
47-2031.00,Carpenters,23455,Construct forms or chutes for pouring concrete.,Supplemental,75.0,08/2022,Incumbent
47-2031.00,Carpenters,23437,"Arrange for subcontractors to deal with special areas, such as heating or electrical wiring work.",Supplemental,74.0,08/2022,Incumbent
47-2031.00,Carpenters,23439,"Build or repair cabinets, doors, frameworks, floors, or other wooden fixtures used in buildings, using woodworking machines, carpenter's hand tools, or power tools.",Supplemental,75.0,08/2022,Incumbent
47-2031.00,Carpenters,23448,"Finish surfaces of woodwork or wallboard in houses or buildings, using paint, hand tools, or paneling.",Supplemental,73.0,08/2022,Incumbent
47-2031.00,Carpenters,23436,Select and order lumber or other required materials.,Supplemental,75.0,08/2022,Incumbent
47-2031.00,Carpenters,23457,Work with or remove hazardous material.,Supplemental,75.0,08/2022,Incumbent
47-2031.00,Carpenters,23452,"Fill cracks or other defects in plaster or plasterboard and sand patch, using patching plaster, trowel, and sanding tool.",Supplemental,75.0,08/2022,Incumbent
47-2031.00,Carpenters,23454,Prepare cost estimates for clients or employers.,Supplemental,74.0,08/2022,Incumbent
47-2031.00,Carpenters,23453,"Perform minor plumbing, welding, or concrete mixing work.",Supplemental,75.0,08/2022,Incumbent
47-2031.00,Carpenters,23450,"Apply shock-absorbing, sound-deadening, or decorative paneling to ceilings or walls.",Supplemental,75.0,08/2022,Incumbent
47-2031.00,Carpenters,23449,"Examine structural timbers and supports to detect decay, and replace timbers as required, using hand tools, nuts, and bolts.",Supplemental,46.0,08/2022,Incumbent
47-2031.00,Carpenters,23456,Build sleds from logs and timbers for use in hauling camp buildings and machinery through wooded areas.,Supplemental,46.0,08/2022,Incumbent
47-2042.00,"Floor Layers, Except Carpet, Wood, and Hard Tiles",8266,"Heat and soften floor covering materials to patch cracks or fit floor coverings around irregular surfaces, using blowtorch.",Supplemental,80.0,12/2005,Incumbent
47-2044.00,Tile and Stone Setters,2870,"Spread mastic or other adhesive base on roof deck to form base for promenade tile, using serrated spreader.",Supplemental,57.0,08/2023,Incumbent
47-2044.00,Tile and Stone Setters,2865,Assist customers in selection of tile and grout.,Supplemental,57.0,08/2023,Incumbent
47-2044.00,Tile and Stone Setters,2854,"Prepare cost and labor estimates, based on calculations of time and materials needed for project.",Supplemental,56.0,08/2023,Incumbent
47-2044.00,Tile and Stone Setters,2872,"Brush glue onto manila paper on which design has been drawn and position tiles, finished side down, onto paper.",Supplemental,57.0,08/2023,Incumbent
47-2044.00,Tile and Stone Setters,2868,"Select and order tile and other items to be installed, such as bathroom accessories, walls, panels, and cabinets, according to specifications.",Supplemental,57.0,08/2023,Incumbent
47-2044.00,Tile and Stone Setters,2857,"Build underbeds and install anchor bolts, wires, and brackets.",Supplemental,56.0,08/2023,Incumbent
47-2051.00,Cement Masons and Concrete Finishers,7065,"Sprinkle colored marble or stone chips, powdered steel, or coloring powder over surface to produce prescribed finish.",Supplemental,59.0,08/2018,Incumbent
47-2051.00,Cement Masons and Concrete Finishers,7067,"Fabricate concrete beams, columns, and panels.",Supplemental,60.0,08/2018,Incumbent
47-2051.00,Cement Masons and Concrete Finishers,7072,"Polish surface, using polishing or surfacing machine.",Supplemental,57.0,08/2018,Incumbent
47-2051.00,Cement Masons and Concrete Finishers,7066,"Cut metal division strips, and press them into terrazzo base so that top edges form desired design or pattern.",Supplemental,60.0,08/2018,Incumbent
47-2051.00,Cement Masons and Concrete Finishers,7071,Push roller over surface to embed chips in surface.,Supplemental,58.0,08/2018,Incumbent
47-2051.00,Cement Masons and Concrete Finishers,7070,"Apply muriatic acid to clean surface, and rinse with water.",Supplemental,58.0,08/2018,Incumbent
47-2051.00,Cement Masons and Concrete Finishers,7063,"Spread roofing paper on surface of foundation, and spread concrete onto roofing paper with trowel to form terrazzo base.",Supplemental,58.0,08/2018,Incumbent
47-2053.00,Terrazzo Workers and Finishers,9836,"Repair concrete by cutting out damaged areas, drilling holes for reinforcing rods, and positioning reinforcing rods, using power saw and drill.",Supplemental,61.0,07/2015,Incumbent
47-2053.00,Terrazzo Workers and Finishers,9845,Precast terrazzo blocks in wooden forms.,Supplemental,61.0,07/2015,Incumbent
47-2053.00,Terrazzo Workers and Finishers,9848,Wet concrete surface and rub with stone to smooth surface and obtain specified finish.,Supplemental,61.0,07/2015,Incumbent
47-2053.00,Terrazzo Workers and Finishers,9842,"Build wooden molds, clamping molds around areas to be repaired, or setting up frames to the proper depth and alignment.",Supplemental,62.0,07/2015,Incumbent
47-2053.00,Terrazzo Workers and Finishers,9846,Spread roofing paper on surface of foundation and spread concrete onto roofing paper with trowel to form terrazzo base.,Supplemental,61.0,07/2015,Incumbent
47-2053.00,Terrazzo Workers and Finishers,9844,"Produce rough concrete surface, using broom.",Supplemental,60.0,07/2015,Incumbent
47-2053.00,Terrazzo Workers and Finishers,9847,Remove frames when the foundation is dry.,Supplemental,61.0,07/2015,Incumbent
47-2053.00,Terrazzo Workers and Finishers,9843,Signal truck driver to position truck to facilitate pouring concrete and move chute to direct concrete on forms.,Supplemental,61.0,07/2015,Incumbent
47-2061.00,Construction Laborers,11460,"Position, join, align, or seal structural components, such as concrete wall sections or pipes.",Supplemental,61.0,08/2020,Incumbent
47-2061.00,Construction Laborers,19838,"Perform site activities required of green certified construction practices, such as implementing waste management procedures, identifying materials for reuse, or installing erosion or sedimentation control mechanisms.",Supplemental,62.0,08/2020,Incumbent
47-2061.00,Construction Laborers,11457,"Control traffic passing near, in, or around work zones.",Supplemental,60.0,08/2020,Incumbent
47-2061.00,Construction Laborers,11469,"Install sewer, water, or storm drain pipes, using pipe-laying machinery or laser guidance equipment.",Supplemental,62.0,08/2020,Incumbent
47-2061.00,Construction Laborers,11468,Operate or maintain air monitoring or other sampling devices in confined or hazardous environments.,Supplemental,61.0,08/2020,Incumbent
47-2061.00,Construction Laborers,11467,"Smooth or finish freshly poured cement or concrete, using floats, trowels, screeds, or powered cement finishing tools.",Supplemental,62.0,08/2020,Incumbent
47-2061.00,Construction Laborers,11463,"Erect or dismantle scaffolding, shoring, braces, traffic barricades, ramps, or other temporary structures.",Supplemental,62.0,08/2020,Incumbent
47-2061.00,Construction Laborers,11471,"Provide assistance to craft workers, such as carpenters, plasterers, or masons.",Supplemental,62.0,08/2020,Incumbent
47-2061.00,Construction Laborers,11482,"Spray materials, such as water, sand, steam, vinyl, paint, or stucco, through hoses to clean, coat, or seal surfaces.",Supplemental,61.0,08/2020,Incumbent
47-2061.00,Construction Laborers,11481,Raze buildings or salvage useful materials.,Supplemental,62.0,08/2020,Incumbent
47-2061.00,Construction Laborers,11473,"Mop, brush, or spread paints, cleaning solutions, or other compounds over surfaces to clean them or to provide protection.",Supplemental,62.0,08/2020,Incumbent
47-2061.00,Construction Laborers,11464,"Position or dismantle forms for pouring concrete, using saws, hammers, nails, or bolts.",Supplemental,62.0,08/2020,Incumbent
47-2061.00,Construction Laborers,11478,"Grind, scrape, sand, or polish surfaces, such as concrete, marble, terrazzo, or wood flooring, using abrasive tools or machines.",Supplemental,61.0,08/2020,Incumbent
47-2061.00,Construction Laborers,11474,"Place, consolidate, or protect case-in-place concrete or masonry structures.",Supplemental,61.0,08/2020,Incumbent
47-2061.00,Construction Laborers,11480,Mix ingredients to create compounds for covering or cleaning surfaces.,Supplemental,62.0,08/2020,Incumbent
47-2061.00,Construction Laborers,11477,"Mix, pour, or spread concrete, using portable cement mixers.",Supplemental,61.0,08/2020,Incumbent
47-2061.00,Construction Laborers,11466,Operate jackhammers or drills to break up concrete or pavement.,Supplemental,61.0,08/2020,Incumbent
47-2061.00,Construction Laborers,11483,Apply caulking compounds by hand or caulking guns to protect against entry of water or air.,Supplemental,61.0,08/2020,Incumbent
47-2061.00,Construction Laborers,11479,"Tend machines that pump concrete, grout, cement, sand, plaster, or stucco through spray guns for application to ceilings or walls.",Supplemental,62.0,08/2020,Incumbent
47-2071.00,"Paving, Surfacing, and Tamping Equipment Operators",4814,"Place strips of material, such as cork, asphalt, or steel into joints, or place rolls of expansion-joint material on machines that automatically insert material.",Supplemental,44.0,08/2020,Incumbent
47-2071.00,"Paving, Surfacing, and Tamping Equipment Operators",4810,Drive and operate curbing machines to extrude concrete or asphalt curbing.,Supplemental,44.0,08/2020,Incumbent
47-2071.00,"Paving, Surfacing, and Tamping Equipment Operators",4813,Operate machines that clean or cut expansion joints in concrete or asphalt and that rout out cracks in pavement.,Supplemental,44.0,08/2020,Incumbent
47-2071.00,"Paving, Surfacing, and Tamping Equipment Operators",4811,"Cut or break up pavement and drive guardrail posts, using machines equipped with interchangeable hammers.",Supplemental,44.0,08/2020,Incumbent
47-2071.00,"Paving, Surfacing, and Tamping Equipment Operators",4812,"Install dies, cutters, and extensions to screeds onto machines, using hand tools.",Supplemental,43.0,08/2020,Incumbent
47-2071.00,"Paving, Surfacing, and Tamping Equipment Operators",4808,"Set up forms and lay out guidelines for curbs, according to written specifications, using string, spray paint, and concrete or water mixes.",Supplemental,45.0,08/2020,Incumbent
47-2073.00,Operating Engineers and Other Construction Equipment Operators,9861,Check fuel supplies at sites to ensure adequate availability.,Supplemental,64.0,08/2020,Incumbent
47-2073.00,Operating Engineers and Other Construction Equipment Operators,9867,"Talk to clients and study instructions, plans, or diagrams to establish work requirements.",Supplemental,65.0,08/2020,Incumbent
47-2073.00,Operating Engineers and Other Construction Equipment Operators,9873,Drive tractor-trailer trucks to move equipment from site to site.,Supplemental,64.0,08/2020,Incumbent
47-2073.00,Operating Engineers and Other Construction Equipment Operators,9871,Push other equipment when extra traction or assistance is required.,Supplemental,65.0,08/2020,Incumbent
47-2073.00,Operating Engineers and Other Construction Equipment Operators,9869,"Operate road watering, oiling, or rolling equipment, or street sealing equipment, such as chip spreaders.",Supplemental,65.0,08/2020,Incumbent
47-2073.00,Operating Engineers and Other Construction Equipment Operators,9866,"Operate compactors, scrapers, or rollers to level, compact, or cover refuse at disposal grounds.",Supplemental,65.0,08/2020,Incumbent
47-2073.00,Operating Engineers and Other Construction Equipment Operators,9865,Test atmosphere for adequate oxygen or explosive conditions when working in confined spaces.,Supplemental,65.0,08/2020,Incumbent
47-2073.00,Operating Engineers and Other Construction Equipment Operators,9874,Turn valves to control air or water output of compressors or pumps.,Supplemental,64.0,08/2020,Incumbent
47-2081.00,Drywall and Ceiling Tile Installers,13525,Nail channels or wood furring strips to surfaces to provide mounting for tile.,Supplemental,68.0,07/2016,Incumbent
47-2081.00,Drywall and Ceiling Tile Installers,13523,"Install metal lath where plaster applications will be exposed to weather or water, or for curved or irregular surfaces.",Supplemental,68.0,07/2016,Incumbent
47-2081.00,Drywall and Ceiling Tile Installers,13524,"Apply cement to backs of tiles and press tiles into place, aligning them with layout marks or joints of previously laid tile.",Supplemental,69.0,07/2016,Incumbent
47-2081.00,Drywall and Ceiling Tile Installers,13526,"Wash concrete surfaces before mounting tile to increase adhesive qualities of surfaces, using washing soda and zinc sulfate solution.",Supplemental,69.0,07/2016,Incumbent
47-2111.00,Electricians,2893,"Provide assistance during emergencies by operating floodlights or generators, placing flares, or driving needed vehicles.",Supplemental,55.0,08/2022,Incumbent
47-2121.00,Glaziers,11505,Confer with customers to determine project requirements or to provide cost estimates.,Supplemental,76.0,08/2023,Incumbent
47-2121.00,Glaziers,11506,Select the type or color of glass or mirror according to specifications.,Supplemental,75.0,08/2023,Incumbent
47-2121.00,Glaziers,11509,"Measure, cut, fit, and press anti-glare adhesive film to glass or spray glass with tinting solution to prevent light glare.",Supplemental,77.0,08/2023,Incumbent
47-2121.00,Glaziers,11508,Assemble and cement sections of stained glass together.,Supplemental,76.0,08/2023,Incumbent
47-2121.00,Glaziers,11510,"Create patterns on glass by etching, sandblasting, or painting designs.",Supplemental,77.0,08/2023,Incumbent
47-2141.00,"Painters, Construction and Maintenance",11524,Polish final coats to specified finishes.,Supplemental,57.0,08/2025,Incumbent
47-2141.00,"Painters, Construction and Maintenance",11527,Cut stencils and brush or spray lettering or decorations on surfaces.,Supplemental,57.0,08/2025,Incumbent
47-2142.00,Paperhangers,14923,"Staple or tack advertising posters onto fences, walls, billboards, or poles.",Supplemental,104.0,06/2008,Incumbent
47-2142.00,Paperhangers,14924,"Remove paint, varnish, dirt, and grease from surfaces, using paint remover and water soda solutions.",Supplemental,103.0,06/2008,Incumbent
47-2142.00,Paperhangers,14925,Apply acetic acid to damp plaster to prevent lime from bleeding through paper.,Supplemental,104.0,06/2008,Incumbent
47-2152.00,"Plumbers, Pipefitters, and Steamfitters",23482,Inspect work sites for obstructions or holes that could cause structural weakness.,Supplemental,55.0,08/2022,Incumbent
47-2152.00,"Plumbers, Pipefitters, and Steamfitters",23484,"Install pipe systems to support alternative energy-fueled systems, such as geothermal heating or cooling systems.",Supplemental,54.0,08/2022,Incumbent
47-2152.00,"Plumbers, Pipefitters, and Steamfitters",23483,"Install fixtures, appliances, or equipment designed to reduce water or energy consumption.",Supplemental,54.0,08/2022,Incumbent
47-2152.00,"Plumbers, Pipefitters, and Steamfitters",23487,Repair hydraulic or air pumps.,Supplemental,52.0,08/2022,Incumbent
47-2152.00,"Plumbers, Pipefitters, and Steamfitters",23485,"Weld small pipes or special piping, using specialized techniques, equipment, or materials, such as computer-assisted welding or microchip fabrication.",Supplemental,67.0,08/2022,Incumbent
47-2152.00,"Plumbers, Pipefitters, and Steamfitters",23486,"Operate motorized pumps to remove water from flooded manholes, basements, or facility floors.",Supplemental,55.0,08/2022,Incumbent
47-2152.04,Solar Thermal Installers and Technicians,17783,Apply ultraviolet radiation protection to prevent degradation of plumbing.,Supplemental,52.0,07/2015,Incumbent
47-2161.00,Plasterers and Stucco Masons,9882,Cure freshly plastered surfaces.,Supplemental,68.0,07/2015,Incumbent
47-2161.00,Plasterers and Stucco Masons,9886,"Install guide wires on exterior surfaces of buildings to indicate thickness of plaster or stucco and nail wire mesh, lath, or similar materials to the outside surface to hold stucco in place.",Supplemental,68.0,07/2015,Incumbent
47-2161.00,Plasterers and Stucco Masons,9887,Spray acoustic materials or texture finish over walls or ceilings.,Supplemental,68.0,07/2015,Incumbent
47-2161.00,Plasterers and Stucco Masons,9888,"Mold or install ornamental plaster pieces, panels, or trim.",Supplemental,68.0,07/2015,Incumbent
47-2181.00,Roofers,13589,"Spray roofs, sidings, or walls to bind, seal, insulate, or soundproof sections of structures, using spray guns, air compressors, or heaters.",Supplemental,68.0,07/2015,Incumbent
47-2181.00,Roofers,19852,"Attach solar panels to existing roofs, according to specifications and without damaging roofing materials or the structural integrity of buildings.",Supplemental,65.0,07/2015,Incumbent
47-2181.00,Roofers,13596,"Punch holes in slate, tile, terra cotta, or wooden shingles, using punches and hammers.",Supplemental,67.0,07/2015,Incumbent
47-2181.00,Roofers,19850,Apply modular soil- and plant-containing grids over existing roof membranes to create green roofs.,Supplemental,67.0,07/2015,Incumbent
47-2181.00,Roofers,19854,"Install layers of vegetation-based green roofs, including protective membranes, drainage, aeration, water retention and filter layers, soil substrates, irrigation materials, and plants.",Supplemental,65.0,07/2015,Incumbent
47-2211.00,Sheet Metal Workers,20642,"Inspect individual parts, assemblies, or installations, using measuring instruments, such as calipers, scales, or micrometers.",Supplemental,50.0,08/2023,Incumbent
47-2211.00,Sheet Metal Workers,5169,Convert blueprints into shop drawings to be followed in the construction or assembly of sheet metal products.,Supplemental,51.0,08/2023,Incumbent
47-2211.00,Sheet Metal Workers,19862,"Verify that heating, ventilating, and air conditioning (HVAC) systems are designed, installed, and calibrated in accordance with green certification standards, such as those of Leadership in Energy and Environmental Design (LEED).",Supplemental,50.0,08/2023,Incumbent
47-2211.00,Sheet Metal Workers,19860,"Perform building commissioning activities by completing mechanical inspections of a building's water, lighting, or heating, ventilating, and air conditioning (HVAC) systems.",Supplemental,50.0,08/2023,Incumbent
47-2211.00,Sheet Metal Workers,20644,Fasten roof panel edges or machine-made moldings to structures by nailing or welding.,Supplemental,49.0,08/2023,Incumbent
47-2211.00,Sheet Metal Workers,5176,"Finish parts, using hacksaws or hand, rotary, or squaring shears.",Supplemental,51.0,08/2023,Incumbent
47-2221.00,Structural Iron and Steel Workers,11549,"Ride on girders or other structural steel members to position them, or use rope to guide them into position.",Supplemental,103.0,07/2015,Incumbent
47-2221.00,Structural Iron and Steel Workers,11563,Hold rivets while riveters use air hammers to form heads on rivets.,Supplemental,103.0,07/2015,Incumbent
47-2221.00,Structural Iron and Steel Workers,11560,"Insert sealing strips, wiring, insulating material, ladders, flanges, gauges, or valves, depending on types of structures being assembled.",Supplemental,103.0,07/2015,Incumbent
47-2221.00,Structural Iron and Steel Workers,11562,Place blocks under reinforcing bars used to reinforce floors.,Supplemental,103.0,07/2015,Incumbent
47-2231.00,Solar Photovoltaic Installers,17741,"Install active solar systems, including solar collectors, concentrators, pumps, or fans.",Supplemental,61.0,08/2024,Incumbent
47-3012.00,Helpers--Carpenters,8282,Cut tile or linoleum to fit and spread adhesives on flooring for installation.,Supplemental,58.0,07/2013,Incumbent
47-3012.00,Helpers--Carpenters,8283,Cover surfaces with laminated plastic covering material.,Supplemental,58.0,07/2013,Incumbent
47-3013.00,Helpers--Electricians,4855,Trim trees and clear undergrowth along right-of-way.,Supplemental,70.0,08/2023,Incumbent
47-3013.00,Helpers--Electricians,4849,"Requisition materials, using warehouse requisition or release forms.",Supplemental,73.0,08/2023,Incumbent
47-3013.00,Helpers--Electricians,4854,"Solder electrical connections, using soldering iron.",Supplemental,73.0,08/2023,Incumbent
47-3013.00,Helpers--Electricians,4851,Paint a variety of objects related to electrical functions.,Supplemental,71.0,08/2023,Incumbent
47-3013.00,Helpers--Electricians,4853,"Break up concrete, using airhammer, to facilitate installation, construction, or repair of equipment.",Supplemental,74.0,08/2023,Incumbent
47-3013.00,Helpers--Electricians,23977,"Operate heavy equipment, such as backhoes.",Supplemental,73.0,08/2023,Incumbent
47-3013.00,Helpers--Electricians,4852,"Operate cutting torches and welding equipment, while working with conduit and metal components to construct devices associated with electrical functions.",Supplemental,73.0,08/2023,Incumbent
47-3014.00,"Helpers--Painters, Paperhangers, Plasterers, and Stucco Masons",13618,"Smooth surfaces of articles to be painted, using sanding and buffing tools and equipment.",Supplemental,119.0,06/2007,Incumbent
47-3014.00,"Helpers--Painters, Paperhangers, Plasterers, and Stucco Masons",13619,"Mix plaster, and carry plaster to plasterers.",Supplemental,118.0,06/2007,Incumbent
47-3014.00,"Helpers--Painters, Paperhangers, Plasterers, and Stucco Masons",13620,Place articles to be stripped into stripping tanks.,Supplemental,119.0,06/2007,Incumbent
47-3014.00,"Helpers--Painters, Paperhangers, Plasterers, and Stucco Masons",13621,"Remove articles such as cabinets, metal furniture, and paint containers from stripping tanks after prescribed periods of time.",Supplemental,120.0,06/2007,Incumbent
47-3014.00,"Helpers--Painters, Paperhangers, Plasterers, and Stucco Masons",13622,Pour specified amounts of chemical solutions into stripping tanks.,Supplemental,118.0,06/2007,Incumbent
47-3015.00,"Helpers--Pipelayers, Plumbers, Pipefitters, and Steamfitters",4867,"Install gas burners to convert furnaces from wood, coal, or oil.",Supplemental,56.0,07/2011,Incumbent
47-3015.00,"Helpers--Pipelayers, Plumbers, Pipefitters, and Steamfitters",4870,"Fill pipes with sand or resin to prevent distortion, and hold pipes during bending and installation.",Supplemental,56.0,07/2011,Incumbent
47-3015.00,"Helpers--Pipelayers, Plumbers, Pipefitters, and Steamfitters",4868,"Immerse pipe in chemical solution to remove dirt, oil, and scale.",Supplemental,57.0,07/2011,Incumbent
47-3015.00,"Helpers--Pipelayers, Plumbers, Pipefitters, and Steamfitters",4869,Clean and renew steam traps.,Supplemental,55.0,07/2011,Incumbent
47-4011.00,Construction and Building Inspectors,19866,Monitor construction activities to ensure that environmental regulations are not violated.,Supplemental,25.0,08/2024,Occupational Expert
47-4011.00,Construction and Building Inspectors,19864,Evaluate project details to ensure adherence to environmental regulations.,Supplemental,25.0,08/2024,Occupational Expert
47-4011.00,Construction and Building Inspectors,19865,Inspect facilities or installations to determine their environmental impact.,Supplemental,25.0,08/2024,Occupational Expert
47-4011.00,Construction and Building Inspectors,20448,"Examine lifting or conveying devices, such as elevators, escalators, moving sidewalks, hoists, inclined railways, ski lifts, or amusement rides to ensure safety and proper functioning.",Supplemental,25.0,08/2024,Occupational Expert
47-4011.00,Construction and Building Inspectors,19863,"Conduct environmental hazard inspections to identify or quantify problems, such as asbestos, poor air quality, water contamination, or other environmental hazards.",Supplemental,25.0,08/2024,Occupational Expert
47-4011.00,Construction and Building Inspectors,20449,Estimate cost of completed work or of needed renovations or upgrades.,Supplemental,25.0,08/2024,Occupational Expert
47-4011.00,Construction and Building Inspectors,20450,"Evaluate premises for cleanliness, such as proper garbage disposal or lack of vermin infestation.",Supplemental,25.0,08/2024,Occupational Expert
47-4011.00,Construction and Building Inspectors,19867,"Sample and test air to identify gasses, such as bromine, ozone, or sulfur dioxide, or particulates, such as mold, dust, or allergens.",Supplemental,25.0,08/2024,Occupational Expert
47-4011.01,Energy Auditors,19563,Verify income eligibility of participants in publicly financed weatherization programs.,Supplemental,28.0,08/2022,Occupational Expert
47-4021.00,Elevator and Escalator Installers and Repairers,11578,"Assemble elevator cars, installing each car's platform, walls, and doors.",Supplemental,55.0,08/2023,Incumbent
47-4021.00,Elevator and Escalator Installers and Repairers,11577,"Bolt or weld steel rails to the walls of shafts to guide elevators, working from scaffolding or platforms.",Supplemental,54.0,08/2023,Incumbent
47-4021.00,Elevator and Escalator Installers and Repairers,11583,"Assemble electrically powered stairs, steel frameworks, and tracks, and install associated motors and electrical wiring.",Supplemental,54.0,08/2023,Incumbent
47-4021.00,Elevator and Escalator Installers and Repairers,11581,"Cut prefabricated sections of framework, rails, and other components to specified dimensions.",Supplemental,53.0,08/2023,Incumbent
47-4031.00,Fence Erectors,13642,Blast rock formations and rocky areas with dynamite to facilitate posthole digging.,Supplemental,59.0,08/2019,Incumbent
47-4041.00,Hazardous Materials Removal Workers,11585,"Record numbers of containers stored at disposal sites, specifying amounts or types of equipment or waste disposed.",Supplemental,69.0,07/2015,Incumbent
47-4041.00,Hazardous Materials Removal Workers,19873,"Sort specialized hazardous waste at landfills or disposal centers, following proper disposal procedures.",Supplemental,70.0,07/2015,Incumbent
47-4041.00,Hazardous Materials Removal Workers,11598,"Operate cranes to move or load baskets, casks, or canisters.",Supplemental,71.0,07/2015,Incumbent
47-4041.00,Hazardous Materials Removal Workers,11586,Drive trucks or other heavy equipment to convey contaminated waste to designated sea or ground locations.,Supplemental,70.0,07/2015,Incumbent
47-4041.00,Hazardous Materials Removal Workers,19870,Identify or separate waste products or materials for recycling or reuse.,Supplemental,70.0,07/2015,Incumbent
47-4041.00,Hazardous Materials Removal Workers,11592,Upload baskets of irradiated elements onto machines that insert fuel elements into canisters and secure lids.,Supplemental,71.0,07/2015,Incumbent
47-4041.00,Hazardous Materials Removal Workers,19871,"Process e-waste, such as computer components containing lead or mercury.",Supplemental,69.0,07/2015,Incumbent
47-4041.00,Hazardous Materials Removal Workers,11597,Organize or track the locations of hazardous items in landfills.,Supplemental,70.0,07/2015,Incumbent
47-4041.00,Hazardous Materials Removal Workers,11600,Mix or pour concrete into forms to encase waste material for disposal.,Supplemental,70.0,07/2015,Incumbent
47-4041.00,Hazardous Materials Removal Workers,19868,Apply bioremediation techniques to hazardous wastes to allow naturally occurring bacteria to break down toxic substances.,Supplemental,69.0,07/2015,Incumbent
47-4041.00,Hazardous Materials Removal Workers,11596,"Package, store, or move irradiated fuel elements in the underwater storage basins of nuclear reactor plants, using machines or equipment.",Supplemental,70.0,07/2015,Incumbent
47-4051.00,Highway Maintenance Workers,4884,Apply poisons along roadsides and in animal burrows to eliminate unwanted roadside vegetation and rodents.,Supplemental,69.0,07/2017,Incumbent
47-4051.00,Highway Maintenance Workers,4885,"Measure and mark locations for installation of markers, using tape, string, or chalk.",Supplemental,70.0,07/2017,Incumbent
47-4051.00,Highway Maintenance Workers,4882,"Paint traffic control lines and place pavement traffic messages, by hand or using machines.",Supplemental,70.0,07/2017,Incumbent
47-4051.00,Highway Maintenance Workers,4886,"Apply oil to road surfaces, using sprayers.",Supplemental,70.0,07/2017,Incumbent
47-4051.00,Highway Maintenance Workers,4883,Inspect markers to verify accurate installation.,Supplemental,70.0,07/2017,Incumbent
47-4051.00,Highway Maintenance Workers,4888,Place and remove snow fences used to prevent the accumulation of drifting snow on highways.,Supplemental,69.0,07/2017,Incumbent
47-4051.00,Highway Maintenance Workers,4887,Blend compounds to form adhesive mixtures used for marker installation.,Supplemental,69.0,07/2017,Incumbent
47-4061.00,Rail-Track Laying and Maintenance Equipment Operators,13665,String and attach wire-guidelines machine to rails so that tracks or rails can be aligned or leveled.,Supplemental,61.0,07/2015,Incumbent
47-4061.00,Rail-Track Laying and Maintenance Equipment Operators,13656,Engage mechanisms that lay tracks or rails to specified gauges.,Supplemental,62.0,07/2015,Incumbent
47-4061.00,Rail-Track Laying and Maintenance Equipment Operators,13659,"Drive graders, tamping machines, brooms, or ballast spreading machines to redistribute gravel or ballast between rails.",Supplemental,63.0,07/2015,Incumbent
47-4061.00,Rail-Track Laying and Maintenance Equipment Operators,13661,"Drive vehicles that automatically move and lay tracks or rails over sections of track to be constructed, repaired, or maintained.",Supplemental,61.0,07/2015,Incumbent
47-4061.00,Rail-Track Laying and Maintenance Equipment Operators,13662,"Turn wheels of machines, using lever controls, to adjust guidelines for track alignments or grades, following specifications.",Supplemental,60.0,07/2015,Incumbent
47-4061.00,Rail-Track Laying and Maintenance Equipment Operators,13664,Push controls to close grasping devices on track or rail sections so that they can be raised or moved.,Supplemental,60.0,07/2015,Incumbent
47-4061.00,Rail-Track Laying and Maintenance Equipment Operators,13666,Operate tie-adzing machines to cut ties and permit insertion of fishplates that hold rails.,Supplemental,61.0,07/2015,Incumbent
47-4061.00,Rail-Track Laying and Maintenance Equipment Operators,13667,"Paint railroad signs, such as speed limits or gate-crossing warnings.",Supplemental,62.0,07/2015,Incumbent
47-4061.00,Rail-Track Laying and Maintenance Equipment Operators,13663,"Spray ties, fishplates, or joints with oil to protect them from weathering.",Supplemental,62.0,07/2015,Incumbent
47-4071.00,Septic Tank Servicers and Sewer Pipe Cleaners,11620,Clean and disinfect domestic basements and other areas flooded by sewer stoppages.,Supplemental,67.0,07/2017,Incumbent
47-4071.00,Septic Tank Servicers and Sewer Pipe Cleaners,11606,"Withdraw cables from pipes and examine them for evidence of mud, roots, grease, and other deposits indicating broken or clogged sewer lines.",Supplemental,67.0,07/2017,Incumbent
47-4071.00,Septic Tank Servicers and Sewer Pipe Cleaners,11605,Ensure that repaired sewer line joints are tightly sealed before backfilling begins.,Supplemental,68.0,07/2017,Incumbent
47-4071.00,Septic Tank Servicers and Sewer Pipe Cleaners,11619,"Rotate cleaning rods manually, using turning pins.",Supplemental,67.0,07/2017,Incumbent
47-4071.00,Septic Tank Servicers and Sewer Pipe Cleaners,11607,"Install rotary knives on flexible cables mounted on machine reels, according to the diameters of pipes to be cleaned.",Supplemental,68.0,07/2017,Incumbent
47-4071.00,Septic Tank Servicers and Sewer Pipe Cleaners,11611,"Start machines to feed revolving cables or rods into openings, stopping machines and changing knives to conform to pipe sizes.",Supplemental,68.0,07/2017,Incumbent
47-4071.00,Septic Tank Servicers and Sewer Pipe Cleaners,11622,Update sewer maps and manhole charts.,Supplemental,69.0,07/2017,Incumbent
47-4071.00,Septic Tank Servicers and Sewer Pipe Cleaners,11617,"Cover repaired pipes with dirt, and pack backfilled excavations, using air and gasoline tampers.",Supplemental,68.0,07/2017,Incumbent
47-4071.00,Septic Tank Servicers and Sewer Pipe Cleaners,11614,"Cut damaged sections of pipe with cutters, remove broken sections from ditches, and replace pipe sections, using pipe sleeves.",Supplemental,69.0,07/2017,Incumbent
47-4071.00,Septic Tank Servicers and Sewer Pipe Cleaners,11618,Requisition or order tools and equipment.,Supplemental,68.0,07/2017,Incumbent
47-4071.00,Septic Tank Servicers and Sewer Pipe Cleaners,11616,"Break asphalt and other pavement so that pipes can be accessed, using airhammers, picks, and shovels.",Supplemental,69.0,07/2017,Incumbent
47-4071.00,Septic Tank Servicers and Sewer Pipe Cleaners,11621,Tap mainline sewers to install sewer saddles.,Supplemental,66.0,07/2017,Incumbent
47-5012.00,"Rotary Drill Operators, Oil and Gas",8312,"Cap wells with packers, or turn valves, to regulate outflow of oil from wells.",Supplemental,106.0,12/2005,Incumbent
47-5012.00,"Rotary Drill Operators, Oil and Gas",8313,"Line drilled holes with pipes, and install all necessary hardware, to prepare new wells.",Supplemental,105.0,12/2005,Incumbent
47-5012.00,"Rotary Drill Operators, Oil and Gas",8314,Position and prepare truck-mounted derricks at drilling areas specified on field maps.,Supplemental,104.0,12/2005,Incumbent
47-5012.00,"Rotary Drill Operators, Oil and Gas",8315,"Plug observation wells, and restore sites.",Supplemental,105.0,12/2005,Incumbent
47-5013.00,"Service Unit Operators, Oil and Gas",7081,"Direct drilling crews performing activities such as assembling and connecting pipe, applying weights to drill pipes, or drilling around lodged obstacles.",Supplemental,48.0,07/2013,Incumbent
47-5013.00,"Service Unit Operators, Oil and Gas",19874,"Apply green technologies or techniques, such as the use of coiled tubing, slim-hole drilling, horizontal drilling, hydraulic fracturing, or gas lift systems.",Supplemental,49.0,07/2013,Incumbent
47-5013.00,"Service Unit Operators, Oil and Gas",7084,Operate specialized equipment to remove obstructions by backing off or severing pipes by chemical or explosive action.,Supplemental,47.0,07/2013,Incumbent
47-5013.00,"Service Unit Operators, Oil and Gas",7082,Perforate well casings or sidewalls of boreholes with explosive charges.,Supplemental,48.0,07/2013,Incumbent
47-5013.00,"Service Unit Operators, Oil and Gas",7086,Examine unserviceable wells to determine actions to be taken to improve well conditions.,Supplemental,48.0,07/2013,Incumbent
47-5013.00,"Service Unit Operators, Oil and Gas",7089,Monitor sound wave-generating or detecting mechanisms to determine well fluid levels.,Supplemental,47.0,07/2013,Incumbent
47-5013.00,"Service Unit Operators, Oil and Gas",7087,Insert detection instruments into wells with obstructions.,Supplemental,48.0,07/2013,Incumbent
47-5022.00,"Excavating and Loading Machine and Dragline Operators, Surface Mining",12791,Direct workers engaged in placing blocks or outriggers to prevent capsizing of machines when lifting heavy loads.,Supplemental,79.0,07/2013,Incumbent
47-5022.00,"Excavating and Loading Machine and Dragline Operators, Surface Mining",12785,"Measure and verify levels of rock or gravel, bases, or other excavated material.",Supplemental,79.0,07/2013,Incumbent
47-5022.00,"Excavating and Loading Machine and Dragline Operators, Surface Mining",12790,"Direct ground workers engaged in activities such as moving stakes or markers, or changing positions of towers.",Supplemental,79.0,07/2013,Incumbent
47-5022.00,"Excavating and Loading Machine and Dragline Operators, Surface Mining",12787,Adjust dig face angles for varying overburden depths and set lengths.,Supplemental,78.0,07/2013,Incumbent
47-5022.00,"Excavating and Loading Machine and Dragline Operators, Surface Mining",12788,Drive machines to work sites.,Supplemental,78.0,07/2013,Incumbent
47-5022.00,"Excavating and Loading Machine and Dragline Operators, Surface Mining",12789,"Perform manual labor to prepare or finish sites, such as shoveling materials by hand.",Supplemental,79.0,07/2013,Incumbent
47-5023.00,"Earth Drillers, Except Oil and Gas",13696,Fabricate well casings.,Supplemental,51.0,07/2017,Incumbent
47-5023.00,"Earth Drillers, Except Oil and Gas",13683,"Pour water into wells, or pump water or slush into wells to cool drill bits and to remove drillings.",Supplemental,52.0,07/2017,Incumbent
47-5023.00,"Earth Drillers, Except Oil and Gas",21016,Create and lay out designs for drill and blast patterns.,Supplemental,52.0,07/2017,Incumbent
47-5023.00,"Earth Drillers, Except Oil and Gas",13689,"Place and install screens, casings, pumps, and other well fixtures to develop wells.",Supplemental,52.0,07/2017,Incumbent
47-5023.00,"Earth Drillers, Except Oil and Gas",13684,"Operate water-well drilling rigs and other equipment to drill, bore, and dig for water wells or for environmental assessment purposes.",Supplemental,52.0,07/2017,Incumbent
47-5023.00,"Earth Drillers, Except Oil and Gas",13692,"Review client requirements and proposed locations for drilling operations to determine feasibility, and to determine cost estimates.",Supplemental,52.0,07/2017,Incumbent
47-5023.00,"Earth Drillers, Except Oil and Gas",13675,"Drill or bore holes in rock for blasting, grouting, anchoring, or building foundations.",Supplemental,52.0,07/2017,Incumbent
47-5023.00,"Earth Drillers, Except Oil and Gas",13685,Perform pumping tests to assess well performance.,Supplemental,52.0,07/2017,Incumbent
47-5023.00,"Earth Drillers, Except Oil and Gas",13691,"Disinfect, reconstruct, and redevelop contaminated wells and water pumping systems, and clean and disinfect new wells in preparation for use.",Supplemental,51.0,07/2017,Incumbent
47-5023.00,"Earth Drillers, Except Oil and Gas",13690,Design well pumping systems.,Supplemental,51.0,07/2017,Incumbent
47-5023.00,"Earth Drillers, Except Oil and Gas",13694,Signal crane operators to move equipment.,Supplemental,52.0,07/2017,Incumbent
47-5023.00,"Earth Drillers, Except Oil and Gas",13687,"Withdraw drill rods from holes, and extract core samples.",Supplemental,52.0,07/2017,Incumbent
47-5023.00,"Earth Drillers, Except Oil and Gas",13695,"Inspect core samples to determine nature of strata, or take samples to laboratories for analysis.",Supplemental,51.0,07/2017,Incumbent
47-5023.00,"Earth Drillers, Except Oil and Gas",13688,Retract augers to force discharge dirt from holes.,Supplemental,51.0,07/2017,Incumbent
47-5032.00,"Explosives Workers, Ordnance Handling Experts, and Blasters",9923,Set up and operate short-wave radio or field telephone equipment to transmit and receive blast information.,Supplemental,23.0,06/2006,Occupational Expert
47-5032.00,"Explosives Workers, Ordnance Handling Experts, and Blasters",9924,"Insert waterproof sealers, bullets, and/or powder charges into guns, and screw gun ports back into place.",Supplemental,23.0,06/2006,Occupational Expert
47-5032.00,"Explosives Workers, Ordnance Handling Experts, and Blasters",9925,"Clean, gauge, and lubricate gun ports.",Supplemental,23.0,06/2006,Occupational Expert
47-5032.00,"Explosives Workers, Ordnance Handling Experts, and Blasters",9927,"Lower perforating guns into wells, using hoists; then use measuring devices and instrument panels to position guns in correct positions for taking samples.",Supplemental,23.0,06/2006,Occupational Expert
47-5041.00,Continuous Mining Machine Operators,14964,Install casings to prevent cave-ins.,Supplemental,74.0,07/2016,Incumbent
47-5041.00,Continuous Mining Machine Operators,19876,"Scrape or wash conveyors, using belt scrapers or belt washers, to minimize dust production.",Supplemental,74.0,07/2016,Incumbent
47-5041.00,Continuous Mining Machine Operators,14963,Move levers to raise and lower hydraulic safety bars supporting roofs above machines until other workers complete framing.,Supplemental,72.0,07/2016,Incumbent
47-5041.00,Continuous Mining Machine Operators,19875,Apply new technologies developed to minimize the environmental impact of coal mining.,Supplemental,74.0,07/2016,Incumbent
47-5041.00,Continuous Mining Machine Operators,14965,Guide and assist crews laying track and resetting supports and blocking.,Supplemental,74.0,07/2016,Incumbent
47-5044.00,"Loading and Moving Machine Operators, Underground Mining",15190,Stop gathering arms when cars are full.,Supplemental,78.0,08/2022,Incumbent
47-5044.00,"Loading and Moving Machine Operators, Underground Mining",23505,"Move mine cars into position for loading and unloading, using pinchbars inserted under car wheels to position cars under loading spouts.",Supplemental,63.0,08/2022,Incumbent
47-5044.00,"Loading and Moving Machine Operators, Underground Mining",15191,Advance machines to gather material and convey it into cars.,Supplemental,79.0,08/2022,Incumbent
47-5044.00,"Loading and Moving Machine Operators, Underground Mining",15193,Signal workers to move loaded cars.,Supplemental,76.0,08/2022,Incumbent
47-5044.00,"Loading and Moving Machine Operators, Underground Mining",23500,"Guide and stop cars by switching, applying brakes, or placing scotches, or wooden wedges, between wheels and rails.",Supplemental,64.0,08/2022,Incumbent
47-5044.00,"Loading and Moving Machine Operators, Underground Mining",15194,"Observe and record car numbers, carriers, customers, tonnages, and grades and conditions of material.",Supplemental,77.0,08/2022,Incumbent
47-5044.00,"Loading and Moving Machine Operators, Underground Mining",23509,Read written instructions or confer with supervisors about schedules and materials to be moved.,Supplemental,63.0,08/2022,Incumbent
47-5044.00,"Loading and Moving Machine Operators, Underground Mining",23502,Maintain records of materials moved.,Supplemental,64.0,08/2022,Incumbent
47-5044.00,"Loading and Moving Machine Operators, Underground Mining",23497,"Direct other workers to move stakes, place blocks, position anchors or cables, or move materials.",Supplemental,64.0,08/2022,Incumbent
47-5044.00,"Loading and Moving Machine Operators, Underground Mining",23508,"Push or ride cars down slopes, or hook cars to cables and control cable drum brakes, to ease cars down inclines.",Supplemental,63.0,08/2022,Incumbent
47-5051.00,"Rock Splitters, Quarry",14970,Cut slabs of stone into sheets that will be used for floors or counters.,Supplemental,61.0,06/2008,Incumbent
47-5051.00,"Rock Splitters, Quarry",14971,Set charges of explosives to split rock.,Supplemental,58.0,06/2008,Incumbent
47-5051.00,"Rock Splitters, Quarry",14972,"Drill holes along outlines, using jackhammers.",Supplemental,57.0,06/2008,Incumbent
47-5051.00,"Rock Splitters, Quarry",14973,"Drill holes into sides of stones broken from masses, insert dogs or attach slings, and direct removal of stones.",Supplemental,59.0,06/2008,Incumbent
47-5051.00,"Rock Splitters, Quarry",14974,"Cut grooves along outlines, using chisels.",Supplemental,62.0,06/2008,Incumbent
47-5071.00,"Roustabouts, Oil and Gas",7121,"Dig holes, set forms, and mix and pour concrete into forms to make foundations for wood or steel derricks.",Supplemental,56.0,08/2023,Incumbent
47-5071.00,"Roustabouts, Oil and Gas",7120,Supply equipment to rig floors as requested and provide assistance to roughnecks.,Supplemental,56.0,08/2023,Incumbent
47-5071.00,"Roustabouts, Oil and Gas",7111,Clean up spilled oil by bailing it into barrels.,Supplemental,56.0,08/2023,Incumbent
47-5071.00,"Roustabouts, Oil and Gas",7117,Dig drainage ditches around wells and storage tanks.,Supplemental,56.0,08/2023,Incumbent
47-5071.00,"Roustabouts, Oil and Gas",7122,"Cut down and remove trees and brush to clear drill sites, to reduce fire hazards, and to make way for roads to sites.",Supplemental,56.0,08/2023,Incumbent
47-5081.00,Helpers--Extraction Workers,13703,"Provide assistance to extraction craft workers, such as earth drillers and derrick operators.",Supplemental,46.0,08/2018,Incumbent
47-5081.00,Helpers--Extraction Workers,13710,"Collect and examine geological matter, using hand tools and testing devices.",Supplemental,47.0,08/2018,Incumbent
47-5081.00,Helpers--Extraction Workers,13707,Signal workers to start geological material extraction or boring.,Supplemental,47.0,08/2018,Incumbent
47-5081.00,Helpers--Extraction Workers,13704,"Dismantle extracting and boring equipment used for excavation, using hand tools.",Supplemental,47.0,08/2018,Incumbent
47-5081.00,Helpers--Extraction Workers,13711,Dig trenches.,Supplemental,47.0,08/2018,Incumbent
49-1011.00,"First-Line Supervisors of Mechanics, Installers, and Repairers",2916,"Participate in budget preparation and administration, coordinating purchasing and documentation and monitoring departmental expenditures.",Supplemental,116.0,08/2021,Incumbent
49-1011.00,"First-Line Supervisors of Mechanics, Installers, and Repairers",15264,"Review, evaluate, accept, and coordinate completion of work bid from contractors.",Supplemental,116.0,08/2021,Incumbent
49-1011.00,"First-Line Supervisors of Mechanics, Installers, and Repairers",2926,"Compile operational or personnel records, such as time and production records, inventory data, repair or maintenance statistics, or test results.",Supplemental,116.0,08/2021,Incumbent
49-1011.00,"First-Line Supervisors of Mechanics, Installers, and Repairers",2931,Develop or implement electronic maintenance programs or computer information management systems.,Supplemental,118.0,08/2021,Incumbent
49-1011.00,"First-Line Supervisors of Mechanics, Installers, and Repairers",2932,Design equipment configurations to meet personnel needs.,Supplemental,118.0,08/2021,Incumbent
49-2011.00,"Computer, Automated Teller, and Office Machine Repairers",11647,Calibrate testing instruments.,Supplemental,68.0,07/2015,Incumbent
49-2021.00,"Radio, Cellular, and Tower Equipment Installers and Repairers",19411,"Climb towers to access components, using safety equipment, such as full-body harnesses.",Supplemental,60.0,08/2022,Incumbent
49-2021.00,"Radio, Cellular, and Tower Equipment Installers and Repairers",19400,"Climb communication towers to install, replace, or repair antennas or auxiliary equipment used to transmit and receive radio waves.",Supplemental,62.0,08/2022,Incumbent
49-2021.00,"Radio, Cellular, and Tower Equipment Installers and Repairers",19405,"Lift equipment into position, using cranes and rigging tools or equipment, such as gin poles.",Supplemental,59.0,08/2022,Incumbent
49-2021.00,"Radio, Cellular, and Tower Equipment Installers and Repairers",19406,"Perform maintenance or repair work on existing tower equipment, using hand or power tools.",Supplemental,61.0,08/2022,Incumbent
49-2021.00,"Radio, Cellular, and Tower Equipment Installers and Repairers",19413,"Locate tower sites where work is to be performed, using mapping software.",Supplemental,59.0,08/2022,Incumbent
49-2021.00,"Radio, Cellular, and Tower Equipment Installers and Repairers",19403,"Install or repair tower lighting components, including strobes, beacons, or lighting controllers.",Supplemental,61.0,08/2022,Incumbent
49-2022.00,"Telecommunications Equipment Installers and Repairers, Except Line Installers",11651,Drive crew trucks to and from work areas.,Supplemental,63.0,07/2017,Incumbent
49-2022.00,"Telecommunications Equipment Installers and Repairers, Except Line Installers",11670,"Route and connect cables and lines to switches, switchboard equipment, and distributing frames, using wire-wrap guns or soldering irons to connect wires to terminals.",Supplemental,62.0,07/2017,Incumbent
49-2022.00,"Telecommunications Equipment Installers and Repairers, Except Line Installers",11667,Designate cables available for use.,Supplemental,63.0,07/2017,Incumbent
49-2022.00,"Telecommunications Equipment Installers and Repairers, Except Line Installers",11673,"Diagnose and correct problems from remote locations, using special switchboards to find the sources of problems.",Supplemental,61.0,07/2017,Incumbent
49-2022.00,"Telecommunications Equipment Installers and Repairers, Except Line Installers",11672,Program computerized switches and switchboards to provide requested features.,Supplemental,61.0,07/2017,Incumbent
49-2022.00,"Telecommunications Equipment Installers and Repairers, Except Line Installers",11676,Enter codes needed to correct electronic switching system programming.,Supplemental,61.0,07/2017,Incumbent
49-2022.00,"Telecommunications Equipment Installers and Repairers, Except Line Installers",11679,Examine telephone transmission facilities to determine requirements for new or additional telephone services.,Supplemental,63.0,07/2017,Incumbent
49-2022.00,"Telecommunications Equipment Installers and Repairers, Except Line Installers",11682,Measure distances from landmarks to identify exact installation sites for equipment.,Supplemental,63.0,07/2017,Incumbent
49-2022.00,"Telecommunications Equipment Installers and Repairers, Except Line Installers",11675,"Install updated software and programs that maintain existing software or provide requested features, such as time-correlated call routing.",Supplemental,62.0,07/2017,Incumbent
49-2022.00,"Telecommunications Equipment Installers and Repairers, Except Line Installers",11681,"Perform routine maintenance on equipment, including adjusting and lubricating components and painting worn or exposed areas.",Supplemental,63.0,07/2017,Incumbent
49-2022.00,"Telecommunications Equipment Installers and Repairers, Except Line Installers",11680,"Determine viability of sites through observation, and discuss site locations and construction requirements with customers.",Supplemental,62.0,07/2017,Incumbent
49-2022.00,"Telecommunications Equipment Installers and Repairers, Except Line Installers",11685,"Install telephone station equipment, such as intercommunication systems, transmitters, receivers, relays, and ringers, and related apparatus, such as coin collectors, telephone booths, and switching-key equipment.",Supplemental,62.0,07/2017,Incumbent
49-2022.00,"Telecommunications Equipment Installers and Repairers, Except Line Installers",11683,"Clean switches and replace contact points, using vacuum hoses, solvents, and hand tools.",Supplemental,62.0,07/2017,Incumbent
49-2022.00,"Telecommunications Equipment Installers and Repairers, Except Line Installers",11686,Provide input into the design and manufacturing of new equipment.,Supplemental,63.0,07/2017,Incumbent
49-2022.00,"Telecommunications Equipment Installers and Repairers, Except Line Installers",11678,"Address special issues or situations, such as illegal or unauthorized use of equipment, or cases of electrical or acoustic shock.",Supplemental,63.0,07/2017,Incumbent
49-2091.00,Avionics Technicians,9945,Operate computer-aided drafting and design applications to design avionics system modifications.,Supplemental,87.0,07/2015,Incumbent
49-2092.00,"Electric Motor, Power Tool, and Related Repairers",11713,"Verify and adjust alignments and dimensions of parts, using gauges and tracing lathes.",Supplemental,67.0,07/2017,Incumbent
49-2092.00,"Electric Motor, Power Tool, and Related Repairers",11720,"Steam-clean polishing and buffing wheels to remove abrasives and bonding materials, and spray, brush, or recoat surfaces as necessary.",Supplemental,66.0,07/2017,Incumbent
49-2092.00,"Electric Motor, Power Tool, and Related Repairers",11710,"Set machinery for proper performance, using computers.",Supplemental,65.0,07/2017,Incumbent
49-2092.00,"Electric Motor, Power Tool, and Related Repairers",11714,"Test equipment for overheating, using speed gauges and thermometers.",Supplemental,66.0,07/2017,Incumbent
49-2092.00,"Electric Motor, Power Tool, and Related Repairers",11704,"Reface, ream, and polish commutators and machine parts to specified tolerances, using machine tools.",Supplemental,67.0,07/2017,Incumbent
49-2092.00,"Electric Motor, Power Tool, and Related Repairers",11691,Maintain stocks of parts.,Supplemental,65.0,07/2017,Incumbent
49-2092.00,"Electric Motor, Power Tool, and Related Repairers",11709,"Cut and form insulation, and insert insulation into armature, rotor, or stator slots.",Supplemental,68.0,07/2017,Incumbent
49-2092.00,"Electric Motor, Power Tool, and Related Repairers",11698,"Assemble electrical parts such as alternators, generators, starting devices, and switches, following schematic drawings and using hand, machine, and power tools.",Supplemental,66.0,07/2017,Incumbent
49-2092.00,"Electric Motor, Power Tool, and Related Repairers",11697,"Solder, wrap, and coat wires to ensure proper insulation.",Supplemental,68.0,07/2017,Incumbent
49-2092.00,"Electric Motor, Power Tool, and Related Repairers",11693,"Rewire electrical systems, and repair or replace electrical accessories.",Supplemental,65.0,07/2017,Incumbent
49-2092.00,"Electric Motor, Power Tool, and Related Repairers",11706,"Clean cells, cell assemblies, glassware, leads, electrical connections, and battery poles, using scrapers, steam, water, emery cloths, power grinders, or acid.",Supplemental,66.0,07/2017,Incumbent
49-2092.00,"Electric Motor, Power Tool, and Related Repairers",11708,"Rewind coils on cores in slots, or make replacement coils, using coil-winding machines.",Supplemental,68.0,07/2017,Incumbent
49-2092.00,"Electric Motor, Power Tool, and Related Repairers",11700,"Remove and replace defective parts such as coil leads, carbon brushes, and wires, using soldering equipment.",Supplemental,67.0,07/2017,Incumbent
49-2092.00,"Electric Motor, Power Tool, and Related Repairers",11726,Hammer out dents and twists in tools and equipment.,Supplemental,66.0,07/2017,Incumbent
49-2092.00,"Electric Motor, Power Tool, and Related Repairers",11725,"Seal joints with putty, mortar, and asbestos, using putty extruders and knives.",Supplemental,64.0,07/2017,Incumbent
49-2092.00,"Electric Motor, Power Tool, and Related Repairers",11722,Repair and operate battery-charging equipment.,Supplemental,66.0,07/2017,Incumbent
49-2092.00,"Electric Motor, Power Tool, and Related Repairers",11724,"Sharpen tools such as saws, picks, shovels, screwdrivers, and scoops, either manually or by using bench grinders and emery wheels.",Supplemental,67.0,07/2017,Incumbent
49-2092.00,"Electric Motor, Power Tool, and Related Repairers",11721,"Test battery charges, and replace or recharge batteries as necessary.",Supplemental,66.0,07/2017,Incumbent
49-2093.00,"Electrical and Electronics Installers and Repairers, Transportation Equipment",11740,Confer with customers to determine the nature of malfunctions.,Supplemental,51.0,08/2019,Incumbent
49-2093.00,"Electrical and Electronics Installers and Repairers, Transportation Equipment",11737,"Install electrical equipment such as air-conditioning, heating, or ignition systems and components such as generator brushes and commutators, using hand tools.",Supplemental,51.0,08/2019,Incumbent
49-2093.00,"Electrical and Electronics Installers and Repairers, Transportation Equipment",11739,"Repair or rebuild equipment such as starters, generators, distributors, or door controls, using electrician's tools.",Supplemental,51.0,08/2019,Incumbent
49-2093.00,"Electrical and Electronics Installers and Repairers, Transportation Equipment",11741,Estimate costs of repairs based on parts and labor requirements.,Supplemental,51.0,08/2019,Incumbent
49-2093.00,"Electrical and Electronics Installers and Repairers, Transportation Equipment",11736,"Measure, cut, and install frameworks and conduit to support and connect wiring, control panels, and junction boxes, using hand tools.",Supplemental,51.0,08/2019,Incumbent
49-2094.00,"Electrical and Electronics Repairers, Commercial and Industrial Equipment",900,Sign overhaul documents for equipment replaced or repaired.,Supplemental,60.0,08/2021,Incumbent
49-2095.00,"Electrical and Electronics Repairers, Powerhouse, Substation, and Relay",11742,"Construct, test, maintain, and repair substation relay and control systems.",Supplemental,78.0,07/2017,Incumbent
49-2095.00,"Electrical and Electronics Repairers, Powerhouse, Substation, and Relay",11749,"Test insulators and bushings of equipment by inducing voltage across insulation, testing current, and calculating insulation loss.",Supplemental,79.0,07/2017,Incumbent
49-2095.00,"Electrical and Electronics Repairers, Powerhouse, Substation, and Relay",11752,Schedule and supervise the construction and testing of special devices and the implementation of unique monitoring or control systems.,Supplemental,79.0,07/2017,Incumbent
49-2095.00,"Electrical and Electronics Repairers, Powerhouse, Substation, and Relay",11754,Schedule and supervise splicing or termination of cables in color-code order.,Supplemental,79.0,07/2017,Incumbent
49-2095.00,"Electrical and Electronics Repairers, Powerhouse, Substation, and Relay",11755,"Test oil in circuit breakers and transformers for dielectric strength, refilling oil periodically.",Supplemental,78.0,07/2017,Incumbent
49-2095.00,"Electrical and Electronics Repairers, Powerhouse, Substation, and Relay",11751,"Disconnect voltage regulators, bolts, and screws, and connect replacement regulators to high-voltage lines.",Supplemental,79.0,07/2017,Incumbent
49-2097.00,Audiovisual Equipment Installers and Repairers,13743,Compute cost estimates for labor and materials.,Supplemental,56.0,08/2023,Incumbent
49-2098.00,Security and Fire Alarm Systems Installers,11772,"Prepare documents, such as invoices or warranties.",Supplemental,68.0,07/2015,Incumbent
49-2098.00,Security and Fire Alarm Systems Installers,11771,Provide customers with cost estimates for equipment installation.,Supplemental,67.0,07/2015,Incumbent
49-3011.00,Aircraft Mechanics and Service Technicians,9979,Determine repair limits for engine hot section parts.,Supplemental,78.0,08/2025,Incumbent
49-3011.00,Aircraft Mechanics and Service Technicians,9978,"Disassemble engines and inspect parts, such as turbine blades or cylinders, for corrosion, wear, warping, cracks, and leaks, using precision measuring instruments, x-rays, and magnetic inspection equipment.",Supplemental,78.0,08/2025,Incumbent
49-3011.00,Aircraft Mechanics and Service Technicians,9983,"Remove, inspect, repair, and install in-flight refueling stores and external fuel tanks.",Supplemental,79.0,08/2025,Incumbent
49-3011.00,Aircraft Mechanics and Service Technicians,9973,"Trim and shape replacement body sections to specified sizes and fits and secure sections in place, using adhesives, hand tools, and power tools.",Supplemental,78.0,08/2025,Incumbent
49-3011.00,Aircraft Mechanics and Service Technicians,9980,"Cure bonded structures, using portable or stationary curing equipment.",Supplemental,79.0,08/2025,Incumbent
49-3011.00,Aircraft Mechanics and Service Technicians,9975,Prepare and paint aircraft surfaces.,Supplemental,79.0,08/2025,Incumbent
49-3021.00,Automotive Body and Related Repairers,2955,Read specifications or confer with customers to determine the desired custom modifications for altering the appearance of vehicles.,Supplemental,46.0,08/2019,Incumbent
49-3021.00,Automotive Body and Related Repairers,2953,"Cut openings in vehicle bodies for the installation of customized windows, using templates and power shears or chisels.",Supplemental,47.0,08/2019,Incumbent
49-3021.00,Automotive Body and Related Repairers,2957,"Measure and mark vinyl material and cut material to size for roof installation, using rules, straightedges, and hand shears.",Supplemental,46.0,08/2019,Incumbent
49-3022.00,Automotive Glass Installers and Repairers,8331,Hold cut or uneven edges of glass against automated abrasive belts to shape or smooth edges.,Supplemental,48.0,07/2014,Incumbent
49-3022.00,Automotive Glass Installers and Repairers,8332,Cut flat safety glass according to specified patterns or perform precision pattern making and glass cutting to custom fit replacement windows.,Supplemental,50.0,07/2014,Incumbent
49-3023.00,Automotive Service Technicians and Mechanics,23548,"Conduct visual inspections of compressed natural gas fuel systems to identify cracks, gouges, abrasions, discoloration, broken fibers, loose brackets, damaged gaskets, or other problems.",Supplemental,36.0,08/2022,Incumbent
49-3023.00,Automotive Service Technicians and Mechanics,23547,"Rebuild parts, such as crankshafts and cylinder blocks.",Supplemental,82.0,08/2022,Incumbent
49-3023.00,Automotive Service Technicians and Mechanics,23549,"Diagnose and replace or repair engine management systems or related sensors for flexible fuel vehicles (FFVs) with ignition timing, fuel rate, alcohol concentration, or air-to-fuel ratio malfunctions.",Supplemental,36.0,08/2022,Incumbent
49-3031.00,Bus and Truck Mechanics and Diesel Engine Specialists,19889,Measure vehicle emissions to determine whether they are within acceptable limits.,Supplemental,79.0,08/2022,Incumbent
49-3031.00,Bus and Truck Mechanics and Diesel Engine Specialists,19887,Follow green operational practices involving conservation of water or energy or reduction of solid waste.,Supplemental,79.0,08/2022,Incumbent
49-3031.00,Bus and Truck Mechanics and Diesel Engine Specialists,2999,Operate valve-grinding machines to grind and reset valves.,Supplemental,79.0,08/2022,Incumbent
49-3041.00,Farm Equipment Mechanics and Service Technicians,13759,"Calculate bills according to record of repairs made, labor time, and parts used.",Supplemental,89.0,08/2025,Incumbent
49-3041.00,Farm Equipment Mechanics and Service Technicians,13760,"Install and repair agricultural irrigation, plumbing, and sprinkler systems.",Supplemental,90.0,08/2025,Incumbent
49-3043.00,Rail Car Repairers,9993,Repair and maintain electrical and electronic controls for propulsion and braking systems.,Supplemental,73.0,08/2019,Incumbent
49-3043.00,Rail Car Repairers,9994,"Disassemble units such as water pumps, control valves, and compressors so that repairs can be made.",Supplemental,73.0,08/2019,Incumbent
49-3043.00,Rail Car Repairers,9995,"Measure diameters of axle wheel seats, using micrometers, and mark dimensions on axles so that wheels can be bored to specified dimensions.",Supplemental,72.0,08/2019,Incumbent
49-3043.00,Rail Car Repairers,9998,Test electrical systems of cars by operating systems and using testing equipment such as ammeters.,Supplemental,73.0,08/2019,Incumbent
49-3043.00,Rail Car Repairers,9997,"Replace defective wiring and insulation, and tighten electrical connections, using hand tools.",Supplemental,72.0,08/2019,Incumbent
49-3043.00,Rail Car Repairers,9999,"Install and repair interior flooring, fixtures, walls, plumbing, steps, and platforms.",Supplemental,73.0,08/2019,Incumbent
49-3043.00,Rail Car Repairers,10003,"Repair window sash frames, attach weather stripping and channels to frames, and replace window glass, using hand tools.",Supplemental,73.0,08/2019,Incumbent
49-3043.00,Rail Car Repairers,9996,"Align car sides for installation of car ends and crossties, using width gauges, turnbuckles, and wrenches.",Supplemental,73.0,08/2019,Incumbent
49-3043.00,Rail Car Repairers,10002,Repair car upholstery.,Supplemental,72.0,08/2019,Incumbent
49-3052.00,Motorcycle Mechanics,20653,Hammer out dents and bends in frames and weld tears and breaks.,Supplemental,51.0,08/2021,Incumbent
49-3091.00,Bicycle Repairers,5190,"Repair holes in tire tubes, using scrapers and patches.",Supplemental,48.0,07/2016,Incumbent
49-3092.00,Recreational Vehicle Service Technicians,10017,"Seal open sides of modular units to prepare them for shipment, using polyethylene sheets, nails, and hammers.",Supplemental,55.0,08/2025,Incumbent
49-3093.00,Tire Repairers and Changers,8382,"Prepare rims and wheel drums for reassembly by scraping, grinding, or sandblasting.",Supplemental,80.0,07/2014,Incumbent
49-3093.00,Tire Repairers and Changers,8380,Apply rubber cement to buffed tire casings prior to vulcanization process.,Supplemental,80.0,07/2014,Incumbent
49-3093.00,Tire Repairers and Changers,8377,"Patch tubes with adhesive rubber patches or seal rubber patches to tubes, using hot vulcanizing plates.",Supplemental,80.0,07/2014,Incumbent
49-3093.00,Tire Repairers and Changers,8381,Drive automobile or service trucks to industrial sites to provide services or respond to emergency calls.,Supplemental,80.0,07/2014,Incumbent
49-9011.00,Mechanical Door Repairers,8404,"Order replacement springs, sections, or slats.",Supplemental,110.0,07/2015,Incumbent
49-9011.00,Mechanical Door Repairers,8407,"Lubricate door closer oil chambers, and pack spindles with leather washers.",Supplemental,110.0,07/2015,Incumbent
49-9011.00,Mechanical Door Repairers,8406,"Set in and secure floor treadles for door-activating mechanisms, and connect power packs and electrical panelboards to treadles.",Supplemental,107.0,07/2015,Incumbent
49-9011.00,Mechanical Door Repairers,8411,"Cover treadles with carpeting or other floor covering materials, and test systems by operating treadles.",Supplemental,109.0,07/2015,Incumbent
49-9011.00,Mechanical Door Repairers,8405,"Bore or cut holes in flooring as required for installation, using hand or power tools.",Supplemental,112.0,07/2015,Incumbent
49-9011.00,Mechanical Door Repairers,8410,"Clean door closer parts, using caustic soda, rotary brushes, or grinding wheels.",Supplemental,111.0,07/2015,Incumbent
49-9012.00,"Control and Valve Installers and Repairers, Except Mechanical Door",21024,"Calibrate instrumentation, such as meters, gauges, and regulators, for pressure, temperature, flow, and level.",Supplemental,92.0,07/2017,Incumbent
49-9012.00,"Control and Valve Installers and Repairers, Except Mechanical Door",11794,"Install, inspect and test electric meters, relays, and power sources to detect causes of malfunctions and inaccuracies, using hand tools and testing equipment.",Supplemental,92.0,07/2017,Incumbent
49-9012.00,"Control and Valve Installers and Repairers, Except Mechanical Door",11783,"Test valves and regulators for leaks and accurate temperature and pressure settings, using precision testing equipment.",Supplemental,94.0,07/2017,Incumbent
49-9012.00,"Control and Valve Installers and Repairers, Except Mechanical Door",11777,"Record meter readings and installation data on meter cards, work orders, or field service orders, or enter data into hand-held computers.",Supplemental,93.0,07/2017,Incumbent
49-9012.00,"Control and Valve Installers and Repairers, Except Mechanical Door",11774,Turn meters on or off to establish or close service.,Supplemental,92.0,07/2017,Incumbent
49-9012.00,"Control and Valve Installers and Repairers, Except Mechanical Door",11785,"Shut off service and notify repair crews when major repairs are required, such as the replacement of underground pipes or wiring.",Supplemental,92.0,07/2017,Incumbent
49-9012.00,"Control and Valve Installers and Repairers, Except Mechanical Door",11784,"Install regulators and related equipment such as gas meters, odorization units, and gas pressure telemetering equipment.",Supplemental,92.0,07/2017,Incumbent
49-9012.00,"Control and Valve Installers and Repairers, Except Mechanical Door",11804,"Cut seats to receive new orifices, tap inspection ports, and perform other repairs to salvage usable materials, using hand tools and machine tools.",Supplemental,93.0,07/2017,Incumbent
49-9012.00,"Control and Valve Installers and Repairers, Except Mechanical Door",11775,Turn valves to allow measured amounts of air or gas to pass through meters at specified flow rates.,Supplemental,92.0,07/2017,Incumbent
49-9012.00,"Control and Valve Installers and Repairers, Except Mechanical Door",11776,Report hazardous field situations and damaged or missing meters.,Supplemental,93.0,07/2017,Incumbent
49-9012.00,"Control and Valve Installers and Repairers, Except Mechanical Door",11797,Vary air pressure flowing into regulators and turn handles to assess functioning of valves and pistons.,Supplemental,92.0,07/2017,Incumbent
49-9012.00,"Control and Valve Installers and Repairers, Except Mechanical Door",11786,"Examine valves or mechanical control device parts for defects, dents, or loose attachments, and mark malfunctioning areas of defective units.",Supplemental,94.0,07/2017,Incumbent
49-9012.00,"Control and Valve Installers and Repairers, Except Mechanical Door",11796,"Mount and install meters and other electric equipment such as time clocks, transformers, and circuit breakers, using electricians' hand tools.",Supplemental,92.0,07/2017,Incumbent
49-9012.00,"Control and Valve Installers and Repairers, Except Mechanical Door",11778,"Connect regulators to test stands, and turn screw adjustments until gauges indicate that inlet and outlet pressures meet specifications.",Supplemental,93.0,07/2017,Incumbent
49-9012.00,"Control and Valve Installers and Repairers, Except Mechanical Door",11793,Investigate instances of illegal tapping into service lines.,Supplemental,92.0,07/2017,Incumbent
49-9012.00,"Control and Valve Installers and Repairers, Except Mechanical Door",11795,Trace and tag meters or house lines.,Supplemental,91.0,07/2017,Incumbent
49-9012.00,"Control and Valve Installers and Repairers, Except Mechanical Door",11802,"Repair electric meters and components, such as transformers and relays, and replace metering devices, dial glasses, and faulty or incorrect wiring, using hand tools.",Supplemental,92.0,07/2017,Incumbent
49-9012.00,"Control and Valve Installers and Repairers, Except Mechanical Door",11792,"Replace defective parts, such as bellows, range springs, and toggle switches, and reassemble units according to blueprints, using cam presses and hand tools.",Supplemental,94.0,07/2017,Incumbent
49-9012.00,"Control and Valve Installers and Repairers, Except Mechanical Door",11799,"Measure tolerances of assembled and salvageable parts for conformance to standards or specifications, using gauges, micrometers, and calipers.",Supplemental,93.0,07/2017,Incumbent
49-9012.00,"Control and Valve Installers and Repairers, Except Mechanical Door",11801,"Clean internal compartments and moving parts, using rags and cleaning compounds.",Supplemental,93.0,07/2017,Incumbent
49-9012.00,"Control and Valve Installers and Repairers, Except Mechanical Door",11788,"Dismantle meters, and replace or adjust defective parts such as cases, shafts, gears, disks, and recording mechanisms, using soldering irons and hand tools.",Supplemental,93.0,07/2017,Incumbent
49-9012.00,"Control and Valve Installers and Repairers, Except Mechanical Door",11781,"Disconnect or remove defective or unauthorized meters, using hand tools.",Supplemental,92.0,07/2017,Incumbent
49-9012.00,"Control and Valve Installers and Repairers, Except Mechanical Door",11787,"Attach air hoses to meter inlets, plug outlets, and observe gauges for pressure losses to test internal seams for leaks.",Supplemental,93.0,07/2017,Incumbent
49-9012.00,"Control and Valve Installers and Repairers, Except Mechanical Door",11791,"Make adjustments to meter components, such as setscrews or timing mechanisms, so that they conform to specifications.",Supplemental,92.0,07/2017,Incumbent
49-9012.00,"Control and Valve Installers and Repairers, Except Mechanical Door",11800,"Repair leaks in valve seats or bellows of automotive heater thermostats, using soft solder, flux, and acetylene torches.",Supplemental,93.0,07/2017,Incumbent
49-9012.00,"Control and Valve Installers and Repairers, Except Mechanical Door",11810,"Splice and connect cables from meters or current transformers to pull boxes or switchboards, using hand tools.",Supplemental,92.0,07/2017,Incumbent
49-9012.00,"Control and Valve Installers and Repairers, Except Mechanical Door",11789,Advise customers on proper installation of valves or regulators and related equipment.,Supplemental,93.0,07/2017,Incumbent
49-9012.00,"Control and Valve Installers and Repairers, Except Mechanical Door",11811,"Clean plant growth, scale, paint, soil, or rust from meter housings, using wire brushes, scrapers, buffers, sandblasters, or cleaning compounds.",Supplemental,93.0,07/2017,Incumbent
49-9012.00,"Control and Valve Installers and Repairers, Except Mechanical Door",11790,"Connect hoses from provers to meter inlets and outlets, and raise prover bells until prover gauges register zero.",Supplemental,92.0,07/2017,Incumbent
49-9021.00,"Heating, Air Conditioning, and Refrigeration Mechanics and Installers",23573,"Install or repair air purification systems, such as specialized filters or ultraviolet (UV) light purification systems.",Supplemental,53.0,08/2022,Incumbent
49-9031.00,Home Appliance Repairers,13805,"Conserve, recover, and recycle refrigerants used in cooling systems.",Supplemental,63.0,08/2018,Incumbent
49-9031.00,Home Appliance Repairers,13809,Install gas pipes and water lines to connect appliances to existing gas lines or plumbing.,Supplemental,65.0,08/2018,Incumbent
49-9031.00,Home Appliance Repairers,13816,"Take measurements to determine if appliances will fit in installation locations, performing minor carpentry work when necessary to ensure proper installation.",Supplemental,64.0,08/2018,Incumbent
49-9031.00,Home Appliance Repairers,13815,"Measure, cut, and thread pipe, and connect it to feeder lines and equipment or appliances, using rules and hand tools.",Supplemental,63.0,08/2018,Incumbent
49-9031.00,Home Appliance Repairers,13803,Assemble new or reconditioned appliances.,Supplemental,64.0,08/2018,Incumbent
49-9041.00,Industrial Machinery Mechanics,23935,Assign schedules to work crews.,Supplemental,65.0,08/2021,Incumbent
49-9043.00,"Maintenance Workers, Machinery",11844,"Measure, mix, prepare, and test chemical solutions used to clean or repair machinery and equipment.",Supplemental,59.0,08/2024,Incumbent
49-9044.00,Millwrights,3059,"Install robot and modify its program, using teach pendant.",Supplemental,22.0,08/2024,Occupational Expert
49-9045.00,"Refractory Materials Repairers, Except Brickmasons",13822,"Measure furnace walls to determine dimensions and cut required number of sheets from plastic block, using saws.",Supplemental,90.0,06/2007,Incumbent
49-9045.00,"Refractory Materials Repairers, Except Brickmasons",13824,"Dry and bake new linings by placing inverted linings over burners, building fires in ladles, or by using blowtorches.",Supplemental,89.0,06/2007,Incumbent
49-9045.00,"Refractory Materials Repairers, Except Brickmasons",13825,"Remove worn or damaged plastic block refractory linings of furnaces, using hand tools.",Supplemental,91.0,06/2007,Incumbent
49-9045.00,"Refractory Materials Repairers, Except Brickmasons",13827,"Climb scaffolding, carrying hoses, and spray surfaces of cupolas with refractory mixtures, using spray equipment.",Supplemental,91.0,06/2007,Incumbent
49-9045.00,"Refractory Materials Repairers, Except Brickmasons",13829,"Spread mortar on stopper heads and rods, using trowels, and slide brick sleeves over rods to form refractory jackets.",Supplemental,88.0,06/2007,Incumbent
49-9045.00,"Refractory Materials Repairers, Except Brickmasons",13830,"Dump and tamp clay in molds, using tamping tools.",Supplemental,88.0,06/2007,Incumbent
49-9045.00,"Refractory Materials Repairers, Except Brickmasons",13832,"Transfer clay structures to curing ovens, melting tanks, and drawing kilns, using forklifts.",Supplemental,87.0,06/2007,Incumbent
49-9051.00,Electrical Power-Line Installers and Repairers,8431,"Clean, tin, and splice corresponding conductors by twisting ends together or by joining ends with metal clamps and soldering connections.",Supplemental,69.0,08/2021,Incumbent
49-9052.00,Telecommunications Line Installers and Repairers,11858,"Explain cable service to subscribers after installation, and collect any installation fees due.",Supplemental,93.0,07/2015,Incumbent
49-9052.00,Telecommunications Line Installers and Repairers,11851,"Place insulation over conductors, or seal splices with moisture-proof covering.",Supplemental,94.0,07/2015,Incumbent
49-9052.00,Telecommunications Line Installers and Repairers,11859,Compute impedance of wires from poles to houses to determine additional resistance needed for reducing signals to desired levels.,Supplemental,94.0,07/2015,Incumbent
49-9052.00,Telecommunications Line Installers and Repairers,11854,Install equipment such as amplifiers or repeaters to maintain the strength of communications transmissions.,Supplemental,94.0,07/2015,Incumbent
49-9052.00,Telecommunications Line Installers and Repairers,11860,"Use a variety of construction equipment to complete installations, such as digger derricks, trenchers, or cable plows.",Supplemental,93.0,07/2015,Incumbent
49-9052.00,Telecommunications Line Installers and Repairers,11863,"Fill and tamp holes, using cement, earth, and tamping devices.",Supplemental,93.0,07/2015,Incumbent
49-9052.00,Telecommunications Line Installers and Repairers,11862,"Dig holes for power poles, using power augers or shovels, set poles in place with cranes, and hoist poles upright, using winches.",Supplemental,94.0,07/2015,Incumbent
49-9061.00,Camera and Photographic Equipment Repairers,20808,"Install electrical assemblies and wiring in aircraft camera housings and memory cards or film in cameras, following blueprints and using hand tools and soldering equipment.",Supplemental,50.0,07/2015,Incumbent
49-9061.00,Camera and Photographic Equipment Repairers,8445,"Assemble aircraft cameras, still or motion picture cameras, photographic equipment, or frames, using diagrams, blueprints, bench machines, hand tools, or power tools.",Supplemental,49.0,07/2015,Incumbent
49-9061.00,Camera and Photographic Equipment Repairers,8447,Record test data and document fabrication techniques on reports.,Supplemental,49.0,07/2015,Incumbent
49-9061.00,Camera and Photographic Equipment Repairers,8448,"Lay out reference points and dimensions on parts or metal stock to be machined, using precision measuring instruments.",Supplemental,49.0,07/2015,Incumbent
49-9061.00,Camera and Photographic Equipment Repairers,8449,"Recommend design changes or upgrades of microfilming, film-developing, or photographic equipment.",Supplemental,49.0,07/2015,Incumbent
49-9062.00,Medical Equipment Repairers,3074,Contribute expertise to develop medical maintenance standard operating procedures.,Supplemental,73.0,08/2023,Incumbent
49-9062.00,Medical Equipment Repairers,3079,"Fabricate, dress down, or substitute parts or major new items to modify equipment to meet unique operational or research needs, working from job orders, sketches, modification orders, samples, or discussions with operating officials.",Supplemental,71.0,08/2023,Incumbent
49-9062.00,Medical Equipment Repairers,3076,Supervise or advise subordinate personnel.,Supplemental,72.0,08/2023,Incumbent
49-9062.00,Medical Equipment Repairers,3078,"Make computations relating to load requirements of wiring or equipment, using algebraic expressions and standard formulas.",Supplemental,72.0,08/2023,Incumbent
49-9063.00,Musical Instrument Repairers and Tuners,11878,Align pads and keys on reed or wind instruments.,Supplemental,22.0,08/2025,Occupational Expert
49-9063.00,Musical Instrument Repairers and Tuners,11880,Solder posts and parts to hold them in their proper places.,Supplemental,22.0,08/2025,Occupational Expert
49-9063.00,Musical Instrument Repairers and Tuners,11881,"Remove dents and burrs from metal instruments, using mallets and burnishing tools.",Supplemental,22.0,08/2025,Occupational Expert
49-9063.00,Musical Instrument Repairers and Tuners,11879,"Adjust felt hammers on pianos to increase tonal mellowness or brilliance, using sanding paddles, lacquer, or needles.",Supplemental,22.0,08/2025,Occupational Expert
49-9063.00,Musical Instrument Repairers and Tuners,11891,"Remove irregularities from tuning pins, strings, and hammers of pianos, using wood blocks or filing tools.",Supplemental,22.0,08/2025,Occupational Expert
49-9063.00,Musical Instrument Repairers and Tuners,11896,"Strike wood, fiberglass, or metal bars of instruments, and use tuned blocks, stroboscopes, or electronic tuners to evaluate tones made by instruments.",Supplemental,22.0,08/2025,Occupational Expert
49-9063.00,Musical Instrument Repairers and Tuners,11876,"Make wood replacement parts, using woodworking machines and hand tools.",Supplemental,22.0,08/2025,Occupational Expert
49-9063.00,Musical Instrument Repairers and Tuners,11884,"Refinish instruments to protect and decorate them, using hand tools, buffing tools, and varnish.",Supplemental,22.0,08/2025,Occupational Expert
49-9063.00,Musical Instrument Repairers and Tuners,11898,Assemble and install new pipe organs and pianos in buildings.,Supplemental,21.0,08/2025,Occupational Expert
49-9063.00,Musical Instrument Repairers and Tuners,11885,Deliver pianos to purchasers or to locations of their use.,Supplemental,22.0,08/2025,Occupational Expert
49-9063.00,Musical Instrument Repairers and Tuners,11882,Wash metal instruments in lacquer-stripping and cyanide solutions to remove lacquer and tarnish.,Supplemental,22.0,08/2025,Occupational Expert
49-9063.00,Musical Instrument Repairers and Tuners,11887,Refinish and polish piano cabinets or cases to prepare them for sale.,Supplemental,22.0,08/2025,Occupational Expert
49-9071.00,"Maintenance and Repair Workers, General",19899,"Perform routine maintenance on boilers, such as replacing burners or hoses, installing replacement parts, or reinforcing structural weaknesses to ensure optimal boiler efficiency.",Supplemental,165.0,08/2021,Incumbent
49-9071.00,"Maintenance and Repair Workers, General",20677,"Provide groundskeeping services, such as landscaping or snow removal.",Supplemental,165.0,08/2021,Incumbent
49-9071.00,"Maintenance and Repair Workers, General",3032,Operate cutting torches or welding equipment to cut or join metal parts.,Supplemental,165.0,08/2021,Incumbent
49-9071.00,"Maintenance and Repair Workers, General",3034,"Inspect used parts to determine changes in dimensional requirements, using rules, calipers, micrometers, or other measuring instruments.",Supplemental,164.0,08/2021,Incumbent
49-9071.00,"Maintenance and Repair Workers, General",19897,"Assemble boilers at installation sites, using tools such as levels, plumb bobs, hammers, torches, or other hand tools.",Supplemental,166.0,08/2021,Incumbent
49-9071.00,"Maintenance and Repair Workers, General",19900,"Position, attach, or blow insulating materials to prevent energy losses from buildings, pipes, or other structures or objects.",Supplemental,165.0,08/2021,Incumbent
49-9081.00,Wind Turbine Service Technicians,17805,Inspect or repair fiberglass turbine blades.,Supplemental,97.0,08/2021,Incumbent
49-9081.00,Wind Turbine Service Technicians,17813,Assist in assembly of individual wind generators or construction of wind farms.,Supplemental,96.0,08/2021,Incumbent
49-9091.00,"Coin, Vending, and Amusement Machine Servicers and Repairers",13836,Keep records of merchandise distributed and money collected.,Supplemental,68.0,07/2017,Incumbent
49-9091.00,"Coin, Vending, and Amusement Machine Servicers and Repairers",13837,"Collect coins and bills from machines, prepare invoices, and settle accounts with concessionaires.",Supplemental,67.0,07/2017,Incumbent
49-9091.00,"Coin, Vending, and Amusement Machine Servicers and Repairers",13838,Make service calls to maintain and repair machines.,Supplemental,68.0,07/2017,Incumbent
49-9091.00,"Coin, Vending, and Amusement Machine Servicers and Repairers",13844,Adjust machine pressure gauges and thermostats.,Supplemental,68.0,07/2017,Incumbent
49-9091.00,"Coin, Vending, and Amusement Machine Servicers and Repairers",13849,"Disassemble and assemble machines, according to specifications and using hand and power tools.",Supplemental,68.0,07/2017,Incumbent
49-9091.00,"Coin, Vending, and Amusement Machine Servicers and Repairers",13841,Contact other repair personnel or make arrangements for the removal of machines in cases where major repairs are required.,Supplemental,68.0,07/2017,Incumbent
49-9091.00,"Coin, Vending, and Amusement Machine Servicers and Repairers",13852,Transport machines to installation sites.,Supplemental,68.0,07/2017,Incumbent
49-9091.00,"Coin, Vending, and Amusement Machine Servicers and Repairers",13851,Refer to manuals and wiring diagrams to gather information needed to repair machines.,Supplemental,68.0,07/2017,Incumbent
49-9091.00,"Coin, Vending, and Amusement Machine Servicers and Repairers",13850,"Install machines, making the necessary water and electrical connections in compliance with codes.",Supplemental,67.0,07/2017,Incumbent
49-9092.00,Commercial Divers,13875,"Perform offshore oil or gas exploration or extraction duties, such as conducting underwater surveys or repairing and maintaining drilling rigs or platforms.",Supplemental,63.0,07/2015,Incumbent
49-9092.00,Commercial Divers,13873,Drill holes in rock and rig explosives for underwater demolitions.,Supplemental,64.0,07/2015,Incumbent
49-9092.00,Commercial Divers,13874,Remove rubbish or pollution from the sea.,Supplemental,64.0,07/2015,Incumbent
49-9094.00,Locksmiths and Safe Repairers,7132,"Remove interior and exterior finishes on safes and vaults, and spray on new finishes.",Supplemental,26.0,08/2025,Occupational Expert
49-9095.00,Manufactured Building and Mobile Home Installers,13890,Connect electrical systems to outside power sources and activate switches to test the operation of appliances and light fixtures.,Supplemental,62.0,06/2007,Incumbent
49-9095.00,Manufactured Building and Mobile Home Installers,13891,"Refinish wood surfaces on cabinets, doors, moldings, and floors, using power sanders, putty, spray equipment, brushes, paints, or varnishes.",Supplemental,61.0,06/2007,Incumbent
49-9096.00,Riggers,13903,"Install ground rigging for yarding lines, attaching chokers to logs and to the lines.",Supplemental,59.0,08/2020,Incumbent
49-9098.00,"Helpers--Installation, Maintenance, and Repair Workers",3088,"Assemble and maintain physical structures, using hand or power tools.",Supplemental,85.0,08/2020,Incumbent
49-9098.00,"Helpers--Installation, Maintenance, and Repair Workers",3092,Prepare work stations for use by mechanics and repairers.,Supplemental,87.0,08/2020,Incumbent
49-9099.01,Geothermal Technicians,17935,Adjust power production systems to meet load and distribution demands.,Supplemental,64.0,08/2020,Incumbent
49-9099.01,Geothermal Technicians,17944,"Maintain electrical switchgear, process controls, transmitters, gauges, and control equipment in accordance with geothermal plant procedures.",Supplemental,64.0,08/2020,Incumbent
49-9099.01,Geothermal Technicians,17937,Calculate heat loss and heat gain factors for residential properties to determine heating and cooling required by installed geothermal systems.,Supplemental,63.0,08/2020,Incumbent
49-9099.01,Geothermal Technicians,17945,"Maintain, calibrate, or repair plant instrumentation, control, and electronic devices in geothermal plants.",Supplemental,63.0,08/2020,Incumbent
49-9099.01,Geothermal Technicians,17952,Install and maintain geothermal plant electrical protection equipment.,Supplemental,64.0,08/2020,Incumbent
49-9099.01,Geothermal Technicians,17938,"Design and lay out geothermal heat systems according to property characteristics, heating and cooling requirements, piping and equipment requirements, applicable regulations, or other factors.",Supplemental,64.0,08/2020,Incumbent
49-9099.01,Geothermal Technicians,17943,Install and maintain geothermal system instrumentation or controls.,Supplemental,64.0,08/2020,Incumbent
49-9099.01,Geothermal Technicians,17941,"Prepare newly installed geothermal heat systems for operation by flushing, purging, or other actions.",Supplemental,64.0,08/2020,Incumbent
49-9099.01,Geothermal Technicians,17957,"Weld piping, such as high density polyethylene (HDPE) piping, using techniques such as butt, socket, side-wall, and electro-fusion welding.",Supplemental,64.0,08/2020,Incumbent
49-9099.01,Geothermal Technicians,17956,"Test water sources for factors, such as flow volume and contaminant presence.",Supplemental,64.0,08/2020,Incumbent
49-9099.01,Geothermal Technicians,17933,"Install, maintain, or repair ground or water source-coupled heat pumps to heat and cool residential or commercial building air or water.",Supplemental,64.0,08/2020,Incumbent
49-9099.01,Geothermal Technicians,17953,Integrate hot water heater systems with geothermal heat exchange systems.,Supplemental,64.0,08/2020,Incumbent
49-9099.01,Geothermal Technicians,17939,Determine the type of geothermal loop system most suitable to a specific property and its heating and cooling needs.,Supplemental,64.0,08/2020,Incumbent
49-9099.01,Geothermal Technicians,17940,Dig trenches for system piping to appropriate depths and lay piping in trenches.,Supplemental,63.0,08/2020,Incumbent
49-9099.01,Geothermal Technicians,17949,Apply coatings or operate systems to mitigate corrosion of geothermal plant equipment or structures.,Supplemental,64.0,08/2020,Incumbent
49-9099.01,Geothermal Technicians,17936,Backfill piping trenches to protect pipes from damage.,Supplemental,64.0,08/2020,Incumbent
49-9099.01,Geothermal Technicians,17954,"Operate equipment, such as excavators, backhoes, rock hammers, trench compactors, pavement saws, grout mixers or pumps, geothermal loop reels, and coil tubing units (CTU).",Supplemental,64.0,08/2020,Incumbent
51-2011.00,"Aircraft Structure, Surfaces, Rigging, and Systems Assemblers",13932,"Set, align, adjust, or synchronize aircraft armament or rigging or control system components to established tolerances or requirements, using sighting devices and hand tools.",Supplemental,98.0,07/2015,Incumbent
51-2011.00,"Aircraft Structure, Surfaces, Rigging, and Systems Assemblers",13925,"Join structural assemblies, such as wings, tails, or fuselage.",Supplemental,99.0,07/2015,Incumbent
51-2011.00,"Aircraft Structure, Surfaces, Rigging, and Systems Assemblers",13921,"Position and align subassemblies in jigs or fixtures, using measuring instruments and following blueprint lines and index points.",Supplemental,93.0,07/2015,Incumbent
51-2011.00,"Aircraft Structure, Surfaces, Rigging, and Systems Assemblers",19901,Assemble prototypes or integrated-technology demonstrators of new or emerging environmental technologies for aircraft.,Supplemental,97.0,07/2015,Incumbent
51-2011.00,"Aircraft Structure, Surfaces, Rigging, and Systems Assemblers",20814,Manually install structural assemblies or signal crane operators to position assemblies for joining.,Supplemental,97.0,07/2015,Incumbent
51-2011.00,"Aircraft Structure, Surfaces, Rigging, and Systems Assemblers",13924,"Align, fit, assemble, connect, or install system components, using jigs, fixtures, measuring instruments, hand tools, or power tools.",Supplemental,96.0,07/2015,Incumbent
51-2011.00,"Aircraft Structure, Surfaces, Rigging, and Systems Assemblers",13935,"Set up or operate machines or systems to crimp, cut, bend, form, swage, flare, bead, burr, or straighten tubing, according to specifications.",Supplemental,95.0,07/2015,Incumbent
51-2011.00,"Aircraft Structure, Surfaces, Rigging, and Systems Assemblers",20815,"Place and connect control cables to electronically controlled units, using hand tools, ring locks, cotter keys, threaded connectors, turnbuckles, or related devices.",Supplemental,98.0,07/2015,Incumbent
51-2011.00,"Aircraft Structure, Surfaces, Rigging, and Systems Assemblers",20816,"Install mechanical linkages and actuators, using tensiometers to verify tension of cables.",Supplemental,96.0,07/2015,Incumbent
51-2011.00,"Aircraft Structure, Surfaces, Rigging, and Systems Assemblers",19903,"Clean aircraft structures, parts, or components, using aqueous, semi-aqueous, aliphatic hydrocarbon, or organic solvent cleaning products or techniques to reduce carbon or other harmful emissions.",Supplemental,96.0,07/2015,Incumbent
51-2011.00,"Aircraft Structure, Surfaces, Rigging, and Systems Assemblers",20817,"Install accessories in swaging machines, using hand tools.",Supplemental,96.0,07/2015,Incumbent
51-2011.00,"Aircraft Structure, Surfaces, Rigging, and Systems Assemblers",13939,"Mark identifying information on tubing or cable assemblies, using etching devices, labels, rubber stamps, or other methods.",Supplemental,98.0,07/2015,Incumbent
51-2011.00,"Aircraft Structure, Surfaces, Rigging, and Systems Assemblers",13938,"Verify dimensions of cable assemblies or positions of fittings, using measuring instruments.",Supplemental,98.0,07/2015,Incumbent
51-2011.00,"Aircraft Structure, Surfaces, Rigging, and Systems Assemblers",13936,"Weld tubing and fittings or solder cable ends, using tack welders, induction brazing chambers, or other equipment.",Supplemental,99.0,07/2015,Incumbent
51-2011.00,"Aircraft Structure, Surfaces, Rigging, and Systems Assemblers",13930,Fit and fasten sheet metal coverings to surface areas or other sections of aircraft prior to welding or riveting.,Supplemental,97.0,07/2015,Incumbent
51-2011.00,"Aircraft Structure, Surfaces, Rigging, and Systems Assemblers",19902,"Capture or segregate waste material, such as aluminum swarf, machine cutting fluid, or solvents, for recycling or environmentally responsible disposal.",Supplemental,96.0,07/2015,Incumbent
51-2011.00,"Aircraft Structure, Surfaces, Rigging, and Systems Assemblers",13942,"Cut cables and tubing, using master templates, measuring instruments, and cable cutters or saws.",Supplemental,97.0,07/2015,Incumbent
51-2021.00,"Coil Winders, Tapers, and Finishers",11911,"Examine and test wired electrical components such as motors, armatures, and stators, using measuring devices, and record test results.",Supplemental,55.0,07/2017,Incumbent
51-2021.00,"Coil Winders, Tapers, and Finishers",11914,"Line slots with sheet insulation, and insert coils into slots.",Supplemental,56.0,07/2017,Incumbent
51-2021.00,"Coil Winders, Tapers, and Finishers",11912,"Apply solutions or paints to wired electrical components, using hand tools, and bake components.",Supplemental,56.0,07/2017,Incumbent
51-2021.00,"Coil Winders, Tapers, and Finishers",11913,"Disassemble and assemble motors, and repair and maintain electrical components and machinery parts, using hand tools.",Supplemental,55.0,07/2017,Incumbent
51-2022.00,Electrical and Electronic Equipment Assemblers,10018,"Inspect or test wiring installations, assemblies, or circuits for resistance factors or for operation, and record results.",Supplemental,68.0,07/2013,Incumbent
51-2022.00,Electrical and Electronic Equipment Assemblers,10023,Mark and tag components so that stock inventory can be tracked and identified.,Supplemental,70.0,07/2013,Incumbent
51-2022.00,Electrical and Electronic Equipment Assemblers,10028,Measure and adjust voltages to specified values to determine operational accuracy of instruments.,Supplemental,71.0,07/2013,Incumbent
51-2022.00,Electrical and Electronic Equipment Assemblers,10031,"Complete, review, or maintain production, time, or component waste reports.",Supplemental,71.0,07/2013,Incumbent
51-2022.00,Electrical and Electronic Equipment Assemblers,10034,"Distribute materials, supplies, or subassemblies to work areas.",Supplemental,72.0,07/2013,Incumbent
51-2022.00,Electrical and Electronic Equipment Assemblers,10025,"Pack finished assemblies for shipment, and transport them to storage areas, using hoists or handtrucks.",Supplemental,71.0,07/2013,Incumbent
51-2022.00,Electrical and Electronic Equipment Assemblers,10033,"Instruct customers in the installation, repair, or maintenance of products.",Supplemental,72.0,07/2013,Incumbent
51-2023.00,Electromechanical Equipment Assemblers,13954,"File, lap, and buff parts to fit, using hand and power tools.",Supplemental,68.0,07/2017,Incumbent
51-2023.00,Electromechanical Equipment Assemblers,13952,"Clean and lubricate parts and subassemblies, using grease paddles or oilcans.",Supplemental,68.0,07/2017,Incumbent
51-2023.00,Electromechanical Equipment Assemblers,13956,"Operate or tend automated assembling equipment, such as robotics and fixed automation equipment.",Supplemental,69.0,07/2017,Incumbent
51-2023.00,Electromechanical Equipment Assemblers,13953,"Drill, tap, ream, countersink, and spot-face bolt holes in parts, using drill presses and portable power drills.",Supplemental,68.0,07/2017,Incumbent
51-2023.00,Electromechanical Equipment Assemblers,13957,Operate small cranes to transport or position large parts.,Supplemental,68.0,07/2017,Incumbent
51-2023.00,Electromechanical Equipment Assemblers,13955,Pack or fold insulation between panels.,Supplemental,68.0,07/2017,Incumbent
51-2031.00,Engine and Other Machine Assemblers,13964,Assemble systems of gears by aligning and meshing gears in gearboxes.,Supplemental,102.0,07/2014,Incumbent
51-2031.00,Engine and Other Machine Assemblers,13969,"Set up and operate metalworking machines, such as milling or grinding machines, to shape or fabricate parts.",Supplemental,102.0,07/2014,Incumbent
51-2031.00,Engine and Other Machine Assemblers,13963,Maintain and lubricate parts or components.,Supplemental,102.0,07/2014,Incumbent
51-2041.00,Structural Metal Fabricators and Fitters,10049,"Mark reference points onto floors or face blocks and transpose them to workpieces, using measuring devices, squares, chalk, and soapstone.",Supplemental,74.0,08/2024,Incumbent
51-2041.00,Structural Metal Fabricators and Fitters,10047,"Design and construct templates and fixtures, using hand tools.",Supplemental,74.0,08/2024,Incumbent
51-2041.00,Structural Metal Fabricators and Fitters,10052,Direct welders to build up low spots or short pieces with weld.,Supplemental,75.0,08/2024,Incumbent
51-2041.00,Structural Metal Fabricators and Fitters,10054,"Heat-treat parts, using acetylene torches.",Supplemental,75.0,08/2024,Incumbent
51-2041.00,Structural Metal Fabricators and Fitters,10048,"Straighten warped or bent parts, using sledges, hand torches, straightening presses, or bulldozers.",Supplemental,74.0,08/2024,Incumbent
51-2041.00,Structural Metal Fabricators and Fitters,10057,Erect ladders and scaffolding to fit together large assemblies.,Supplemental,73.0,08/2024,Incumbent
51-2041.00,Structural Metal Fabricators and Fitters,10055,"Preheat workpieces to make them malleable, using hand torches or furnaces.",Supplemental,75.0,08/2024,Incumbent
51-2041.00,Structural Metal Fabricators and Fitters,10056,"Install boilers, containers, and other structures.",Supplemental,73.0,08/2024,Incumbent
51-2051.00,Fiberglass Laminators and Fabricators,13980,"Apply layers of plastic resin to mold surfaces prior to placement of fiberglass mats, repeating layers until products have the desired thicknesses and plastics have jelled.",Supplemental,63.0,08/2020,Incumbent
51-2051.00,Fiberglass Laminators and Fabricators,13984,"Inspect, clean, and assemble molds before beginning work.",Supplemental,64.0,08/2020,Incumbent
51-2051.00,Fiberglass Laminators and Fabricators,13979,"Cure materials by letting them set at room temperature, placing them under heat lamps, or baking them in ovens.",Supplemental,63.0,08/2020,Incumbent
51-2051.00,Fiberglass Laminators and Fabricators,13982,Apply lacquers and waxes to mold surfaces to facilitate assembly and removal of laminated parts.,Supplemental,64.0,08/2020,Incumbent
51-2051.00,Fiberglass Laminators and Fabricators,13978,"Repair or modify damaged or defective glass-fiber parts, checking thicknesses, densities, and contours to ensure a close fit after repair.",Supplemental,64.0,08/2020,Incumbent
51-2051.00,Fiberglass Laminators and Fabricators,13981,"Mask off mold areas not to be laminated, using cellophane, wax paper, masking tape, or special sprays containing mold-release substances.",Supplemental,64.0,08/2020,Incumbent
51-2051.00,Fiberglass Laminators and Fabricators,13983,"Check all dies, templates, and cutout patterns to be used in the manufacturing process to ensure that they conform to dimensional data, photographs, blueprints, samples, or customer specifications.",Supplemental,63.0,08/2020,Incumbent
51-2051.00,Fiberglass Laminators and Fabricators,13985,Trim cured materials by sawing them with diamond-impregnated cutoff wheels.,Supplemental,64.0,08/2020,Incumbent
51-2061.00,Timing Device Assemblers and Adjusters,15011,Change timing weights on balance wheels to correct deficient timing.,Supplemental,53.0,06/2008,Incumbent
51-2061.00,Timing Device Assemblers and Adjusters,15012,"Adjust sizes or positioning of timepiece parts to achieve specified fit or function, using calipers, fixtures, and loupes.",Supplemental,52.0,06/2008,Incumbent
51-2061.00,Timing Device Assemblers and Adjusters,15013,Mount hairsprings and balance wheel assemblies between jaws of truing calipers.,Supplemental,51.0,06/2008,Incumbent
51-2061.00,Timing Device Assemblers and Adjusters,15014,Estimate spaces between collets and first inner coils to determine if spaces are within acceptable limits.,Supplemental,50.0,06/2008,Incumbent
51-2061.00,Timing Device Assemblers and Adjusters,15015,"Bend inner coils of springs away from or toward collets, using tweezers, to locate centers of collets in centers of springs, and to correct errors resulting from faulty colleting of coils.",Supplemental,50.0,06/2008,Incumbent
51-2061.00,Timing Device Assemblers and Adjusters,15016,"Turn wheels of calipers and examine springs, using loupes, to determine if center coils appear as perfect circles.",Supplemental,50.0,06/2008,Incumbent
51-2061.00,Timing Device Assemblers and Adjusters,15017,"Examine and adjust hairspring assemblies to ensure horizontal and circular alignment of hairsprings, using calipers, loupes, and watchmakers' tools.",Supplemental,52.0,06/2008,Incumbent
51-2061.00,Timing Device Assemblers and Adjusters,15018,"Review blueprints, sketches, or work orders to gather information about tasks to be completed.",Supplemental,53.0,06/2008,Incumbent
51-2061.00,Timing Device Assemblers and Adjusters,15019,"Tighten or replace loose jewels, using watchmakers' tools.",Supplemental,52.0,06/2008,Incumbent
51-2092.00,Team Assemblers,8472,Provide assistance in the production of wiring assemblies.,Supplemental,83.0,08/2020,Incumbent
51-2092.00,Team Assemblers,20162,Maintain production equipment and machinery.,Supplemental,83.0,08/2020,Incumbent
51-2092.00,Team Assemblers,20161,Complete production reports to communicate team production level to management.,Supplemental,83.0,08/2020,Incumbent
51-2092.00,Team Assemblers,20158,Package finished products and prepare them for shipment.,Supplemental,83.0,08/2020,Incumbent
51-2092.00,Team Assemblers,20164,"Operate machinery and heavy equipment, such as forklifts.",Supplemental,83.0,08/2020,Incumbent
51-3011.00,Bakers,11930,Operate slicing or wrapping machines.,Supplemental,82.0,07/2015,Incumbent
51-3011.00,Bakers,11931,Develop new recipes for baked goods.,Supplemental,83.0,07/2015,Incumbent
51-3021.00,Butchers and Meat Cutters,8791,Record quantity of meat received and issued to cooks or keep records of meat sales.,Supplemental,76.0,07/2016,Incumbent
51-3021.00,Butchers and Meat Cutters,8790,Supervise other butchers or meat cutters.,Supplemental,78.0,07/2016,Incumbent
51-3021.00,Butchers and Meat Cutters,8793,"Cure, smoke, tenderize, and preserve meat.",Supplemental,77.0,07/2016,Incumbent
51-3021.00,Butchers and Meat Cutters,8792,Negotiate with representatives from supply companies to determine order details.,Supplemental,77.0,07/2016,Incumbent
51-3022.00,"Meat, Poultry, and Fish Cutters and Trimmers",8801,Process primal parts into cuts that are ready for retail use.,Supplemental,57.0,07/2017,Incumbent
51-3022.00,"Meat, Poultry, and Fish Cutters and Trimmers",8807,"Prepare ready-to-heat foods by filleting meat or fish or cutting it into bite-sized pieces, preparing and adding vegetables or applying sauces or breading.",Supplemental,57.0,07/2017,Incumbent
51-3022.00,"Meat, Poultry, and Fish Cutters and Trimmers",8796,"Clean, trim, slice, and section carcasses for future processing.",Supplemental,58.0,07/2017,Incumbent
51-3022.00,"Meat, Poultry, and Fish Cutters and Trimmers",8798,"Remove parts, such as skin, feathers, scales or bones, from carcass.",Supplemental,58.0,07/2017,Incumbent
51-3022.00,"Meat, Poultry, and Fish Cutters and Trimmers",8802,Obtain and distribute specified meat or carcass.,Supplemental,56.0,07/2017,Incumbent
51-3022.00,"Meat, Poultry, and Fish Cutters and Trimmers",8800,Produce hamburger meat and meat trimmings.,Supplemental,57.0,07/2017,Incumbent
51-3022.00,"Meat, Poultry, and Fish Cutters and Trimmers",8805,Clean and salt hides.,Supplemental,56.0,07/2017,Incumbent
51-3023.00,Slaughterers and Meat Packers,13986,"Remove bones, and cut meat into standard cuts in preparation for marketing.",Supplemental,50.0,07/2017,Incumbent
51-3023.00,Slaughterers and Meat Packers,13991,Sever jugular veins to drain blood and facilitate slaughtering.,Supplemental,51.0,07/2017,Incumbent
51-3023.00,Slaughterers and Meat Packers,13990,"Tend assembly lines, performing a few of the many cuts needed to process a carcass.",Supplemental,51.0,07/2017,Incumbent
51-3023.00,Slaughterers and Meat Packers,13994,Shackle hind legs of animals to raise them for slaughtering or skinning.,Supplemental,51.0,07/2017,Incumbent
51-3023.00,Slaughterers and Meat Packers,13989,"Slit open, eviscerate, and trim carcasses of slaughtered animals.",Supplemental,51.0,07/2017,Incumbent
51-3023.00,Slaughterers and Meat Packers,13999,Stun animals prior to slaughtering.,Supplemental,51.0,07/2017,Incumbent
51-3023.00,Slaughterers and Meat Packers,13995,Skin sections of animals or whole animals.,Supplemental,51.0,07/2017,Incumbent
51-3023.00,Slaughterers and Meat Packers,13987,"Cut, trim, skin, sort, and wash viscera of slaughtered animals to separate edible portions from offal.",Supplemental,50.0,07/2017,Incumbent
51-3023.00,Slaughterers and Meat Packers,13992,"Shave or singe and defeather carcasses, and wash them in preparation for further processing or packaging.",Supplemental,48.0,07/2017,Incumbent
51-3023.00,Slaughterers and Meat Packers,13997,"Saw, split, or scribe carcasses into smaller portions to facilitate handling.",Supplemental,51.0,07/2017,Incumbent
51-3023.00,Slaughterers and Meat Packers,13996,"Trim head meat, and sever or remove parts of animals' heads or skulls.",Supplemental,51.0,07/2017,Incumbent
51-3023.00,Slaughterers and Meat Packers,13998,"Grind meat into hamburger, and into trimmings used to prepare sausages, luncheon meats, and other meat products.",Supplemental,49.0,07/2017,Incumbent
51-3023.00,Slaughterers and Meat Packers,13993,"Trim, clean, or cure animal hides.",Supplemental,51.0,07/2017,Incumbent
51-3023.00,Slaughterers and Meat Packers,14000,Wrap dressed carcasses or meat cuts.,Supplemental,50.0,07/2017,Incumbent
51-3091.00,"Food and Tobacco Roasting, Baking, and Drying Machine Operators and Tenders",10066,Take product samples during or after processing for laboratory analyses.,Supplemental,70.0,07/2017,Incumbent
51-3091.00,"Food and Tobacco Roasting, Baking, and Drying Machine Operators and Tenders",10075,"Test products for moisture content, using moisture meters.",Supplemental,70.0,07/2017,Incumbent
51-3091.00,"Food and Tobacco Roasting, Baking, and Drying Machine Operators and Tenders",10070,"Clear or dislodge blockages in bins, screens, or other equipment, using poles, brushes, or mallets.",Supplemental,70.0,07/2017,Incumbent
51-3091.00,"Food and Tobacco Roasting, Baking, and Drying Machine Operators and Tenders",10072,Start conveyors to move roasted grain to cooling pans and agitate grain with rakes as blowers force air through perforated bottoms of pans.,Supplemental,71.0,07/2017,Incumbent
51-3091.00,"Food and Tobacco Roasting, Baking, and Drying Machine Operators and Tenders",10068,"Open valves, gates, or chutes or use shovels to load or remove products from ovens or other equipment.",Supplemental,70.0,07/2017,Incumbent
51-3091.00,"Food and Tobacco Roasting, Baking, and Drying Machine Operators and Tenders",10069,"Clean equipment with steam, hot water, and hoses.",Supplemental,70.0,07/2017,Incumbent
51-3091.00,"Food and Tobacco Roasting, Baking, and Drying Machine Operators and Tenders",10073,"Smooth out products in bins, pans, trays, or conveyors, using rakes or shovels.",Supplemental,70.0,07/2017,Incumbent
51-3091.00,"Food and Tobacco Roasting, Baking, and Drying Machine Operators and Tenders",10074,"Install equipment, such as spray units, cutting blades, or screens, using hand tools.",Supplemental,70.0,07/2017,Incumbent
51-3091.00,"Food and Tobacco Roasting, Baking, and Drying Machine Operators and Tenders",10071,"Push racks or carts to transfer products to storage, cooling stations, or the next stage of processing.",Supplemental,70.0,07/2017,Incumbent
51-3092.00,Food Batchmakers,4935,"Test food product samples for moisture content, acidity level, specific gravity, or butter-fat content, and continue processing until desired levels are reached.",Supplemental,54.0,08/2021,Incumbent
51-3092.00,Food Batchmakers,4933,Inspect vats after cleaning to ensure that fermentable residue has been removed.,Supplemental,54.0,08/2021,Incumbent
51-3092.00,Food Batchmakers,4930,"Fill processing or cooking containers, such as kettles, rotating cookers, pressure cookers, or vats, with ingredients, by opening valves, by starting pumps or injectors, or by hand.",Supplemental,54.0,08/2021,Incumbent
51-3092.00,Food Batchmakers,4943,"Manipulate products, by hand or using machines, to separate, spread, knead, spin, cast, cut, pull, or roll products.",Supplemental,54.0,08/2021,Incumbent
51-3092.00,Food Batchmakers,4939,Cool food product batches on slabs or in water-cooled kettles.,Supplemental,55.0,08/2021,Incumbent
51-3092.00,Food Batchmakers,4942,Place products on carts or conveyors to transfer them to the next stage of processing.,Supplemental,56.0,08/2021,Incumbent
51-3092.00,Food Batchmakers,4932,"Homogenize or pasteurize material to prevent separation or to obtain prescribed butterfat content, using a homogenizing device.",Supplemental,54.0,08/2021,Incumbent
51-3092.00,Food Batchmakers,4938,"Grade food products according to government regulations or according to type, color, bouquet, and moisture content.",Supplemental,55.0,08/2021,Incumbent
51-3092.00,Food Batchmakers,4940,Operate refining machines to reduce the particle size of cooked batches.,Supplemental,54.0,08/2021,Incumbent
51-3092.00,Food Batchmakers,4936,Formulate or modify recipes for specific kinds of food products.,Supplemental,54.0,08/2021,Incumbent
51-3092.00,Food Batchmakers,4937,Inspect and pack the final product.,Supplemental,56.0,08/2021,Incumbent
51-3093.00,Food Cooking Machine Operators and Tenders,4959,"Activate agitators and paddles to mix or stir ingredients, stopping machines when ingredients are thoroughly mixed.",Supplemental,55.0,08/2021,Incumbent
51-3093.00,Food Cooking Machine Operators and Tenders,4960,"Operate auxiliary machines and equipment, such as grinders, canners, and molding presses, to prepare or further process products.",Supplemental,55.0,08/2021,Incumbent
51-3093.00,Food Cooking Machine Operators and Tenders,4957,"Place products on conveyors or carts, and monitor product flow.",Supplemental,56.0,08/2021,Incumbent
51-4021.00,"Extruding and Drawing Machine Setters, Operators, and Tenders, Metal and Plastic",8485,"Weigh and mix pelletized, granular, or powdered thermoplastic materials and coloring pigments.",Supplemental,66.0,07/2015,Incumbent
51-4021.00,"Extruding and Drawing Machine Setters, Operators, and Tenders, Metal and Plastic",8487,"Test physical properties of products with testing devices such as acid-bath testers, burst testers, and impact testers.",Supplemental,66.0,07/2015,Incumbent
51-4021.00,"Extruding and Drawing Machine Setters, Operators, and Tenders, Metal and Plastic",8486,"Load machine hoppers with mixed materials, using augers, or stuff rolls of plastic dough into machine cylinders.",Supplemental,67.0,07/2015,Incumbent
51-4021.00,"Extruding and Drawing Machine Setters, Operators, and Tenders, Metal and Plastic",8488,Maintain an inventory of materials.,Supplemental,66.0,07/2015,Incumbent
51-4021.00,"Extruding and Drawing Machine Setters, Operators, and Tenders, Metal and Plastic",8482,Adjust controls to draw or press metal into specified shapes and diameters.,Supplemental,66.0,07/2015,Incumbent
51-4021.00,"Extruding and Drawing Machine Setters, Operators, and Tenders, Metal and Plastic",8478,Replace worn dies when products vary from specifications.,Supplemental,67.0,07/2015,Incumbent
51-4021.00,"Extruding and Drawing Machine Setters, Operators, and Tenders, Metal and Plastic",8484,"Select nozzles, spacers, and wire guides, according to diameters and lengths of rods.",Supplemental,67.0,07/2015,Incumbent
51-4021.00,"Extruding and Drawing Machine Setters, Operators, and Tenders, Metal and Plastic",8483,Operate shearing mechanisms to cut rods to specified lengths.,Supplemental,67.0,07/2015,Incumbent
51-4022.00,"Forging Machine Setters, Operators, and Tenders, Metal and Plastic",10088,"Select, align, and bolt positioning fixtures, stops, and specified dies to rams and anvils, forging rolls, or presses and hammers.",Supplemental,48.0,07/2016,Incumbent
51-4022.00,"Forging Machine Setters, Operators, and Tenders, Metal and Plastic",10090,"Sharpen cutting tools and drill bits, using bench grinders.",Supplemental,48.0,07/2016,Incumbent
51-4023.00,"Rolling Machine Setters, Operators, and Tenders, Metal and Plastic",10098,"Thread or feed sheets or rods through rolling mechanisms, or start and control mechanisms that automatically feed steel into rollers.",Supplemental,83.0,08/2018,Incumbent
51-4023.00,"Rolling Machine Setters, Operators, and Tenders, Metal and Plastic",10106,"Select rolls, dies, roll stands, and chucks from data charts to form specified contours and to fabricate products.",Supplemental,82.0,08/2018,Incumbent
51-4023.00,"Rolling Machine Setters, Operators, and Tenders, Metal and Plastic",10108,"Remove scratches and polish roll surfaces, using polishing stones and electric buffers.",Supplemental,83.0,08/2018,Incumbent
51-4023.00,"Rolling Machine Setters, Operators, and Tenders, Metal and Plastic",10109,"Disassemble sizing mills removed from rolling lines, and sort and store parts.",Supplemental,82.0,08/2018,Incumbent
51-4031.00,"Cutting, Punching, and Press Machine Setters, Operators, and Tenders, Metal and Plastic",10128,Lubricate workpieces with oil.,Supplemental,50.0,08/2025,Incumbent
51-4031.00,"Cutting, Punching, and Press Machine Setters, Operators, and Tenders, Metal and Plastic",10117,"Install, align, and lock specified punches, dies, cutting blades, or other fixtures in rams or beds of machines, using gauges, templates, feelers, shims, and hand tools.",Supplemental,49.0,08/2025,Incumbent
51-4031.00,"Cutting, Punching, and Press Machine Setters, Operators, and Tenders, Metal and Plastic",10122,"Adjust ram strokes of presses to specified lengths, using hand tools.",Supplemental,49.0,08/2025,Incumbent
51-4031.00,"Cutting, Punching, and Press Machine Setters, Operators, and Tenders, Metal and Plastic",10119,"Position, align, and secure workpieces against fixtures or stops on machine beds or on dies.",Supplemental,50.0,08/2025,Incumbent
51-4031.00,"Cutting, Punching, and Press Machine Setters, Operators, and Tenders, Metal and Plastic",10127,"Set stops on machine beds, change dies, and adjust components, such as rams or power presses, when making multiple or successive passes.",Supplemental,50.0,08/2025,Incumbent
51-4031.00,"Cutting, Punching, and Press Machine Setters, Operators, and Tenders, Metal and Plastic",10118,Clean and lubricate machines.,Supplemental,49.0,08/2025,Incumbent
51-4031.00,"Cutting, Punching, and Press Machine Setters, Operators, and Tenders, Metal and Plastic",10124,"Position guides, stops, holding blocks, or other fixtures to secure and direct workpieces, using hand tools and measuring devices.",Supplemental,49.0,08/2025,Incumbent
51-4031.00,"Cutting, Punching, and Press Machine Setters, Operators, and Tenders, Metal and Plastic",10123,"Place workpieces on cutting tables, manually or using hoists, cranes, or sledges.",Supplemental,50.0,08/2025,Incumbent
51-4031.00,"Cutting, Punching, and Press Machine Setters, Operators, and Tenders, Metal and Plastic",10129,"Replace defective blades or wheels, using hand tools.",Supplemental,50.0,08/2025,Incumbent
51-4031.00,"Cutting, Punching, and Press Machine Setters, Operators, and Tenders, Metal and Plastic",10132,"Plan sequences of operations, applying knowledge of physical properties of workpiece materials.",Supplemental,49.0,08/2025,Incumbent
51-4031.00,"Cutting, Punching, and Press Machine Setters, Operators, and Tenders, Metal and Plastic",10130,Mark identifying data on workpieces.,Supplemental,48.0,08/2025,Incumbent
51-4031.00,"Cutting, Punching, and Press Machine Setters, Operators, and Tenders, Metal and Plastic",10126,Turn valves to start flow of coolant against cutting areas or to start airflow that blows cuttings away from kerfs.,Supplemental,49.0,08/2025,Incumbent
51-4031.00,"Cutting, Punching, and Press Machine Setters, Operators, and Tenders, Metal and Plastic",10137,Hone cutters with oilstones to remove nicks.,Supplemental,49.0,08/2025,Incumbent
51-4031.00,"Cutting, Punching, and Press Machine Setters, Operators, and Tenders, Metal and Plastic",10136,"Remove housings, feed tubes, tool holders, or other accessories to replace worn or broken parts, such as springs or bushings.",Supplemental,49.0,08/2025,Incumbent
51-4031.00,"Cutting, Punching, and Press Machine Setters, Operators, and Tenders, Metal and Plastic",10135,"Sharpen dulled blades, using bench grinders, abrasive wheels, or lathes.",Supplemental,49.0,08/2025,Incumbent
51-4031.00,"Cutting, Punching, and Press Machine Setters, Operators, and Tenders, Metal and Plastic",20821,Operate forklifts to deliver materials.,Supplemental,49.0,08/2025,Incumbent
51-4031.00,"Cutting, Punching, and Press Machine Setters, Operators, and Tenders, Metal and Plastic",10138,"Select, clean, and install spacers, rubber sleeves, or cutters on arbors.",Supplemental,50.0,08/2025,Incumbent
51-4031.00,"Cutting, Punching, and Press Machine Setters, Operators, and Tenders, Metal and Plastic",10120,"Scribe reference lines on workpieces as guides for cutting operations, according to blueprints, templates, sample parts, or specifications.",Supplemental,49.0,08/2025,Incumbent
51-4031.00,"Cutting, Punching, and Press Machine Setters, Operators, and Tenders, Metal and Plastic",10134,"Grind out burrs or sharp edges, using portable grinders, speed lathes, or polishing jacks.",Supplemental,49.0,08/2025,Incumbent
51-4031.00,"Cutting, Punching, and Press Machine Setters, Operators, and Tenders, Metal and Plastic",10121,"Set blade tensions, heights, and angles to perform prescribed cuts, using wrenches.",Supplemental,50.0,08/2025,Incumbent
51-4031.00,"Cutting, Punching, and Press Machine Setters, Operators, and Tenders, Metal and Plastic",24012,"Use equipment designed to join sheet metal, such as spot welders.",Supplemental,49.0,08/2025,Incumbent
51-4031.00,"Cutting, Punching, and Press Machine Setters, Operators, and Tenders, Metal and Plastic",10139,"Preheat workpieces, using heating furnaces or hand torches.",Supplemental,49.0,08/2025,Incumbent
51-4032.00,"Drilling and Boring Machine Tool Setters, Operators, and Tenders, Metal and Plastic",11989,Operate tracing attachments to duplicate contours from templates or models.,Supplemental,85.0,08/2022,Incumbent
51-4033.00,"Grinding, Lapping, Polishing, and Buffing Machine Tool Setters, Operators, and Tenders, Metal and Plastic",10152,Compute machine indexings and settings for specified dimensions and base reference points.,Supplemental,83.0,07/2016,Incumbent
51-4033.00,"Grinding, Lapping, Polishing, and Buffing Machine Tool Setters, Operators, and Tenders, Metal and Plastic",10157,Maintain stocks of machine parts and machining tools.,Supplemental,83.0,07/2016,Incumbent
51-4033.00,"Grinding, Lapping, Polishing, and Buffing Machine Tool Setters, Operators, and Tenders, Metal and Plastic",10154,Thread and hand-feed materials through machine cutters or abraders.,Supplemental,82.0,07/2016,Incumbent
51-4033.00,"Grinding, Lapping, Polishing, and Buffing Machine Tool Setters, Operators, and Tenders, Metal and Plastic",10155,Adjust air cylinders and setting stops to set traverse lengths and feed arm strokes.,Supplemental,81.0,07/2016,Incumbent
51-4033.00,"Grinding, Lapping, Polishing, and Buffing Machine Tool Setters, Operators, and Tenders, Metal and Plastic",10153,Slide spacers between buffs on spindles to set spacing.,Supplemental,82.0,07/2016,Incumbent
51-4035.00,"Milling and Planing Machine Setters, Operators, and Tenders, Metal and Plastic",14014,Make templates or cutting tools.,Supplemental,56.0,08/2023,Incumbent
51-4041.00,Machinists,3115,"Support metalworking projects from planning and fabrication through assembly, inspection, and testing, using knowledge of machine functions, metal properties, and mathematics.",Supplemental,82.0,08/2020,Incumbent
51-4041.00,Machinists,3107,Install repaired parts into equipment or install new equipment.,Supplemental,79.0,08/2020,Incumbent
51-4041.00,Machinists,3113,"Dismantle machines or equipment, using hand tools or power tools to examine parts for defects and replace defective parts where needed.",Supplemental,81.0,08/2020,Incumbent
51-4041.00,Machinists,3123,"Test experimental models under simulated operating conditions, for purposes such as development, standardization, or feasibility of design.",Supplemental,80.0,08/2020,Incumbent
51-4041.00,Machinists,3122,"Set up or operate metalworking, brazing, heat-treating, welding, or cutting equipment.",Supplemental,81.0,08/2020,Incumbent
51-4041.00,Machinists,3120,Prepare working sketches for the illustration of product appearance.,Supplemental,79.0,08/2020,Incumbent
51-4041.00,Machinists,3114,"Establish work procedures for fabricating new structural products, using a variety of metalworking machines.",Supplemental,82.0,08/2020,Incumbent
51-4041.00,Machinists,3121,"Install experimental parts or assemblies, such as hydraulic systems, electrical wiring, lubricants, or batteries into machines or mechanisms.",Supplemental,82.0,08/2020,Incumbent
51-4041.00,Machinists,3109,Advise clients about the materials being used for finished products.,Supplemental,80.0,08/2020,Incumbent
51-4051.00,Metal-Refining Furnace Operators and Tenders,10171,"Prepare material to load into furnaces, including cleaning, crushing, or applying chemicals, by using crushing machines, shovels, rakes, or sprayers.",Supplemental,64.0,08/2018,Incumbent
51-4051.00,Metal-Refining Furnace Operators and Tenders,10167,"Remove impurities from the surface of molten metal, using strainers.",Supplemental,64.0,08/2018,Incumbent
51-4051.00,Metal-Refining Furnace Operators and Tenders,10166,"Observe operations inside furnaces, using television screens, to ensure that problems do not occur.",Supplemental,63.0,08/2018,Incumbent
51-4051.00,Metal-Refining Furnace Operators and Tenders,10169,Sprinkle chemicals over molten metal to bring impurities to the surface.,Supplemental,63.0,08/2018,Incumbent
51-4051.00,Metal-Refining Furnace Operators and Tenders,10170,Direct work crews in the cleaning and repair of furnace walls and flooring.,Supplemental,63.0,08/2018,Incumbent
51-4051.00,Metal-Refining Furnace Operators and Tenders,10172,"Scrape accumulations of metal oxides from floors, molds, and crucibles, and sift and store them for reclamation.",Supplemental,64.0,08/2018,Incumbent
51-4052.00,"Pourers and Casters, Metal",12017,"Assemble and embed cores in casting frames, using hand tools and equipment.",Supplemental,63.0,08/2024,Incumbent
51-4052.00,"Pourers and Casters, Metal",12012,"Turn valves to circulate water through cores, or spray water on filled molds to cool and solidify metal.",Supplemental,62.0,08/2024,Incumbent
51-4052.00,"Pourers and Casters, Metal",12014,Pull levers to lift ladle stoppers and to allow molten steel to flow into ingot molds to specified heights.,Supplemental,62.0,08/2024,Incumbent
51-4052.00,"Pourers and Casters, Metal",12018,"Remove metal ingots or cores from molds, using hand tools, cranes, and chain hoists.",Supplemental,63.0,08/2024,Incumbent
51-4052.00,"Pourers and Casters, Metal",12021,"Repair and maintain metal forms and equipment, using hand tools, sledges, and bars.",Supplemental,61.0,08/2024,Incumbent
51-4052.00,"Pourers and Casters, Metal",12013,Add metal to molds to compensate for shrinkage.,Supplemental,63.0,08/2024,Incumbent
51-4052.00,"Pourers and Casters, Metal",12020,"Stencil identifying information on ingots and pigs, using special hand tools.",Supplemental,56.0,08/2024,Incumbent
51-4061.00,"Model Makers, Metal and Plastic",20925,Use computer-aided design (CAD) and computer-aided manufacturing (CAM) software or hardware to fabricate model parts.,Supplemental,54.0,08/2025,Incumbent
51-4061.00,"Model Makers, Metal and Plastic",12033,"Assemble mechanical, electrical, and electronic components into models or prototypes, using hand tools, power tools, and fabricating machines.",Supplemental,54.0,08/2025,Incumbent
51-4061.00,"Model Makers, Metal and Plastic",12035,Wire and solder electrical and electronic connections and components.,Supplemental,54.0,08/2025,Incumbent
51-4062.00,"Patternmakers, Metal and Plastic",12039,Program computerized numerical control machine tools.,Supplemental,71.0,07/2017,Incumbent
51-4062.00,"Patternmakers, Metal and Plastic",21025,"Create computer models of patterns or parts, using modeling software.",Supplemental,71.0,07/2017,Incumbent
51-4062.00,"Patternmakers, Metal and Plastic",12040,"Design and create templates, patterns, or coreboxes according to work orders, sample parts, or mockups.",Supplemental,71.0,07/2017,Incumbent
51-4062.00,"Patternmakers, Metal and Plastic",12043,"Lay out and draw or scribe patterns onto material, using compasses, protractors, rulers, scribes, or other instruments.",Supplemental,71.0,07/2017,Incumbent
51-4062.00,"Patternmakers, Metal and Plastic",12049,Paint or lacquer patterns.,Supplemental,70.0,07/2017,Incumbent
51-4062.00,"Patternmakers, Metal and Plastic",12047,"Select pattern materials such as wood, resin, and fiberglass.",Supplemental,71.0,07/2017,Incumbent
51-4062.00,"Patternmakers, Metal and Plastic",12048,Apply plastic-impregnated fabrics or coats of sealing wax or lacquer to patterns used to produce plastic.,Supplemental,71.0,07/2017,Incumbent
51-4071.00,Foundry Mold and Coremakers,12056,Tend machines that bond cope and drag together to form completed shell molds.,Supplemental,66.0,08/2023,Incumbent
51-4071.00,Foundry Mold and Coremakers,12061,Rotate sweep boards around spindles to make symmetrical molds for convex impressions.,Supplemental,66.0,08/2023,Incumbent
51-4071.00,Foundry Mold and Coremakers,12060,"Pour molten metal into molds, manually or with crane ladles.",Supplemental,67.0,08/2023,Incumbent
51-4071.00,Foundry Mold and Coremakers,12062,"Operate ovens or furnaces to bake cores or to melt, skim, and flux metal.",Supplemental,67.0,08/2023,Incumbent
51-4072.00,"Molding, Coremaking, and Casting Machine Setters, Operators, and Tenders, Metal and Plastic",10194,Operate hoists to position dies or patterns on foundry floors.,Supplemental,100.0,07/2016,Incumbent
51-4072.00,"Molding, Coremaking, and Casting Machine Setters, Operators, and Tenders, Metal and Plastic",10181,Cool products after processing to prevent distortion.,Supplemental,102.0,07/2016,Incumbent
51-4072.00,"Molding, Coremaking, and Casting Machine Setters, Operators, and Tenders, Metal and Plastic",10182,"Install dies onto machines or presses and coat dies with parting agents, according to work order specifications.",Supplemental,101.0,07/2016,Incumbent
51-4072.00,"Molding, Coremaking, and Casting Machine Setters, Operators, and Tenders, Metal and Plastic",10191,"Unload finished products from conveyor belts, pack them in containers, and place containers in warehouses.",Supplemental,101.0,07/2016,Incumbent
51-4072.00,"Molding, Coremaking, and Casting Machine Setters, Operators, and Tenders, Metal and Plastic",10178,"Remove finished or cured products from dies or molds, using hand tools, air hoses, and other equipment, stamping identifying information on products when necessary.",Supplemental,102.0,07/2016,Incumbent
51-4072.00,"Molding, Coremaking, and Casting Machine Setters, Operators, and Tenders, Metal and Plastic",10196,"Obtain and move specified patterns to work stations, manually or using hoists, and secure patterns to machines, using wrenches.",Supplemental,101.0,07/2016,Incumbent
51-4072.00,"Molding, Coremaking, and Casting Machine Setters, Operators, and Tenders, Metal and Plastic",10203,"Select and install blades, tools, or other attachments for each operation.",Supplemental,99.0,07/2016,Incumbent
51-4072.00,"Molding, Coremaking, and Casting Machine Setters, Operators, and Tenders, Metal and Plastic",10198,"Repair or replace damaged molds, pipes, belts, chains, or other equipment, using hand tools, hand-powered presses, or jib cranes.",Supplemental,102.0,07/2016,Incumbent
51-4072.00,"Molding, Coremaking, and Casting Machine Setters, Operators, and Tenders, Metal and Plastic",10189,"Inventory and record quantities of materials and finished products, requisitioning additional supplies as necessary.",Supplemental,102.0,07/2016,Incumbent
51-4072.00,"Molding, Coremaking, and Casting Machine Setters, Operators, and Tenders, Metal and Plastic",10200,"Select coolants and lubricants, and start their flow.",Supplemental,102.0,07/2016,Incumbent
51-4072.00,"Molding, Coremaking, and Casting Machine Setters, Operators, and Tenders, Metal and Plastic",10187,"Adjust equipment and workpiece holding fixtures, such as mold frames, tubs, and cutting tables, to ensure proper functioning.",Supplemental,100.0,07/2016,Incumbent
51-4072.00,"Molding, Coremaking, and Casting Machine Setters, Operators, and Tenders, Metal and Plastic",10199,Maintain inventories of materials.,Supplemental,100.0,07/2016,Incumbent
51-4072.00,"Molding, Coremaking, and Casting Machine Setters, Operators, and Tenders, Metal and Plastic",10176,"Position and secure workpieces on machines, and start feeding mechanisms.",Supplemental,101.0,07/2016,Incumbent
51-4072.00,"Molding, Coremaking, and Casting Machine Setters, Operators, and Tenders, Metal and Plastic",10180,"Trim excess material from parts, using knives, and grind scrap plastic into powder for reuse.",Supplemental,101.0,07/2016,Incumbent
51-4072.00,"Molding, Coremaking, and Casting Machine Setters, Operators, and Tenders, Metal and Plastic",10183,"Mix and measure compounds, or weigh premixed compounds, and dump them into machine tubs, cavities, or molds.",Supplemental,100.0,07/2016,Incumbent
51-4072.00,"Molding, Coremaking, and Casting Machine Setters, Operators, and Tenders, Metal and Plastic",10185,"Spray, smoke, or coat molds with compounds to lubricate or insulate molds, using acetylene torches or sprayers.",Supplemental,99.0,07/2016,Incumbent
51-4072.00,"Molding, Coremaking, and Casting Machine Setters, Operators, and Tenders, Metal and Plastic",10193,"Preheat tools, dies, plastic materials, or patterns, using blowtorches or other equipment.",Supplemental,99.0,07/2016,Incumbent
51-4072.00,"Molding, Coremaking, and Casting Machine Setters, Operators, and Tenders, Metal and Plastic",10190,"Pour or load metal or sand into melting pots, furnaces, molds, or hoppers, using shovels, ladles, or machines.",Supplemental,102.0,07/2016,Incumbent
51-4072.00,"Molding, Coremaking, and Casting Machine Setters, Operators, and Tenders, Metal and Plastic",10179,"Skim or pour dross, slag, or impurities from molten metal, using ladles, rakes, hoes, spatulas, or spoons.",Supplemental,100.0,07/2016,Incumbent
51-4081.00,"Multiple Machine Tool Setters, Operators, and Tenders, Metal and Plastic",10225,"Measure and mark reference points and cutting lines on workpieces, using traced templates, compasses, and rules.",Supplemental,51.0,08/2021,Incumbent
51-4081.00,"Multiple Machine Tool Setters, Operators, and Tenders, Metal and Plastic",23937,Write programs for computer numerical control (CNC) machines to cut metal and plastic materials.,Supplemental,50.0,08/2021,Incumbent
51-4081.00,"Multiple Machine Tool Setters, Operators, and Tenders, Metal and Plastic",10224,Align layout marks with dies or blades.,Supplemental,51.0,08/2021,Incumbent
51-4111.00,Tool and Die Makers,8504,"Develop and design new tools and dies, using computer-aided design software.",Supplemental,54.0,08/2021,Incumbent
51-4111.00,Tool and Die Makers,8505,"Set pyrometer controls of heat-treating furnaces and feed or place parts, tools, or assemblies into furnaces to harden.",Supplemental,54.0,08/2021,Incumbent
51-4121.00,"Welders, Cutters, Solderers, and Brazers",23605,"Check grooves, angles, or gap allowances, using micrometers, calipers, and precision measuring instruments.",Supplemental,63.0,08/2022,Incumbent
51-4121.00,"Welders, Cutters, Solderers, and Brazers",23609,"Melt and apply solder to fill holes, indentations, or seams of fabricated metal products, using soldering equipment.",Supplemental,61.0,08/2022,Incumbent
51-4121.00,"Welders, Cutters, Solderers, and Brazers",23588,"Ignite torches or start power supplies and strike arcs by touching electrodes to metals being welded, completing electrical circuits.",Supplemental,63.0,08/2022,Incumbent
51-4121.00,"Welders, Cutters, Solderers, and Brazers",23598,"Guide and direct flames or electrodes on or across workpieces to straighten, bend, melt, or build up metal.",Supplemental,64.0,08/2022,Incumbent
51-4121.00,"Welders, Cutters, Solderers, and Brazers",23610,Use fire suppression methods in industrial emergencies.,Supplemental,64.0,08/2022,Incumbent
51-4121.00,"Welders, Cutters, Solderers, and Brazers",23595,"Preheat workpieces prior to welding or bending, using torches or heating furnaces.",Supplemental,65.0,08/2022,Incumbent
51-4121.00,"Welders, Cutters, Solderers, and Brazers",23607,Set up and use ladders and scaffolding as necessary to complete work.,Supplemental,64.0,08/2022,Incumbent
51-4121.00,"Welders, Cutters, Solderers, and Brazers",23606,"Operate metal shaping, straightening, and bending machines, such as brakes and shears.",Supplemental,64.0,08/2022,Incumbent
51-4122.00,"Welding, Soldering, and Brazing Machine Setters, Operators, and Tenders",10291,Add chemicals or materials to workpieces or machines to facilitate bonding or to cool workpieces.,Supplemental,61.0,08/2024,Incumbent
51-4122.00,"Welding, Soldering, and Brazing Machine Setters, Operators, and Tenders",10287,Tend auxiliary equipment used in welding processes.,Supplemental,62.0,08/2024,Incumbent
51-4122.00,"Welding, Soldering, and Brazing Machine Setters, Operators, and Tenders",10283,"Compute and record settings for new work, applying knowledge of metal properties, principles of welding, and shop mathematics.",Supplemental,59.0,08/2024,Incumbent
51-4122.00,"Welding, Soldering, and Brazing Machine Setters, Operators, and Tenders",10293,Anneal finished workpieces to relieve internal stress.,Supplemental,60.0,08/2024,Incumbent
51-4122.00,"Welding, Soldering, and Brazing Machine Setters, Operators, and Tenders",10268,Load or feed workpieces into welding machines to join or bond components.,Supplemental,61.0,08/2024,Incumbent
51-4122.00,"Welding, Soldering, and Brazing Machine Setters, Operators, and Tenders",10289,Fill hoppers and position spouts to direct flow of flux or manually brush flux onto seams of workpieces.,Supplemental,62.0,08/2024,Incumbent
51-4122.00,"Welding, Soldering, and Brazing Machine Setters, Operators, and Tenders",10273,"Start, monitor, and adjust robotic welding production lines.",Supplemental,62.0,08/2024,Incumbent
51-4122.00,"Welding, Soldering, and Brazing Machine Setters, Operators, and Tenders",10278,"Dress electrodes, using tip dressers, files, emery cloths, or dressing wheels.",Supplemental,60.0,08/2024,Incumbent
51-4122.00,"Welding, Soldering, and Brazing Machine Setters, Operators, and Tenders",10294,Immerse completed workpieces into water or acid baths to cool and clean components.,Supplemental,61.0,08/2024,Incumbent
51-4191.00,"Heat Treating Equipment Setters, Operators, and Tenders, Metal and Plastic",12095,"Determine flame temperatures, current frequencies, heating cycles, and induction heating coils needed, based on degree of hardness required and properties of stock to be treated.",Supplemental,68.0,07/2016,Incumbent
51-4191.00,"Heat Treating Equipment Setters, Operators, and Tenders, Metal and Plastic",12090,"Determine types and temperatures of baths and quenching media needed to attain specified part hardness, toughness, and ductility, using heat-treating charts and knowledge of methods, equipment, and metals.",Supplemental,67.0,07/2016,Incumbent
51-4191.00,"Heat Treating Equipment Setters, Operators, and Tenders, Metal and Plastic",12104,"Examine parts to ensure metal shades and colors conform to specifications, using knowledge of metal heat-treating.",Supplemental,70.0,07/2016,Incumbent
51-4191.00,"Heat Treating Equipment Setters, Operators, and Tenders, Metal and Plastic",12112,Set and adjust speeds of reels and conveyors for prescribed time cycles to pass parts through continuous furnaces.,Supplemental,69.0,07/2016,Incumbent
51-4191.00,"Heat Treating Equipment Setters, Operators, and Tenders, Metal and Plastic",12096,"Load parts into containers and place containers on conveyors to be inserted into furnaces, or insert parts into furnaces.",Supplemental,69.0,07/2016,Incumbent
51-4191.00,"Heat Treating Equipment Setters, Operators, and Tenders, Metal and Plastic",12102,"Test parts for hardness, using hardness testing equipment, or by examining and feeling samples.",Supplemental,70.0,07/2016,Incumbent
51-4191.00,"Heat Treating Equipment Setters, Operators, and Tenders, Metal and Plastic",12101,Signal forklift operators to deposit or extract containers of parts into and from furnaces and quenching rinse tanks.,Supplemental,69.0,07/2016,Incumbent
51-4191.00,"Heat Treating Equipment Setters, Operators, and Tenders, Metal and Plastic",12097,"Mount workpieces in fixtures, on arbors, or between centers of machines.",Supplemental,68.0,07/2016,Incumbent
51-4191.00,"Heat Treating Equipment Setters, Operators, and Tenders, Metal and Plastic",12100,Reduce heat when processing is complete to allow parts to cool in furnaces or machinery.,Supplemental,70.0,07/2016,Incumbent
51-4191.00,"Heat Treating Equipment Setters, Operators, and Tenders, Metal and Plastic",12113,"Mount fixtures and industrial coils on machines, using hand tools.",Supplemental,68.0,07/2016,Incumbent
51-4191.00,"Heat Treating Equipment Setters, Operators, and Tenders, Metal and Plastic",12108,"Heat billets, bars, plates, rods, and other stock to specified temperatures preparatory to forging, rolling, or processing, using oil, gas, or electrical furnaces.",Supplemental,69.0,07/2016,Incumbent
51-4191.00,"Heat Treating Equipment Setters, Operators, and Tenders, Metal and Plastic",12092,"Position stock in furnaces, using tongs, chain hoists, or pry bars.",Supplemental,70.0,07/2016,Incumbent
51-4191.00,"Heat Treating Equipment Setters, Operators, and Tenders, Metal and Plastic",12106,"Repair, replace, and maintain furnace equipment as needed, using hand tools.",Supplemental,70.0,07/2016,Incumbent
51-4191.00,"Heat Treating Equipment Setters, Operators, and Tenders, Metal and Plastic",12109,"Clean oxides and scales from parts or fittings, using steam sprays or chemical and water baths.",Supplemental,68.0,07/2016,Incumbent
51-4191.00,"Heat Treating Equipment Setters, Operators, and Tenders, Metal and Plastic",12111,"Stamp heat-treatment identification marks on parts, using hammers and punches.",Supplemental,69.0,07/2016,Incumbent
51-4192.00,"Layout Workers, Metal and Plastic",10307,"Install doors, hatches, brackets, and clips.",Supplemental,63.0,08/2018,Incumbent
51-4192.00,"Layout Workers, Metal and Plastic",10305,Brace parts in position within hulls or ships for riveting or welding.,Supplemental,63.0,08/2018,Incumbent
51-4192.00,"Layout Workers, Metal and Plastic",10303,Inspect machined parts to verify conformance to specifications.,Supplemental,61.0,08/2018,Incumbent
51-4192.00,"Layout Workers, Metal and Plastic",10306,Add dimensional details to blueprints or drawings made by other workers.,Supplemental,62.0,08/2018,Incumbent
51-4192.00,"Layout Workers, Metal and Plastic",10308,"Apply pigment to layout surfaces, using paint brushes.",Supplemental,61.0,08/2018,Incumbent
51-4193.00,"Plating Machine Setters, Operators, and Tenders, Metal and Plastic",10323,"Determine sizes and compositions of objects to be plated, and amounts of electrical current and time required.",Supplemental,81.0,07/2016,Incumbent
51-4193.00,"Plating Machine Setters, Operators, and Tenders, Metal and Plastic",10314,Test machinery to ensure that it is operating properly.,Supplemental,83.0,07/2016,Incumbent
51-4193.00,"Plating Machine Setters, Operators, and Tenders, Metal and Plastic",10329,"Measure or weigh materials, using rulers, calculators, and scales.",Supplemental,81.0,07/2016,Incumbent
51-4193.00,"Plating Machine Setters, Operators, and Tenders, Metal and Plastic",10331,"Measure, mark, and mask areas to be excluded from plating.",Supplemental,83.0,07/2016,Incumbent
51-4193.00,"Plating Machine Setters, Operators, and Tenders, Metal and Plastic",10310,"Immerse objects to be coated or plated into cleaning solutions, or spray objects with conductive solutions to prepare them for plating.",Supplemental,84.0,07/2016,Incumbent
51-4193.00,"Plating Machine Setters, Operators, and Tenders, Metal and Plastic",10335,Read production schedules to determine setups of equipment and machines.,Supplemental,83.0,07/2016,Incumbent
51-4193.00,"Plating Machine Setters, Operators, and Tenders, Metal and Plastic",10330,"Suspend objects, such as parts or molds from cathode rods, or negative terminals, and immerse objects in plating solutions.",Supplemental,80.0,07/2016,Incumbent
51-4193.00,"Plating Machine Setters, Operators, and Tenders, Metal and Plastic",10324,"Suspend sticks or pieces of plating metal from anodes, or positive terminals, and immerse metal in plating solutions.",Supplemental,84.0,07/2016,Incumbent
51-4193.00,"Plating Machine Setters, Operators, and Tenders, Metal and Plastic",10317,Adjust controls to set temperatures of coating substances and speeds of machines and equipment.,Supplemental,84.0,07/2016,Incumbent
51-4193.00,"Plating Machine Setters, Operators, and Tenders, Metal and Plastic",10325,"Monitor and measure thicknesses of electroplating on component parts to verify conformance to specifications, using micrometers.",Supplemental,84.0,07/2016,Incumbent
51-4193.00,"Plating Machine Setters, Operators, and Tenders, Metal and Plastic",10315,Operate hoists to place workpieces onto machine feed carriages or spindles.,Supplemental,84.0,07/2016,Incumbent
51-4193.00,"Plating Machine Setters, Operators, and Tenders, Metal and Plastic",10313,"Position and feed materials into processing machines, by hand or by using automated equipment.",Supplemental,81.0,07/2016,Incumbent
51-4193.00,"Plating Machine Setters, Operators, and Tenders, Metal and Plastic",10337,"Position objects to be plated in frames, or suspend them from positive or negative terminals of power supplies.",Supplemental,84.0,07/2016,Incumbent
51-4193.00,"Plating Machine Setters, Operators, and Tenders, Metal and Plastic",10345,Operate sandblasting equipment to roughen and clean surfaces of workpieces.,Supplemental,81.0,07/2016,Incumbent
51-4193.00,"Plating Machine Setters, Operators, and Tenders, Metal and Plastic",10322,"Clean and maintain equipment, using water hoses and scrapers.",Supplemental,80.0,07/2016,Incumbent
51-4193.00,"Plating Machine Setters, Operators, and Tenders, Metal and Plastic",10343,"Clean workpieces, using wire brushes.",Supplemental,81.0,07/2016,Incumbent
51-4193.00,"Plating Machine Setters, Operators, and Tenders, Metal and Plastic",10332,"Mix and test solutions, and turn valves to fill tanks with solutions.",Supplemental,83.0,07/2016,Incumbent
51-4193.00,"Plating Machine Setters, Operators, and Tenders, Metal and Plastic",10340,"Replace worn parts and adjust equipment components, using hand tools.",Supplemental,83.0,07/2016,Incumbent
51-4193.00,"Plating Machine Setters, Operators, and Tenders, Metal and Plastic",10333,Place plated or coated materials on racks and transfer them to ovens to dry for specified periods of time.,Supplemental,84.0,07/2016,Incumbent
51-4193.00,"Plating Machine Setters, Operators, and Tenders, Metal and Plastic",10338,"Measure and set stops, rolls, brushes, and guides on automatic feeders and conveying equipment or coating machines, using micrometers, rules, and hand tools.",Supplemental,84.0,07/2016,Incumbent
51-4193.00,"Plating Machine Setters, Operators, and Tenders, Metal and Plastic",10320,"Position containers to receive parts, and load or unload materials in containers, using dollies or handtrucks.",Supplemental,84.0,07/2016,Incumbent
51-4193.00,"Plating Machine Setters, Operators, and Tenders, Metal and Plastic",10321,"Perform equipment maintenance, such as cleaning tanks and lubricating moving parts of conveyors.",Supplemental,83.0,07/2016,Incumbent
51-4193.00,"Plating Machine Setters, Operators, and Tenders, Metal and Plastic",10339,Preheat workpieces in ovens.,Supplemental,83.0,07/2016,Incumbent
51-4194.00,"Tool Grinders, Filers, and Sharpeners",20926,Fit parts together in pre-assembly to ensure that dimensions are accurate.,Supplemental,70.0,07/2016,Incumbent
51-4194.00,"Tool Grinders, Filers, and Sharpeners",10364,"Attach workpieces to grinding machines and form specified sections and repair cracks, using welding or brazing equipment.",Supplemental,70.0,07/2016,Incumbent
51-4194.00,"Tool Grinders, Filers, and Sharpeners",10362,"Duplicate workpiece contours, using tracer attachments.",Supplemental,69.0,07/2016,Incumbent
51-4194.00,"Tool Grinders, Filers, and Sharpeners",10361,"Inspect dies to detect defects, assess wear, and verify specifications, using micrometers, steel gauge pins, and loupes.",Supplemental,71.0,07/2016,Incumbent
51-4194.00,"Tool Grinders, Filers, and Sharpeners",10365,Place workpieces in electroplating solutions or apply pigments to surfaces of workpieces to highlight ridges and grooves.,Supplemental,70.0,07/2016,Incumbent
51-4194.00,"Tool Grinders, Filers, and Sharpeners",10363,"Straighten workpieces and remove dents, using straightening presses and hammers.",Supplemental,70.0,07/2016,Incumbent
51-5111.00,Prepress Technicians and Workers,10407,"Operate presses to print proofs of plates, monitoring printing quality to ensure that it is adequate.",Supplemental,97.0,07/2016,Incumbent
51-5111.00,Prepress Technicians and Workers,10425,Select proper types of plates according to press run lengths.,Supplemental,95.0,07/2016,Incumbent
51-5111.00,Prepress Technicians and Workers,10412,"Examine finished plates to detect flaws, verify conformity with master plates, and measure dot sizes and centers, using light boxes and microscopes.",Supplemental,97.0,07/2016,Incumbent
51-5111.00,Prepress Technicians and Workers,10410,Examine unexposed photographic plates to detect flaws or foreign particles prior to printing.,Supplemental,97.0,07/2016,Incumbent
51-5111.00,Prepress Technicians and Workers,10406,Examine photographic images for obvious imperfections prior to plate making.,Supplemental,96.0,07/2016,Incumbent
51-5111.00,Prepress Technicians and Workers,10433,"Scale copy for reductions and enlargements, using proportion wheels.",Supplemental,95.0,07/2016,Incumbent
51-5111.00,Prepress Technicians and Workers,10427,"Analyze originals to evaluate color density, gradation highlights, middle tones, and shadows, using densitometers and knowledge of light and color.",Supplemental,96.0,07/2016,Incumbent
51-5111.00,Prepress Technicians and Workers,10428,"Set scanners to specific color densities, sizes, screen rulings, and exposure adjustments, using scanner keyboards or computers.",Supplemental,96.0,07/2016,Incumbent
51-5112.00,Printing Press Operators,19422,"Download or scan files to be printed, using printing production software.",Supplemental,63.0,08/2020,Incumbent
51-5112.00,Printing Press Operators,19416,"Adjust digital files to alter print elements, such as fonts, graphics, or color separations.",Supplemental,63.0,08/2020,Incumbent
51-5112.00,Printing Press Operators,19433,Direct or monitor work of press crews.,Supplemental,63.0,08/2020,Incumbent
51-5112.00,Printing Press Operators,19434,Download completed jobs to archive media so that questions can be answered or jobs replicated.,Supplemental,63.0,08/2020,Incumbent
51-5112.00,Printing Press Operators,19432,"Control workflow scheduling or job tracking, using computer database software.",Supplemental,63.0,08/2020,Incumbent
51-5112.00,Printing Press Operators,19438,"Set up or operate auxiliary equipment, such as cutting, folding, plate-making, drilling, or laminating machines.",Supplemental,63.0,08/2020,Incumbent
51-5113.00,Print Binding and Finishing Workers,19447,Insert book bodies in devices that form back edges of books into convex shapes and produce grooves that facilitate cover attachment.,Supplemental,78.0,07/2015,Incumbent
51-5113.00,Print Binding and Finishing Workers,19443,"Cut cover material to specified dimensions, fitting and gluing material to binder boards by hand or machine.",Supplemental,79.0,07/2015,Incumbent
51-5113.00,Print Binding and Finishing Workers,19442,"Cut binder boards to specified dimensions, using board shears, hand cutters, or cutting machines.",Supplemental,79.0,07/2015,Incumbent
51-5113.00,Print Binding and Finishing Workers,19440,"Bind new books, using hand tools such as bone folders, knives, hammers, or brass binding tools.",Supplemental,77.0,07/2015,Incumbent
51-5113.00,Print Binding and Finishing Workers,19451,"Perform highly skilled hand finishing binding operations, such as grooving or lettering.",Supplemental,78.0,07/2015,Incumbent
51-5113.00,Print Binding and Finishing Workers,19446,"Imprint or emboss lettering, designs, or numbers on book covers, using gold, silver, or colored foil, and stamping machines.",Supplemental,79.0,07/2015,Incumbent
51-5113.00,Print Binding and Finishing Workers,19441,"Compress sewed or glued signatures, using hand presses or smashing machines.",Supplemental,79.0,07/2015,Incumbent
51-5113.00,Print Binding and Finishing Workers,19449,"Meet with clients, printers, or designers to discuss job requirements or binding plans.",Supplemental,77.0,07/2015,Incumbent
51-5113.00,Print Binding and Finishing Workers,19445,Form book bodies by folding and sewing printed sheets to form signatures and assembling signatures in numerical order.,Supplemental,76.0,07/2015,Incumbent
51-5113.00,Print Binding and Finishing Workers,19444,Design original or special bindings for limited editions or other custom binding projects.,Supplemental,76.0,07/2015,Incumbent
51-5113.00,Print Binding and Finishing Workers,19452,"Punch holes in and fasten paper sheets, signatures, or other material, using hand or machine punches and staplers.",Supplemental,77.0,07/2015,Incumbent
51-5113.00,Print Binding and Finishing Workers,19454,"Repair, restore, or rebind old, rare, or damaged books, using hand tools.",Supplemental,77.0,07/2015,Incumbent
51-6011.00,Laundry and Dry-Cleaning Workers,12136,Apply bleaching powders to spots and spray them with steam to remove stains from fabrics that do not respond to other cleaning solvents.,Supplemental,80.0,07/2015,Incumbent
51-6011.00,Laundry and Dry-Cleaning Workers,12127,"Determine spotting procedures and proper solvents, based on fabric and stain types.",Supplemental,81.0,07/2015,Incumbent
51-6011.00,Laundry and Dry-Cleaning Workers,12128,"Spray steam, water, or air over spots to flush out chemicals, dry material, raise naps, or brighten colors.",Supplemental,81.0,07/2015,Incumbent
51-6011.00,Laundry and Dry-Cleaning Workers,12131,"Pre-soak, sterilize, scrub, spot-clean, and dry contaminated or stained articles, using neutralizer solutions and portable machines.",Supplemental,80.0,07/2015,Incumbent
51-6011.00,Laundry and Dry-Cleaning Workers,12137,"Mix bleaching agents with hot water in vats, and soak material until it is bleached.",Supplemental,79.0,07/2015,Incumbent
51-6011.00,Laundry and Dry-Cleaning Workers,12122,"Mix and add detergents, dyes, bleaches, starches, and other solutions and chemicals to clean, color, dry, or stiffen articles.",Supplemental,78.0,07/2015,Incumbent
51-6011.00,Laundry and Dry-Cleaning Workers,12135,"Sprinkle chemical solvents over stains, and pat areas with brushes or sponges to remove stains.",Supplemental,80.0,07/2015,Incumbent
51-6011.00,Laundry and Dry-Cleaning Workers,12138,"Match sample colors, applying knowledge of bleaching agent and dye properties, and types, construction, conditions, and colors of articles.",Supplemental,80.0,07/2015,Incumbent
51-6011.00,Laundry and Dry-Cleaning Workers,12126,"Inspect soiled articles to determine sources of stains, to locate color imperfections, and to identify items requiring special treatment.",Supplemental,80.0,07/2015,Incumbent
51-6011.00,Laundry and Dry-Cleaning Workers,12133,"Operate machines that comb, dry and polish furs, clean, sterilize and fluff feathers and blankets, or roll and package towels.",Supplemental,79.0,07/2015,Incumbent
51-6011.00,Laundry and Dry-Cleaning Workers,12142,"Iron or press articles, fabrics, and furs, using hand irons or pressing machines.",Supplemental,80.0,07/2015,Incumbent
51-6011.00,Laundry and Dry-Cleaning Workers,12143,"Hang curtains, drapes, blankets, pants, and other garments on stretch frames to dry.",Supplemental,80.0,07/2015,Incumbent
51-6011.00,Laundry and Dry-Cleaning Workers,12140,"Identify articles' fabrics and original dyes by sight and touch, or by testing samples with fire or chemical reagents.",Supplemental,78.0,07/2015,Incumbent
51-6011.00,Laundry and Dry-Cleaning Workers,12147,Immerse articles in bleaching baths to strip colors.,Supplemental,82.0,07/2015,Incumbent
51-6011.00,Laundry and Dry-Cleaning Workers,12134,"Spread soiled articles on work tables, and position stained portions over vacuum heads or on marble slabs.",Supplemental,79.0,07/2015,Incumbent
51-6021.00,"Pressers, Textile, Garment, and Related Materials",14056,Use covering cloths to prevent equipment from damaging delicate fabrics.,Supplemental,62.0,07/2017,Incumbent
51-6021.00,"Pressers, Textile, Garment, and Related Materials",14059,"Examine and measure finished articles to verify conformance to standards, using measuring devices such as tape measures and micrometers.",Supplemental,61.0,07/2017,Incumbent
51-6021.00,"Pressers, Textile, Garment, and Related Materials",14048,"Finish velvet garments by steaming them on bucks of hot-head presses or steam tables, and brushing pile (nap) with handbrushes.",Supplemental,59.0,07/2017,Incumbent
51-6021.00,"Pressers, Textile, Garment, and Related Materials",14061,"Measure fabric to specifications, cut uneven edges with shears, fold material, and press it with an iron to form a heading.",Supplemental,61.0,07/2017,Incumbent
51-6021.00,"Pressers, Textile, Garment, and Related Materials",14054,Insert heated metal forms into ties and touch up rough places with hand irons.,Supplemental,58.0,07/2017,Incumbent
51-6021.00,"Pressers, Textile, Garment, and Related Materials",14055,"Brush materials made of suede, leather, or felt to remove spots or to raise and smooth naps.",Supplemental,62.0,07/2017,Incumbent
51-6021.00,"Pressers, Textile, Garment, and Related Materials",14060,"Sew ends of new material to leaders or to ends of material in pressing machines, using sewing machines.",Supplemental,61.0,07/2017,Incumbent
51-6021.00,"Pressers, Textile, Garment, and Related Materials",14058,"Select, install, and adjust machine components, including pressing forms, rollers, and guides, using hoists and hand tools.",Supplemental,60.0,07/2017,Incumbent
51-6031.00,Sewing Machine Operators,12165,"Cut materials according to specifications, using blades, scissors, or electric knives.",Supplemental,107.0,07/2017,Incumbent
51-6031.00,Sewing Machine Operators,12156,"Inspect garments, and examine repair tags and markings on garments to locate defects or damage, and mark errors as necessary.",Supplemental,106.0,07/2017,Incumbent
51-6031.00,Sewing Machine Operators,12171,"Attach buttons, hooks, zippers, fasteners, or other accessories to fabric, using feeding hoppers or clamp holders.",Supplemental,105.0,07/2017,Incumbent
51-6031.00,Sewing Machine Operators,12168,"Position material or articles in clamps, templates, or hoop frames prior to automatic operation of machines.",Supplemental,102.0,07/2017,Incumbent
51-6031.00,Sewing Machine Operators,12174,Draw markings or pin appliques on fabric to obtain variations in design.,Supplemental,104.0,07/2017,Incumbent
51-6031.00,Sewing Machine Operators,12173,Tape or twist together thread or cord to repair breaks.,Supplemental,107.0,07/2017,Incumbent
51-6031.00,Sewing Machine Operators,12172,Baste edges of material to align and temporarily secure parts for final assembly.,Supplemental,104.0,07/2017,Incumbent
51-6031.00,Sewing Machine Operators,12167,Position and mark patterns on materials to prepare for sewing.,Supplemental,107.0,07/2017,Incumbent
51-6031.00,Sewing Machine Operators,12170,"Perform specialized or automatic sewing machine functions, such as buttonhole making or tacking.",Supplemental,105.0,07/2017,Incumbent
51-6041.00,Shoe and Leather Workers and Repairers,14087,"Prepare inserts, heel pads, and lifts from casts of customers' feet.",Supplemental,48.0,08/2022,Incumbent
51-6041.00,Shoe and Leather Workers and Repairers,14067,"Dress and otherwise finish boots or shoes, as by trimming the edges of new soles and heels to the shoe shape.",Supplemental,49.0,08/2022,Incumbent
51-6041.00,Shoe and Leather Workers and Repairers,14069,"Attach insoles to shoe lasts, affix shoe uppers, and apply heels and outsoles.",Supplemental,47.0,08/2022,Incumbent
51-6041.00,Shoe and Leather Workers and Repairers,14076,Clean and polish shoes.,Supplemental,47.0,08/2022,Incumbent
51-6041.00,Shoe and Leather Workers and Repairers,14070,"Cement, nail, or sew soles and heels to shoes.",Supplemental,48.0,08/2022,Incumbent
51-6041.00,Shoe and Leather Workers and Repairers,14077,"Check the texture, color, and strength of leather to ensure that it is adequate for a particular purpose.",Supplemental,48.0,08/2022,Incumbent
51-6041.00,Shoe and Leather Workers and Repairers,14071,"Shape shoe heels with a knife, and sand them on a buffing wheel for smoothness.",Supplemental,48.0,08/2022,Incumbent
51-6041.00,Shoe and Leather Workers and Repairers,14075,"Place shoes on lasts to remove soles and heels, using knives or pliers.",Supplemental,49.0,08/2022,Incumbent
51-6041.00,Shoe and Leather Workers and Repairers,14072,"Repair or replace soles, heels, and other parts of footwear, using sewing, buffing and other shoe repair machines, materials, and equipment.",Supplemental,47.0,08/2022,Incumbent
51-6041.00,Shoe and Leather Workers and Repairers,14082,"Cut, insert, position, and secure paddings, cushioning, or linings, using stitches or glue.",Supplemental,48.0,08/2022,Incumbent
51-6041.00,Shoe and Leather Workers and Repairers,14068,"Estimate the costs of requested products or services such as custom footwear or footwear repair, and receive payment from customers.",Supplemental,46.0,08/2022,Incumbent
51-6041.00,Shoe and Leather Workers and Repairers,14083,"Draw patterns, using measurements, designs, plaster casts, or customer specifications, and position or outline patterns on work pieces.",Supplemental,48.0,08/2022,Incumbent
51-6041.00,Shoe and Leather Workers and Repairers,14086,Nail heel and toe cleats onto shoes.,Supplemental,47.0,08/2022,Incumbent
51-6041.00,Shoe and Leather Workers and Repairers,14088,"Re-sew seams, and replace handles and linings of suitcases or handbags.",Supplemental,48.0,08/2022,Incumbent
51-6041.00,Shoe and Leather Workers and Repairers,14085,"Stretch shoes, dampening parts and inserting and twisting parts, using an adjustable stretcher.",Supplemental,47.0,08/2022,Incumbent
51-6041.00,Shoe and Leather Workers and Repairers,14078,"Read prescriptions or specifications, and take measurements to establish the type of product to be made, using calipers, tape measures, or rules.",Supplemental,48.0,08/2022,Incumbent
51-6041.00,Shoe and Leather Workers and Repairers,14081,Attach accessories or ornamentation to decorate or protect products.,Supplemental,48.0,08/2022,Incumbent
51-6041.00,Shoe and Leather Workers and Repairers,14073,"Make, modify, and repair orthopedic or therapeutic footwear according to doctors' prescriptions, or modify existing footwear for people with foot problems and special needs.",Supplemental,48.0,08/2022,Incumbent
51-6041.00,Shoe and Leather Workers and Repairers,14066,"Select materials and patterns, and trace patterns onto materials to be cut out.",Supplemental,48.0,08/2022,Incumbent
51-6042.00,Shoe Machine Operators and Tenders,14102,Fill shuttle spools with thread from a machine's bobbin winder by pressing a foot treadle.,Supplemental,53.0,08/2024,Incumbent
51-6042.00,Shoe Machine Operators and Tenders,14104,"Staple sides of shoes, pressing a foot treadle to position and hold each shoe under the feeder of the machine.",Supplemental,53.0,08/2024,Incumbent
51-6042.00,Shoe Machine Operators and Tenders,14098,Position dies on material in a manner that will obtain the maximum number of parts from each portion of material.,Supplemental,55.0,08/2024,Incumbent
51-6042.00,Shoe Machine Operators and Tenders,14097,"Collect shoe parts from conveyer belts or racks and place them in machinery such as ovens or on molds for dressing, returning them to conveyers or racks to send them to the next work station.",Supplemental,53.0,08/2024,Incumbent
51-6042.00,Shoe Machine Operators and Tenders,14095,"Turn setscrews on needle bars, and position required numbers of needles in stitching machines.",Supplemental,53.0,08/2024,Incumbent
51-6042.00,Shoe Machine Operators and Tenders,14093,Turn screws to regulate size of staples.,Supplemental,54.0,08/2024,Incumbent
51-6042.00,Shoe Machine Operators and Tenders,14106,Hammer loose staples for proper attachment.,Supplemental,53.0,08/2024,Incumbent
51-6051.00,"Sewers, Hand",24001,"Fit garments on clients, altering as needed.",Supplemental,47.0,08/2024,Incumbent
51-6051.00,"Sewers, Hand",14113,"Smooth seams with heated irons, flat bones, or rubbing sticks.",Supplemental,46.0,08/2024,Incumbent
51-6051.00,"Sewers, Hand",14111,Draw and cut patterns according to specifications.,Supplemental,47.0,08/2024,Incumbent
51-6051.00,"Sewers, Hand",14112,"Fold, twist, stretch, or drape material, and secure articles in preparation for sewing.",Supplemental,46.0,08/2024,Incumbent
51-6051.00,"Sewers, Hand",14116,"Sew buttonholes, or add lace or other trimming.",Supplemental,47.0,08/2024,Incumbent
51-6051.00,"Sewers, Hand",14118,"Tie, knit, weave or knot ribbon, yarn, or decorative materials.",Supplemental,47.0,08/2024,Incumbent
51-6061.00,Textile Bleaching and Dyeing Machine Operators and Tenders,14136,"Sew ends of cloth together, by hand or using machines, to form endless lengths of cloth to facilitate processing.",Supplemental,48.0,08/2023,Incumbent
51-6061.00,Textile Bleaching and Dyeing Machine Operators and Tenders,14142,Ravel seams that connect cloth ends when processing is completed.,Supplemental,47.0,08/2023,Incumbent
51-6061.00,Textile Bleaching and Dyeing Machine Operators and Tenders,14131,Remove dyed articles from tanks and machines for drying and further processing.,Supplemental,49.0,08/2023,Incumbent
51-6061.00,Textile Bleaching and Dyeing Machine Operators and Tenders,14132,"Study guides, charts, and specification sheets, and confer with supervisors to determine machine setup requirements.",Supplemental,49.0,08/2023,Incumbent
51-6061.00,Textile Bleaching and Dyeing Machine Operators and Tenders,14125,"Prepare dyeing machines for production runs, and conduct test runs of machines to ensure their proper operation.",Supplemental,49.0,08/2023,Incumbent
51-6061.00,Textile Bleaching and Dyeing Machine Operators and Tenders,14137,Key in processing instructions to program electronic equipment.,Supplemental,49.0,08/2023,Incumbent
51-6061.00,Textile Bleaching and Dyeing Machine Operators and Tenders,14130,Test solutions used to process textile goods to detect variations from standards.,Supplemental,49.0,08/2023,Incumbent
51-6061.00,Textile Bleaching and Dyeing Machine Operators and Tenders,14129,"Record production information such as fabric yardage processed, temperature readings, fabric tensions, and machine speeds.",Supplemental,48.0,08/2023,Incumbent
51-6061.00,Textile Bleaching and Dyeing Machine Operators and Tenders,14139,Thread ends of cloth or twine through specified sections of equipment prior to processing.,Supplemental,49.0,08/2023,Incumbent
51-6061.00,Textile Bleaching and Dyeing Machine Operators and Tenders,14140,"Mount rolls of cloth on machines, using hoists, or place textile goods in machines or pieces of equipment.",Supplemental,48.0,08/2023,Incumbent
51-6061.00,Textile Bleaching and Dyeing Machine Operators and Tenders,14143,"Install, level, and align components such as gears, chains, dies, cutters, and needles.",Supplemental,49.0,08/2023,Incumbent
51-6061.00,Textile Bleaching and Dyeing Machine Operators and Tenders,14141,"Perform machine maintenance, such as cleaning and oiling equipment, and repair or replace worn or defective parts.",Supplemental,48.0,08/2023,Incumbent
51-6062.00,"Textile Cutting Machine Setters, Operators, and Tenders",14162,"Thread yarn, thread, or fabric through guides, needles, and rollers of machines.",Supplemental,69.0,08/2019,Incumbent
51-6062.00,"Textile Cutting Machine Setters, Operators, and Tenders",14156,"Operate machines to cut multiple layers of fabric into parts for articles such as canvas goods, house furnishings, garments, hats, or stuffed toys.",Supplemental,69.0,08/2019,Incumbent
51-6062.00,"Textile Cutting Machine Setters, Operators, and Tenders",14148,Adjust cutting techniques to types of fabrics and styles of garments.,Supplemental,66.0,08/2019,Incumbent
51-6062.00,"Textile Cutting Machine Setters, Operators, and Tenders",14161,Program electronic equipment.,Supplemental,68.0,08/2019,Incumbent
51-6062.00,"Textile Cutting Machine Setters, Operators, and Tenders",14157,"Study guides, samples, charts, and specification sheets or confer with supervisors or engineering staff to determine set-up requirements.",Supplemental,69.0,08/2019,Incumbent
51-6062.00,"Textile Cutting Machine Setters, Operators, and Tenders",14159,Stop machines when specified amounts of product have been produced.,Supplemental,68.0,08/2019,Incumbent
51-6062.00,"Textile Cutting Machine Setters, Operators, and Tenders",14158,Operate machines for test runs to verify adjustments and to obtain product samples.,Supplemental,69.0,08/2019,Incumbent
51-6062.00,"Textile Cutting Machine Setters, Operators, and Tenders",14160,"Install, level, and align components, such as gears, chains, guides, dies, cutters, or needles, to set up machinery for operation.",Supplemental,68.0,08/2019,Incumbent
51-6063.00,"Textile Knitting and Weaving Machine Setters, Operators, and Tenders",14178,Program electronic equipment.,Supplemental,66.0,08/2023,Incumbent
51-6063.00,"Textile Knitting and Weaving Machine Setters, Operators, and Tenders",14169,"Set up, or set up and operate textile machines that perform textile processing and manufacturing operations such as winding, twisting, knitting, weaving, bonding, or stretching.",Supplemental,67.0,08/2023,Incumbent
51-6063.00,"Textile Knitting and Weaving Machine Setters, Operators, and Tenders",14181,"Install, level, and align machine components such as gears, chains, guides, dies, cutters, or needles to set up machinery for operation.",Supplemental,67.0,08/2023,Incumbent
51-6063.00,"Textile Knitting and Weaving Machine Setters, Operators, and Tenders",14172,Record information about work completed and machine settings.,Supplemental,67.0,08/2023,Incumbent
51-6063.00,"Textile Knitting and Weaving Machine Setters, Operators, and Tenders",14179,"Study guides, loom patterns, samples, charts, or specification sheets, or confer with supervisors or engineering staff to determine setup requirements.",Supplemental,65.0,08/2023,Incumbent
51-6063.00,"Textile Knitting and Weaving Machine Setters, Operators, and Tenders",14180,"Repair or replace worn or defective needles and other components, using hand tools.",Supplemental,66.0,08/2023,Incumbent
51-6063.00,"Textile Knitting and Weaving Machine Setters, Operators, and Tenders",14175,"Clean, oil, and lubricate machines, using air hoses, cleaning solutions, rags, oil cans, or grease guns.",Supplemental,67.0,08/2023,Incumbent
51-6063.00,"Textile Knitting and Weaving Machine Setters, Operators, and Tenders",14182,"Adjust machine heating mechanisms, tensions, and speeds to produce specified products.",Supplemental,66.0,08/2023,Incumbent
51-6064.00,"Textile Winding, Twisting, and Drawing Out Machine Setters, Operators, and Tenders",14202,"Observe bobbins as they are winding and cut threads to remove loaded bobbins, using knives.",Supplemental,69.0,08/2019,Incumbent
51-6064.00,"Textile Winding, Twisting, and Drawing Out Machine Setters, Operators, and Tenders",14201,"Unwind lengths of yarn, thread, or twine from spools and wind onto bobbins.",Supplemental,68.0,08/2019,Incumbent
51-6064.00,"Textile Winding, Twisting, and Drawing Out Machine Setters, Operators, and Tenders",14203,Adjust machine settings such as speed or tension to produce products that meet specifications.,Supplemental,69.0,08/2019,Incumbent
51-6064.00,"Textile Winding, Twisting, and Drawing Out Machine Setters, Operators, and Tenders",14197,"Study guides, samples, charts, and specification sheets, or confer with supervisors or engineering staff to determine setup requirements.",Supplemental,69.0,08/2019,Incumbent
51-6064.00,"Textile Winding, Twisting, and Drawing Out Machine Setters, Operators, and Tenders",14200,Tend spinning frames that draw out and twist roving or sliver into yarn.,Supplemental,66.0,08/2019,Incumbent
51-6064.00,"Textile Winding, Twisting, and Drawing Out Machine Setters, Operators, and Tenders",14205,Remove spindles from machines and bobbins from spindles.,Supplemental,67.0,08/2019,Incumbent
51-6064.00,"Textile Winding, Twisting, and Drawing Out Machine Setters, Operators, and Tenders",14199,"Install, level, and align machine components such as gears, chains, guides, dies, cutters, or needles to set up machinery for operation.",Supplemental,66.0,08/2019,Incumbent
51-6064.00,"Textile Winding, Twisting, and Drawing Out Machine Setters, Operators, and Tenders",14193,Place bobbins on spindles and insert spindles into bobbin-winding machines.,Supplemental,66.0,08/2019,Incumbent
51-6064.00,"Textile Winding, Twisting, and Drawing Out Machine Setters, Operators, and Tenders",14185,"Tend machines with multiple winding units that wind thread onto shuttle bobbins for use on sewing machines or other kinds of bobbins for sole-stitching, knitting, or weaving machinery.",Supplemental,69.0,08/2019,Incumbent
51-6064.00,"Textile Winding, Twisting, and Drawing Out Machine Setters, Operators, and Tenders",14206,"Repair or replace worn or defective parts or components, using hand tools.",Supplemental,68.0,08/2019,Incumbent
51-6064.00,"Textile Winding, Twisting, and Drawing Out Machine Setters, Operators, and Tenders",14198,"Measure bobbins periodically, using gauges, and turn screws to adjust tension if bobbins are not of specified size.",Supplemental,68.0,08/2019,Incumbent
51-6064.00,"Textile Winding, Twisting, and Drawing Out Machine Setters, Operators, and Tenders",14204,"Clean, oil, and lubricate machines, using air hoses, cleaning solutions, rags, oilcans, and grease guns.",Supplemental,68.0,08/2019,Incumbent
51-6091.00,"Extruding and Forming Machine Setters, Operators, and Tenders, Synthetic and Glass Fibers",14215,"Observe flow of finish across finish rollers, and turn valves to adjust flow to specifications.",Supplemental,61.0,08/2019,Incumbent
51-6091.00,"Extruding and Forming Machine Setters, Operators, and Tenders, Synthetic and Glass Fibers",14219,"Remove polymer deposits from spinnerettes and equipment, using silicone spray, brass chisels, and bronze-wool pads.",Supplemental,61.0,08/2019,Incumbent
51-6091.00,"Extruding and Forming Machine Setters, Operators, and Tenders, Synthetic and Glass Fibers",14218,Press metering-pump buttons and turn valves to stop flow of polymers.,Supplemental,61.0,08/2019,Incumbent
51-6091.00,"Extruding and Forming Machine Setters, Operators, and Tenders, Synthetic and Glass Fibers",14224,"Record operational data on tags, and attach tags to machines.",Supplemental,60.0,08/2019,Incumbent
51-6091.00,"Extruding and Forming Machine Setters, Operators, and Tenders, Synthetic and Glass Fibers",14210,Start metering pumps and observe operation of machines and equipment to ensure continuous flow of filaments extruded through spinnerettes and to detect processing defects.,Supplemental,61.0,08/2019,Incumbent
51-6091.00,"Extruding and Forming Machine Setters, Operators, and Tenders, Synthetic and Glass Fibers",14207,"Remove excess, entangled, or completed filaments from machines, using hand tools.",Supplemental,60.0,08/2019,Incumbent
51-6091.00,"Extruding and Forming Machine Setters, Operators, and Tenders, Synthetic and Glass Fibers",14227,Wipe finish rollers with cloths and wash finish trays with water when necessary.,Supplemental,61.0,08/2019,Incumbent
51-6091.00,"Extruding and Forming Machine Setters, Operators, and Tenders, Synthetic and Glass Fibers",14225,Lower pans inside cabinets to catch molten filaments until flow of polymer through packs has stopped.,Supplemental,61.0,08/2019,Incumbent
51-6091.00,"Extruding and Forming Machine Setters, Operators, and Tenders, Synthetic and Glass Fibers",14217,"Open cabinet doors to cut multifilament threadlines away from guides, using scissors.",Supplemental,59.0,08/2019,Incumbent
51-6093.00,Upholsterers,14234,"Draw cutting lines on material following patterns, templates, sketches, or blueprints, using chalk, pencils, paint, or other methods.",Supplemental,54.0,07/2016,Incumbent
51-6093.00,Upholsterers,14246,"Stretch webbing and fabric, using webbing stretchers.",Supplemental,55.0,07/2016,Incumbent
51-6093.00,Upholsterers,14240,Operate sewing machines or sew upholstery by hand to seam cushions and join various sections of covering material.,Supplemental,55.0,07/2016,Incumbent
51-6093.00,Upholsterers,14247,"Design upholstery cover patterns and cutting plans, based on sketches, customer descriptions, or blueprints.",Supplemental,55.0,07/2016,Incumbent
51-6093.00,Upholsterers,14237,Maintain records of time required to perform each job.,Supplemental,54.0,07/2016,Incumbent
51-6093.00,Upholsterers,14238,"Discuss upholstery fabrics, colors, and styles with customers, and provide cost estimates.",Supplemental,55.0,07/2016,Incumbent
51-6093.00,Upholsterers,14241,Pick up and deliver furniture.,Supplemental,56.0,07/2016,Incumbent
51-6093.00,Upholsterers,14244,Attach bindings or apply solutions to edges of cut material to prevent raveling.,Supplemental,55.0,07/2016,Incumbent
51-6093.00,Upholsterers,14249,Collaborate with interior designers to decorate rooms and coordinate furnishing fabrics.,Supplemental,55.0,07/2016,Incumbent
51-6093.00,Upholsterers,14248,"Make, repair, or replace automobile upholstery and convertible and vinyl tops, using knowledge of fabric and upholstery methods.",Supplemental,53.0,07/2016,Incumbent
51-7011.00,Cabinetmakers and Bench Carpenters,12222,"Estimate the amounts, types, or costs of needed materials.",Supplemental,61.0,07/2015,Incumbent
51-7011.00,Cabinetmakers and Bench Carpenters,12229,"Dip, brush, or spray assembled articles with protective or decorative finishes, such as stain, varnish, paint, or lacquer.",Supplemental,61.0,07/2015,Incumbent
51-7011.00,Cabinetmakers and Bench Carpenters,20822,Draw up detailed specifications and discuss projects with customers.,Supplemental,61.0,07/2015,Incumbent
51-7011.00,Cabinetmakers and Bench Carpenters,12228,"Design furniture, using computer-aided drawing programs.",Supplemental,61.0,07/2015,Incumbent
51-7011.00,Cabinetmakers and Bench Carpenters,12227,"Apply Masonite, formica, or vinyl surfacing materials.",Supplemental,60.0,07/2015,Incumbent
51-7011.00,Cabinetmakers and Bench Carpenters,12221,Program computers to operate machinery.,Supplemental,60.0,07/2015,Incumbent
51-7021.00,Furniture Finishers,14265,Confer with customers to determine furniture colors or finishes.,Supplemental,71.0,07/2017,Incumbent
51-7021.00,Furniture Finishers,14258,"Recommend woods, colors, finishes, and furniture styles, using knowledge of wood products, fashions, and styles.",Supplemental,71.0,07/2017,Incumbent
51-7021.00,Furniture Finishers,14262,Wash surfaces to prepare them for finish application.,Supplemental,71.0,07/2017,Incumbent
51-7021.00,Furniture Finishers,14260,Follow blueprints to produce specific designs.,Supplemental,71.0,07/2017,Incumbent
51-7021.00,Furniture Finishers,14257,"Paint metal surfaces electrostatically, or by using a spray gun or other painting equipment.",Supplemental,70.0,07/2017,Incumbent
51-7021.00,Furniture Finishers,14266,"Replace or refurbish upholstery of items, using tacks, adhesives, softeners, solvents, stains, or polish.",Supplemental,71.0,07/2017,Incumbent
51-7021.00,Furniture Finishers,14269,"Design, create, and decorate entire pieces or specific parts of furniture, such as draws for cabinets.",Supplemental,70.0,07/2017,Incumbent
51-7021.00,Furniture Finishers,14271,Spread graining ink over metal portions of furniture to simulate wood-grain finish.,Supplemental,71.0,07/2017,Incumbent
51-7021.00,Furniture Finishers,14270,Brush bleaching agents on wood surfaces to restore natural color.,Supplemental,71.0,07/2017,Incumbent
51-7031.00,"Model Makers, Wood",14285,"Finish patterns or models with protective or decorative coatings such as shellac, lacquer, or wax.",Supplemental,41.0,08/2024,Incumbent
51-7032.00,"Patternmakers, Wood",12248,Issue patterns to designated machine operators.,Supplemental,77.0,08/2021,Incumbent
51-7041.00,"Sawing Machine Setters, Operators, and Tenders, Wood",12260,"Adjust bolts, clamps, stops, guides, or table angles or heights, using hand tools.",Supplemental,58.0,07/2013,Incumbent
51-7041.00,"Sawing Machine Setters, Operators, and Tenders, Wood",12252,Examine logs or lumber to plan the best cuts.,Supplemental,58.0,07/2013,Incumbent
51-7041.00,"Sawing Machine Setters, Operators, and Tenders, Wood",12269,"Trim lumber to straighten rough edges or remove defects, using circular saws.",Supplemental,58.0,07/2013,Incumbent
51-7041.00,"Sawing Machine Setters, Operators, and Tenders, Wood",12262,"Count, sort, or stack finished workpieces.",Supplemental,58.0,07/2013,Incumbent
51-7041.00,"Sawing Machine Setters, Operators, and Tenders, Wood",12270,"Position and clamp stock on tables, conveyors, or carriages, using hoists, guides, stops, dogs, wedges, or wrenches.",Supplemental,56.0,07/2013,Incumbent
51-7041.00,"Sawing Machine Setters, Operators, and Tenders, Wood",12266,Measure and mark stock for cuts.,Supplemental,58.0,07/2013,Incumbent
51-7041.00,"Sawing Machine Setters, Operators, and Tenders, Wood",12255,Operate panelboards of saw or conveyor systems to move stock through processes or to cut stock to specified dimensions.,Supplemental,57.0,07/2013,Incumbent
51-7041.00,"Sawing Machine Setters, Operators, and Tenders, Wood",12267,"Examine blueprints, drawings, work orders, or patterns to determine equipment set-up or selection details, procedures to be used, or dimensions of final products.",Supplemental,59.0,07/2013,Incumbent
51-7041.00,"Sawing Machine Setters, Operators, and Tenders, Wood",12258,"Select saw blades, types or grades of stock, or cutting procedures to be used, according to work orders or supervisors' instructions.",Supplemental,56.0,07/2013,Incumbent
51-7041.00,"Sawing Machine Setters, Operators, and Tenders, Wood",12271,"Cut grooves, bevels, or miters, saw curved or irregular designs, and sever or shape metals, according to specifications or work orders.",Supplemental,59.0,07/2013,Incumbent
51-7041.00,"Sawing Machine Setters, Operators, and Tenders, Wood",12272,Unclamp and remove finished workpieces from tables.,Supplemental,59.0,07/2013,Incumbent
51-7041.00,"Sawing Machine Setters, Operators, and Tenders, Wood",12265,Dispose of waste material after completing work assignments.,Supplemental,59.0,07/2013,Incumbent
51-7042.00,"Woodworking Machine Setters, Operators, and Tenders, Except Sawing",12296,Unclamp workpieces and remove them from machines.,Supplemental,90.0,07/2015,Incumbent
51-7042.00,"Woodworking Machine Setters, Operators, and Tenders, Except Sawing",12297,Start machines and move levers to engage hydraulic lifts that press woodstocks into desired forms and disengage lifts after appropriate drying times.,Supplemental,91.0,07/2015,Incumbent
51-7042.00,"Woodworking Machine Setters, Operators, and Tenders, Except Sawing",12293,"Operate gluing machines to glue pieces of wood together, or to press and affix wood veneer to wood surfaces.",Supplemental,89.0,07/2015,Incumbent
51-7042.00,"Woodworking Machine Setters, Operators, and Tenders, Except Sawing",12292,"Set up, program, or control computer-aided design (CAD) or computer numerical control (CNC) machines.",Supplemental,90.0,07/2015,Incumbent
51-7042.00,"Woodworking Machine Setters, Operators, and Tenders, Except Sawing",12298,Control hoists to remove parts or products from work stations.,Supplemental,90.0,07/2015,Incumbent
51-8011.00,Nuclear Power Reactor Operators,8516,"Direct reactor operators in emergency situations, in accordance with emergency operating procedures.",Supplemental,116.0,07/2014,Incumbent
51-8011.00,Nuclear Power Reactor Operators,8517,Authorize maintenance activities on units or changes in equipment or system operational status.,Supplemental,116.0,07/2014,Incumbent
51-8011.00,Nuclear Power Reactor Operators,19912,Supervise technicians' work activities to ensure that equipment is operated in accordance with policies and procedures that protect workers from radiation and ensure environmental safety.,Supplemental,116.0,07/2014,Incumbent
51-8011.00,Nuclear Power Reactor Operators,19907,Authorize actions to correct identified operational inefficiencies or hazards so that operating efficiency is maximized and potential environmental issues are minimized.,Supplemental,116.0,07/2014,Incumbent
51-8011.00,Nuclear Power Reactor Operators,19909,"Direct the collection and testing of air, water, gas, or solid samples to determine radioactivity levels or to ensure appropriate radioactive containment.",Supplemental,116.0,07/2014,Incumbent
51-8011.00,Nuclear Power Reactor Operators,19908,"Direct measurement of the intensity or types of radiation in work areas, equipment, or materials.",Supplemental,116.0,07/2014,Incumbent
51-8012.00,Power Distributors and Dispatchers,12310,Inspect equipment to ensure that specifications are met or to detect any defects.,Supplemental,57.0,08/2024,Incumbent
51-8012.00,Power Distributors and Dispatchers,12311,Tend auxiliary equipment used in the power distribution process.,Supplemental,57.0,08/2024,Incumbent
51-8013.00,Power Plant Operators,12315,Adjust controls to generate specified electrical power or to regulate the flow of power between generating stations and substations.,Supplemental,55.0,08/2024,Incumbent
51-8013.00,Power Plant Operators,19915,"Operate, control, or monitor equipment, such as acid or gas carbon dioxide removal units, carbon dioxide compressors, or pipelines, to capture, store, or transport carbon dioxide exhaust.",Supplemental,57.0,08/2024,Incumbent
51-8013.00,Power Plant Operators,19916,"Operate, control, or monitor gasifiers or related equipment, such as coolers, water quenches, water gas shifts reactors, or sulfur recovery units, to produce syngas or electricity from coal.",Supplemental,57.0,08/2024,Incumbent
51-8013.00,Power Plant Operators,12323,Communicate with systems operators to regulate and coordinate line voltages and transmission loads and frequencies.,Supplemental,56.0,08/2024,Incumbent
51-8013.00,Power Plant Operators,19917,"Operate, control, or monitor integrated gasification combined cycle (IGCC) or related equipment, such as air separation units, to generate electricity from coal.",Supplemental,55.0,08/2024,Incumbent
51-8013.00,Power Plant Operators,12330,Receive outage calls and request necessary personnel during power outages or emergencies.,Supplemental,56.0,08/2024,Incumbent
51-8013.00,Power Plant Operators,12326,"Collect oil, water, or electrolyte samples for laboratory analysis.",Supplemental,56.0,08/2024,Incumbent
51-8013.00,Power Plant Operators,12331,"Examine and test electrical power distribution machinery and equipment, using testing devices.",Supplemental,57.0,08/2024,Incumbent
51-8013.00,Power Plant Operators,12329,"Place standby emergency electrical generators on line in emergencies and monitor the temperature, output, and lubrication of the system.",Supplemental,54.0,08/2024,Incumbent
51-8013.03,Biomass Plant Technicians,17865,Preprocess feedstock to prepare for biochemical or thermochemical production processes.,Supplemental,144.0,08/2020,Incumbent
51-8013.03,Biomass Plant Technicians,17868,Manage parts and supply inventories for biomass plants.,Supplemental,144.0,08/2020,Incumbent
51-8021.00,Stationary Engineers and Boiler Operators,10473,"Fire coal furnaces by hand or with stokers and gas- or oil-fed boilers, using automatic gas feeds or oil pumps.",Supplemental,65.0,08/2023,Incumbent
51-8021.00,Stationary Engineers and Boiler Operators,10488,"Supervise the work of assistant stationary engineers, turbine operators, boiler tenders, or air conditioning and refrigeration operators and mechanics.",Supplemental,64.0,08/2023,Incumbent
51-8021.00,Stationary Engineers and Boiler Operators,10491,Investigate and report on accidents.,Supplemental,65.0,08/2023,Incumbent
51-8021.00,Stationary Engineers and Boiler Operators,10492,Operate mechanical hoppers and provide assistance in their adjustment and repair.,Supplemental,65.0,08/2023,Incumbent
51-8021.00,Stationary Engineers and Boiler Operators,10490,"Ignite fuel in burners, using torches or flames.",Supplemental,65.0,08/2023,Incumbent
51-8091.00,Chemical Plant and System Operators,10508,"Gauge tank levels, using calibrated rods.",Supplemental,101.0,07/2015,Incumbent
51-8091.00,Chemical Plant and System Operators,10507,Calculate material requirements or yields according to formulas.,Supplemental,99.0,07/2015,Incumbent
51-8091.00,Chemical Plant and System Operators,10505,Direct workers engaged in operating machinery that regulates the flow of materials and products.,Supplemental,102.0,07/2015,Incumbent
51-8091.00,Chemical Plant and System Operators,10511,"Supervise the cleaning of towers, strainers, or spray tips.",Supplemental,101.0,07/2015,Incumbent
51-8091.00,Chemical Plant and System Operators,10510,"Defrost frozen valves, using steam hoses.",Supplemental,101.0,07/2015,Incumbent
51-8092.00,Gas Plant Operators,14301,"Control fractioning columns, compressors, purifying towers, heat exchangers, and related equipment to extract nitrogen and oxygen from air.",Supplemental,62.0,08/2023,Incumbent
51-8092.00,Gas Plant Operators,14302,"Calculate gas ratios to detect deviations from specifications, using testing apparatus.",Supplemental,62.0,08/2023,Incumbent
51-8092.00,Gas Plant Operators,14304,Operate construction equipment to install and maintain gas distribution systems.,Supplemental,61.0,08/2023,Incumbent
51-8092.00,Gas Plant Operators,14298,Change charts in recording meters.,Supplemental,61.0,08/2023,Incumbent
51-8093.00,"Petroleum Pump System Operators, Refinery Operators, and Gaugers",14314,"Read and analyze specifications, schedules, logs, test results, and laboratory recommendations to determine how to set equipment controls to produce the required qualities and quantities of products.",Supplemental,69.0,08/2023,Incumbent
51-8093.00,"Petroleum Pump System Operators, Refinery Operators, and Gaugers",14323,"Perform tests to check the qualities and grades of products, such as assessing levels of bottom sediment, water, and foreign materials in oil samples, using centrifugal testers.",Supplemental,70.0,08/2023,Incumbent
51-8093.00,"Petroleum Pump System Operators, Refinery Operators, and Gaugers",14328,"Calculate test result values, using standard formulas.",Supplemental,70.0,08/2023,Incumbent
51-8093.00,"Petroleum Pump System Operators, Refinery Operators, and Gaugers",14326,Clean interiors of processing units by circulating chemicals and solvents within units.,Supplemental,69.0,08/2023,Incumbent
51-8093.00,"Petroleum Pump System Operators, Refinery Operators, and Gaugers",14327,Clamp seals around valves to secure tanks.,Supplemental,69.0,08/2023,Incumbent
51-8093.00,"Petroleum Pump System Operators, Refinery Operators, and Gaugers",14322,Coordinate shutdowns and major projects.,Supplemental,69.0,08/2023,Incumbent
51-8093.00,"Petroleum Pump System Operators, Refinery Operators, and Gaugers",14324,Prepare calculations for receipts and deliveries of oil and oil products.,Supplemental,68.0,08/2023,Incumbent
51-8093.00,"Petroleum Pump System Operators, Refinery Operators, and Gaugers",14325,Lower thermometers into tanks to obtain temperature readings.,Supplemental,70.0,08/2023,Incumbent
51-8099.01,Biofuels Processing Technicians,17834,Coordinate raw product sourcing or collection.,Supplemental,74.0,07/2016,Incumbent
51-9012.00,"Separating, Filtering, Clarifying, Precipitating, and Still Machine Setters, Operators, and Tenders",12363,"Measure or weigh materials to be refined, mixed, transferred, stored, or otherwise processed.",Supplemental,86.0,07/2015,Incumbent
51-9012.00,"Separating, Filtering, Clarifying, Precipitating, and Still Machine Setters, Operators, and Tenders",12362,"Test samples to determine viscosity, acidity, specific gravity, or degree of concentration, using test equipment such as viscometers, pH meters, or hydrometers.",Supplemental,86.0,07/2015,Incumbent
51-9012.00,"Separating, Filtering, Clarifying, Precipitating, and Still Machine Setters, Operators, and Tenders",12371,"Install, maintain, or repair hoses, pumps, filters, or screens to maintain processing equipment, using hand tools.",Supplemental,86.0,07/2015,Incumbent
51-9012.00,"Separating, Filtering, Clarifying, Precipitating, and Still Machine Setters, Operators, and Tenders",12367,Connect pipes between vats and processing equipment.,Supplemental,86.0,07/2015,Incumbent
51-9012.00,"Separating, Filtering, Clarifying, Precipitating, and Still Machine Setters, Operators, and Tenders",20828,"Assemble fittings, valves, bowls, plates, disks, impeller shafts, or other parts to prepare equipment for operation.",Supplemental,86.0,07/2015,Incumbent
51-9012.00,"Separating, Filtering, Clarifying, Precipitating, and Still Machine Setters, Operators, and Tenders",12373,Remove full containers from discharge outlets and replace them with empty containers.,Supplemental,84.0,07/2015,Incumbent
51-9021.00,"Crushing, Grinding, and Polishing Machine Setters, Operators, and Tenders",12390,"Test samples of materials or products to ensure compliance with specifications, using test equipment.",Supplemental,46.0,08/2024,Incumbent
51-9021.00,"Crushing, Grinding, and Polishing Machine Setters, Operators, and Tenders",12392,Mark bins as to types of mixtures stored.,Supplemental,46.0,08/2024,Incumbent
51-9021.00,"Crushing, Grinding, and Polishing Machine Setters, Operators, and Tenders",12386,"Transfer materials, supplies, and products between work areas, using moving equipment and hand tools.",Supplemental,46.0,08/2024,Incumbent
51-9021.00,"Crushing, Grinding, and Polishing Machine Setters, Operators, and Tenders",12395,"Add or mix chemicals and ingredients for processing, using hand tools or other devices.",Supplemental,46.0,08/2024,Incumbent
51-9021.00,"Crushing, Grinding, and Polishing Machine Setters, Operators, and Tenders",12391,Collect samples of materials or products for laboratory testing.,Supplemental,48.0,08/2024,Incumbent
51-9021.00,"Crushing, Grinding, and Polishing Machine Setters, Operators, and Tenders",12394,"Load materials into machinery and equipment, using hand tools.",Supplemental,46.0,08/2024,Incumbent
51-9021.00,"Crushing, Grinding, and Polishing Machine Setters, Operators, and Tenders",12393,Turn valves to regulate the moisture contents of materials.,Supplemental,47.0,08/2024,Incumbent
51-9021.00,"Crushing, Grinding, and Polishing Machine Setters, Operators, and Tenders",12383,Set mill gauges to specified fineness of grind.,Supplemental,45.0,08/2024,Incumbent
51-9022.00,"Grinding and Polishing Workers, Hand",14337,"Remove completed workpieces from equipment or work tables, using hand tools, and place workpieces in containers.",Supplemental,53.0,08/2023,Incumbent
51-9022.00,"Grinding and Polishing Workers, Hand",14335,Record product and processing data on specified forms.,Supplemental,53.0,08/2023,Incumbent
51-9022.00,"Grinding and Polishing Workers, Hand",14341,"Apply solutions and chemicals to equipment, objects, or parts, using hand tools.",Supplemental,51.0,08/2023,Incumbent
51-9022.00,"Grinding and Polishing Workers, Hand",14348,Clean brass particles from files by drawing file cards through file grooves.,Supplemental,52.0,08/2023,Incumbent
51-9023.00,"Mixing and Blending Machine Setters, Operators, and Tenders",12398,"Test samples of materials or products to ensure compliance with specifications, using test equipment.",Supplemental,54.0,08/2023,Incumbent
51-9023.00,"Mixing and Blending Machine Setters, Operators, and Tenders",12415,Open valves to drain slurry from mixers into storage tanks.,Supplemental,53.0,08/2023,Incumbent
51-9031.00,"Cutters and Trimmers, Hand",14364,"Lower table-mounted cutters such as knife blades, cutting wheels, or saws to cut items to specified sizes.",Supplemental,54.0,08/2019,Incumbent
51-9031.00,"Cutters and Trimmers, Hand",14358,Stack cut items and load them on racks or conveyors or onto trucks.,Supplemental,54.0,08/2019,Incumbent
51-9031.00,"Cutters and Trimmers, Hand",14365,Adjust guides and stops to control depths and widths of cuts.,Supplemental,53.0,08/2019,Incumbent
51-9031.00,"Cutters and Trimmers, Hand",14355,Count or weigh and bundle items.,Supplemental,53.0,08/2019,Incumbent
51-9031.00,"Cutters and Trimmers, Hand",14360,"Clean, treat, buff, or polish finished items, using grinders, brushes, chisels, and cleaning solutions and polishing materials.",Supplemental,54.0,08/2019,Incumbent
51-9031.00,"Cutters and Trimmers, Hand",14362,"Route items to provide cutouts for parts, using portable routers, grinders, and hand tools.",Supplemental,53.0,08/2019,Incumbent
51-9031.00,"Cutters and Trimmers, Hand",14366,"Transport items to work or storage areas, using carts.",Supplemental,54.0,08/2019,Incumbent
51-9032.00,"Cutting and Slicing Machine Setters, Operators, and Tenders",12436,"Mark cutting lines or identifying information on stock, using marking pencils, rulers, or scribes.",Supplemental,118.0,07/2016,Incumbent
51-9032.00,"Cutting and Slicing Machine Setters, Operators, and Tenders",12420,"Type instructions on computer keyboards, push buttons to activate computer programs, or manually set cutting guides, clamps, and knives.",Supplemental,120.0,07/2016,Incumbent
51-9032.00,"Cutting and Slicing Machine Setters, Operators, and Tenders",12435,"Change or replace saw blades, cables, cutter heads, and grinding wheels, using hand tools.",Supplemental,117.0,07/2016,Incumbent
51-9032.00,"Cutting and Slicing Machine Setters, Operators, and Tenders",12438,"Position width gauge blocks between blades, and level blades and insert wedges into frames to secure blades to frames.",Supplemental,118.0,07/2016,Incumbent
51-9032.00,"Cutting and Slicing Machine Setters, Operators, and Tenders",12439,Direct workers on cutting teams.,Supplemental,118.0,07/2016,Incumbent
51-9032.00,"Cutting and Slicing Machine Setters, Operators, and Tenders",12442,"Sharpen cutting blades, knives, or saws, using files, bench grinders, or honing stones.",Supplemental,118.0,07/2016,Incumbent
51-9032.00,"Cutting and Slicing Machine Setters, Operators, and Tenders",12437,Turn cranks or press buttons to activate winches that move cars under sawing cables or saw frames.,Supplemental,117.0,07/2016,Incumbent
51-9032.00,"Cutting and Slicing Machine Setters, Operators, and Tenders",12440,Tighten pulleys or add abrasives to maintain cutting speeds.,Supplemental,118.0,07/2016,Incumbent
51-9032.00,"Cutting and Slicing Machine Setters, Operators, and Tenders",12441,"Cut stock manually to prepare for machine cutting, using tools such as knives, cleavers, handsaws, or hammers and chisels.",Supplemental,119.0,07/2016,Incumbent
51-9041.00,"Extruding, Forming, Pressing, and Compacting Machine Setters, Operators, and Tenders",12459,"Activate machines to shape or form products, such as candy bars, light bulbs, balloons, or insulation panels.",Supplemental,105.0,07/2016,Incumbent
51-9041.00,"Extruding, Forming, Pressing, and Compacting Machine Setters, Operators, and Tenders",12450,"Select and install machine components, such as dies, molds, and cutters, according to specifications, using hand tools and measuring devices.",Supplemental,104.0,07/2016,Incumbent
51-9041.00,"Extruding, Forming, Pressing, and Compacting Machine Setters, Operators, and Tenders",12463,Send product samples to laboratories for analysis.,Supplemental,98.0,07/2016,Incumbent
51-9041.00,"Extruding, Forming, Pressing, and Compacting Machine Setters, Operators, and Tenders",12470,Couple air and gas lines to machines to maintain plasticity of material and to regulate solidification of final products.,Supplemental,103.0,07/2016,Incumbent
51-9041.00,"Extruding, Forming, Pressing, and Compacting Machine Setters, Operators, and Tenders",12468,"Pour, scoop, or dump specified ingredients, metal assemblies, or mixtures into sections of machine prior to starting machines.",Supplemental,103.0,07/2016,Incumbent
51-9041.00,"Extruding, Forming, Pressing, and Compacting Machine Setters, Operators, and Tenders",12462,"Measure, mix, cut, shape, soften, and join materials and ingredients, such as powder, cornmeal, or rubber to prepare them for machine processing.",Supplemental,102.0,07/2016,Incumbent
51-9041.00,"Extruding, Forming, Pressing, and Compacting Machine Setters, Operators, and Tenders",12461,"Remove materials or products from molds or from extruding, forming, pressing, or compacting machines, and stack or store them for additional processing.",Supplemental,103.0,07/2016,Incumbent
51-9041.00,"Extruding, Forming, Pressing, and Compacting Machine Setters, Operators, and Tenders",12454,Feed products into machines by hand or conveyor.,Supplemental,103.0,07/2016,Incumbent
51-9041.00,"Extruding, Forming, Pressing, and Compacting Machine Setters, Operators, and Tenders",12471,Measure arbors and dies to verify sizes specified on work tickets.,Supplemental,103.0,07/2016,Incumbent
51-9041.00,"Extruding, Forming, Pressing, and Compacting Machine Setters, Operators, and Tenders",12458,"Complete work tickets, and place them with products.",Supplemental,103.0,07/2016,Incumbent
51-9041.00,"Extruding, Forming, Pressing, and Compacting Machine Setters, Operators, and Tenders",12467,"Disassemble equipment to repair it or to replace parts, such as nozzles, punches, and filters.",Supplemental,103.0,07/2016,Incumbent
51-9041.00,"Extruding, Forming, Pressing, and Compacting Machine Setters, Operators, and Tenders",12460,"Remove molds, mold components, and feeder tubes from machinery after production is complete.",Supplemental,101.0,07/2016,Incumbent
51-9041.00,"Extruding, Forming, Pressing, and Compacting Machine Setters, Operators, and Tenders",12457,Swab molds with solutions to prevent products from sticking.,Supplemental,102.0,07/2016,Incumbent
51-9041.00,"Extruding, Forming, Pressing, and Compacting Machine Setters, Operators, and Tenders",12469,"Install, align, and adjust neck rings, press plungers, and feeder tubes.",Supplemental,102.0,07/2016,Incumbent
51-9051.00,"Furnace, Kiln, Oven, Drier, and Kettle Operators and Tenders",4970,"Stop equipment and clear blockages or jams, using fingers, wire, or hand tools.",Supplemental,77.0,07/2015,Incumbent
51-9051.00,"Furnace, Kiln, Oven, Drier, and Kettle Operators and Tenders",4976,"Load equipment receptacles or conveyors with material to be processed, by hand or using hoists.",Supplemental,75.0,07/2015,Incumbent
51-9051.00,"Furnace, Kiln, Oven, Drier, and Kettle Operators and Tenders",4971,"Remove products from equipment, manually or using hoists, and prepare them for storage, shipment, or additional processing.",Supplemental,76.0,07/2015,Incumbent
51-9051.00,"Furnace, Kiln, Oven, Drier, and Kettle Operators and Tenders",4972,"Calculate amounts of materials to be loaded into furnaces, adjusting amounts as necessary for specific conditions.",Supplemental,76.0,07/2015,Incumbent
51-9051.00,"Furnace, Kiln, Oven, Drier, and Kettle Operators and Tenders",4974,"Melt or refine metal before casting, calculating required temperatures, and observe metal color, adjusting controls as necessary to maintain required temperatures.",Supplemental,77.0,07/2015,Incumbent
51-9051.00,"Furnace, Kiln, Oven, Drier, and Kettle Operators and Tenders",4961,"Weigh or measure specified amounts of ingredients or materials for processing, using devices such as scales and calipers.",Supplemental,76.0,07/2015,Incumbent
51-9051.00,"Furnace, Kiln, Oven, Drier, and Kettle Operators and Tenders",4978,Direct crane operators and crew members to load vessels with materials to be processed.,Supplemental,78.0,07/2015,Incumbent
51-9051.00,"Furnace, Kiln, Oven, Drier, and Kettle Operators and Tenders",4973,"Feed fuel, such as coal and coke, into fireboxes or onto conveyors, and remove ashes from furnaces, using shovels and buckets.",Supplemental,77.0,07/2015,Incumbent
51-9051.00,"Furnace, Kiln, Oven, Drier, and Kettle Operators and Tenders",4975,"Replace worn or defective equipment parts, using hand tools.",Supplemental,75.0,07/2015,Incumbent
51-9051.00,"Furnace, Kiln, Oven, Drier, and Kettle Operators and Tenders",4968,"Clean, lubricate, and adjust equipment, using scrapers, solvents, air hoses, oil, and hand tools.",Supplemental,76.0,07/2015,Incumbent
51-9061.00,"Inspectors, Testers, Sorters, Samplers, and Weighers",20302,"Check arriving materials to ensure that they match purchase orders, submitting discrepancy reports as necessary.",Supplemental,62.0,08/2020,Incumbent
51-9061.00,"Inspectors, Testers, Sorters, Samplers, and Weighers",19920,"Inspect or test raw materials, parts, or products to determine compliance with environmental standards.",Supplemental,62.0,08/2020,Incumbent
51-9061.00,"Inspectors, Testers, Sorters, Samplers, and Weighers",12481,"Analyze test data, making computations as necessary, to determine test results.",Supplemental,62.0,08/2020,Incumbent
51-9061.00,"Inspectors, Testers, Sorters, Samplers, and Weighers",12484,"Compare colors, shapes, textures, or grades of products or materials with color charts, templates, or samples to verify conformance to standards.",Supplemental,62.0,08/2020,Incumbent
51-9061.00,"Inspectors, Testers, Sorters, Samplers, and Weighers",20301,"Clean, maintain, calibrate, or repair measuring instruments or test equipment, such as dial indicators, fixed gauges, or height gauges.",Supplemental,61.0,08/2020,Incumbent
51-9061.00,"Inspectors, Testers, Sorters, Samplers, and Weighers",12491,"Fabricate, install, position, or connect components, parts, finished products, or instruments for testing or operational purposes.",Supplemental,62.0,08/2020,Incumbent
51-9061.00,"Inspectors, Testers, Sorters, Samplers, and Weighers",20311,Administer tests to assess whether engineers or operators are qualified to use equipment.,Supplemental,62.0,08/2020,Incumbent
51-9061.00,"Inspectors, Testers, Sorters, Samplers, and Weighers",20307,"Monitor machines that automatically measure, sort, or inspect products.",Supplemental,62.0,08/2020,Incumbent
51-9061.00,"Inspectors, Testers, Sorters, Samplers, and Weighers",12497,"Interpret legal requirements, provide safety information, or recommend compliance procedures to contractors, craft workers, engineers, or property owners.",Supplemental,62.0,08/2020,Incumbent
51-9061.00,"Inspectors, Testers, Sorters, Samplers, and Weighers",12488,"Adjust, clean, or repair products or processing equipment to correct defects found during inspections.",Supplemental,60.0,08/2020,Incumbent
51-9061.00,"Inspectors, Testers, Sorters, Samplers, and Weighers",20308,Compute usable amounts of items in shipments.,Supplemental,62.0,08/2020,Incumbent
51-9061.00,"Inspectors, Testers, Sorters, Samplers, and Weighers",12493,"Grade, classify, or sort products according to sizes, weights, colors, or other specifications.",Supplemental,62.0,08/2020,Incumbent
51-9061.00,"Inspectors, Testers, Sorters, Samplers, and Weighers",20310,"Disassemble defective parts or components, such as inaccurate or worn gauges or measuring instruments.",Supplemental,62.0,08/2020,Incumbent
51-9061.00,"Inspectors, Testers, Sorters, Samplers, and Weighers",20303,"Compute defect percentages or averages, using formulas and calculators.",Supplemental,60.0,08/2020,Incumbent
51-9061.00,"Inspectors, Testers, Sorters, Samplers, and Weighers",20309,"Weigh materials, products, containers, or samples to verify packaging weights or ingredient quantities.",Supplemental,62.0,08/2020,Incumbent
51-9071.00,Jewelers and Precious Stone and Metal Workers,23639,"Buy and sell jewelry, or serve as agents between buyers and sellers.",Supplemental,63.0,08/2025,Incumbent
51-9071.00,Jewelers and Precious Stone and Metal Workers,23634,"Determine appraised values of diamonds and other gemstones based on price guides, market fluctuations, and stone grades and rarity.",Supplemental,63.0,08/2025,Incumbent
51-9071.00,Jewelers and Precious Stone and Metal Workers,23641,"Lay out designs on metal stock, and cut along markings to fabricate pieces used to cast metal molds.",Supplemental,63.0,08/2025,Incumbent
51-9071.00,Jewelers and Precious Stone and Metal Workers,23644,"Design and fabricate molds, models, and machine accessories, and modify hand tools used to cast metal and jewelry pieces.",Supplemental,62.0,08/2025,Incumbent
51-9071.00,Jewelers and Precious Stone and Metal Workers,23643,Cut designs in molds or other materials to be used as models in the fabrication of metal and jewelry products.,Supplemental,63.0,08/2025,Incumbent
51-9071.00,Jewelers and Precious Stone and Metal Workers,23649,"Rout out locations where parts are to be joined to items, using routing machines.",Supplemental,62.0,08/2025,Incumbent
51-9071.00,Jewelers and Precious Stone and Metal Workers,23647,"Weigh, mix, and melt metal alloys or materials needed for jewelry models.",Supplemental,62.0,08/2025,Incumbent
51-9071.00,Jewelers and Precious Stone and Metal Workers,23646,"Anneal precious metal objects such as coffeepots, tea sets, and trays in gas ovens for prescribed times to soften metal for reworking.",Supplemental,63.0,08/2025,Incumbent
51-9071.00,Jewelers and Precious Stone and Metal Workers,23648,Rotate molds to distribute alloys and to prevent formation of air pockets.,Supplemental,63.0,08/2025,Incumbent
51-9071.06,Gem and Diamond Workers,15098,"Examine diamonds or gems to ascertain the shape, cut, and width of cut stones, or to select the cuts that will result in the biggest, best quality stones.",Supplemental,74.0,06/2008,Incumbent
51-9071.06,Gem and Diamond Workers,15099,Immerse stones in prescribed chemical solutions to determine specific gravities and key properties of gemstones or substitutes.,Supplemental,72.0,06/2008,Incumbent
51-9071.06,Gem and Diamond Workers,15100,"Hold stones, gems, dies, or styluses against rotating plates, wheels, saws, or slitters to cut, shape, slit, grind, or polish them.",Supplemental,75.0,06/2008,Incumbent
51-9071.06,Gem and Diamond Workers,15101,"Sort rough diamonds into categories based on shape, size, color, and quality.",Supplemental,72.0,06/2008,Incumbent
51-9071.06,Gem and Diamond Workers,15102,"Secure gems or diamonds in holders, chucks, dops, lapidary sticks, or blocks for cutting, polishing, grinding, drilling, or shaping.",Supplemental,75.0,06/2008,Incumbent
51-9071.06,Gem and Diamond Workers,15106,"Measure sizes of stones' bore holes and cuts to ensure adherence to specifications, using precision measuring instruments.",Supplemental,75.0,06/2008,Incumbent
51-9071.06,Gem and Diamond Workers,15107,"Select shaping wheels for tasks, and mix and apply abrasives, bort, or polishing compounds.",Supplemental,72.0,06/2008,Incumbent
51-9071.06,Gem and Diamond Workers,15112,"Dismantle lapping, boring, cutting, polishing, and shaping equipment and machinery to clean and lubricate it.",Supplemental,74.0,06/2008,Incumbent
51-9081.00,Dental Laboratory Technicians,7138,"Prepare metal surfaces for bonding with porcelain to create artificial teeth, using small hand tools.",Supplemental,64.0,08/2022,Incumbent
51-9081.00,Dental Laboratory Technicians,7148,"Rebuild or replace linings, wire sections, or missing teeth to repair dentures.",Supplemental,64.0,08/2022,Incumbent
51-9081.00,Dental Laboratory Technicians,7143,"Apply porcelain paste or wax over prosthesis frameworks or setups, using brushes and spatulas.",Supplemental,64.0,08/2022,Incumbent
51-9081.00,Dental Laboratory Technicians,7142,"Build and shape wax teeth, using small hand instruments and information from observations or dentists' specifications.",Supplemental,65.0,08/2022,Incumbent
51-9081.00,Dental Laboratory Technicians,7141,Load newly constructed teeth into porcelain furnaces to bake the porcelain onto the metal framework.,Supplemental,65.0,08/2022,Incumbent
51-9081.00,Dental Laboratory Technicians,7146,Mold wax over denture setups to form the full contours of artificial gums.,Supplemental,65.0,08/2022,Incumbent
51-9081.00,Dental Laboratory Technicians,7140,Create a model of patient's mouth by pouring plaster into a dental impression and allowing plaster to set.,Supplemental,65.0,08/2022,Incumbent
51-9081.00,Dental Laboratory Technicians,7145,Prepare wax bite blocks and impression trays for use.,Supplemental,65.0,08/2022,Incumbent
51-9081.00,Dental Laboratory Technicians,7149,"Shape and solder wire and metal frames or bands for dental products, using soldering irons and hand tools.",Supplemental,65.0,08/2022,Incumbent
51-9081.00,Dental Laboratory Technicians,7144,"Fill chipped or low spots in surfaces of devices, using acrylic resins.",Supplemental,65.0,08/2022,Incumbent
51-9082.00,Medical Appliance Technicians,10526,"Mix pigments to match patients' skin coloring, according to formulas, and apply mixtures to orthotic or prosthetic devices.",Supplemental,93.0,07/2015,Incumbent
51-9083.00,Ophthalmic Laboratory Technicians,10543,"Immerse eyeglass frames in solutions to harden, soften, or dye frames.",Supplemental,87.0,07/2015,Incumbent
51-9083.00,Ophthalmic Laboratory Technicians,10542,"Lay out lenses and trace lens outlines on glass, using templates.",Supplemental,88.0,07/2015,Incumbent
51-9083.00,Ophthalmic Laboratory Technicians,10544,Control equipment that coats lenses to alter their reflective qualities.,Supplemental,87.0,07/2015,Incumbent
51-9083.00,Ophthalmic Laboratory Technicians,10541,Remove lenses from molds and separate lenses in containers for further processing or storage.,Supplemental,87.0,07/2015,Incumbent
51-9123.00,"Painting, Coating, and Decorating Workers",12534,"Select and mix ingredients to prepare coating substances according to specifications, using paddles or mechanical mixers.",Supplemental,57.0,08/2019,Incumbent
51-9123.00,"Painting, Coating, and Decorating Workers",12533,Place coated workpieces in ovens or dryers for specified times to dry or harden finishes.,Supplemental,57.0,08/2019,Incumbent
51-9123.00,"Painting, Coating, and Decorating Workers",12531,"Clean surfaces of workpieces in preparation for coating, using cleaning fluids, solvents, brushes, scrapers, steam, sandpaper, or cloth.",Supplemental,57.0,08/2019,Incumbent
51-9123.00,"Painting, Coating, and Decorating Workers",12536,"Conceal blemishes in workpieces, such as nicks and dents, using fillers such as putty.",Supplemental,55.0,08/2019,Incumbent
51-9123.00,"Painting, Coating, and Decorating Workers",12532,"Rinse, drain, or wipe coated workpieces to remove excess coating material or to facilitate setting of finish coats on workpieces.",Supplemental,57.0,08/2019,Incumbent
51-9124.00,"Coating, Painting, and Spraying Machine Setters, Operators, and Tenders",12516,Thread or feed items or products through or around machine rollers and dryers.,Supplemental,47.0,08/2022,Incumbent
51-9124.00,"Coating, Painting, and Spraying Machine Setters, Operators, and Tenders",12505,"Weigh or measure chemicals, coatings, or paints before adding them to machines.",Supplemental,47.0,08/2022,Incumbent
51-9124.00,"Coating, Painting, and Spraying Machine Setters, Operators, and Tenders",12512,Operate auxiliary machines or equipment used in coating or painting processes.,Supplemental,46.0,08/2022,Incumbent
51-9124.00,"Coating, Painting, and Spraying Machine Setters, Operators, and Tenders",12518,"Remove materials, parts, or workpieces from painting or coating machines, using hand tools.",Supplemental,46.0,08/2022,Incumbent
51-9124.00,"Coating, Painting, and Spraying Machine Setters, Operators, and Tenders",12510,Record operational data on specified forms.,Supplemental,47.0,08/2022,Incumbent
51-9124.00,"Coating, Painting, and Spraying Machine Setters, Operators, and Tenders",23660,Operate lifting or moving devices to move equipment or materials to access areas to be painted.,Supplemental,60.0,08/2022,Incumbent
51-9124.00,"Coating, Painting, and Spraying Machine Setters, Operators, and Tenders",23663,"Set up portable equipment, such as ventilators, exhaust units, ladders, or scaffolding.",Supplemental,59.0,08/2022,Incumbent
51-9141.00,Semiconductor Processing Technicians,12581,"Set, adjust, and readjust computerized or mechanical equipment controls to regulate power level, temperature, vacuum, and rotation speed of furnace, according to crystal growing specifications.",Supplemental,91.0,12/2006,Incumbent
51-9141.00,Semiconductor Processing Technicians,12582,"Etch, lap, polish, or grind wafers or ingots to form circuitry and change conductive properties, using etching, lapping, polishing, or grinding equipment.",Supplemental,89.0,12/2006,Incumbent
51-9141.00,Semiconductor Processing Technicians,12583,Load semiconductor material into furnace.,Supplemental,91.0,12/2006,Incumbent
51-9141.00,Semiconductor Processing Technicians,12584,"Monitor operation and adjust controls of processing machines and equipment to produce compositions with specific electronic properties, using computer terminals.",Supplemental,89.0,12/2006,Incumbent
51-9141.00,Semiconductor Processing Technicians,12585,"Count, sort, and weigh processed items.",Supplemental,90.0,12/2006,Incumbent
51-9141.00,Semiconductor Processing Technicians,12586,Calculate etching time based on thickness of material to be removed from wafers or crystals.,Supplemental,89.0,12/2006,Incumbent
51-9141.00,Semiconductor Processing Technicians,12587,"Inspect equipment for leaks, diagnose malfunctions, and request repairs.",Supplemental,90.0,12/2006,Incumbent
51-9141.00,Semiconductor Processing Technicians,12588,"Align photo mask pattern on photoresist layer, expose pattern to ultraviolet light, and develop pattern, using specialized equipment.",Supplemental,90.0,12/2006,Incumbent
51-9141.00,Semiconductor Processing Technicians,12589,"Stamp, etch, or scribe identifying information on finished component according to specifications.",Supplemental,91.0,12/2006,Incumbent
51-9141.00,Semiconductor Processing Technicians,12591,Scribe or separate wafers into dice.,Supplemental,89.0,12/2006,Incumbent
51-9141.00,Semiconductor Processing Technicians,12592,"Connect reactor to computer, using hand tools and power tools.",Supplemental,89.0,12/2006,Incumbent
51-9141.00,Semiconductor Processing Technicians,12595,"Measure and weigh amounts of crystal growing materials, mix and grind materials, load materials into container, and monitor processing procedures to help identify crystal growing problems.",Supplemental,90.0,12/2006,Incumbent
51-9151.00,Photographic Process Workers and Processing Machine Operators,19468,"Immerse film, negatives, paper, or prints in developing solutions, fixing solutions, and water to complete photographic development processes.",Supplemental,67.0,07/2017,Incumbent
51-9151.00,Photographic Process Workers and Processing Machine Operators,19492,"Examine quality of film fades or dissolves for potential color corrections, using color analyzers.",Supplemental,67.0,07/2017,Incumbent
51-9151.00,Photographic Process Workers and Processing Machine Operators,19499,"Thread filmstrips through densitometers or sensitometers and expose film to light to determine density of film, necessary color corrections, or light sensitivity.",Supplemental,66.0,07/2017,Incumbent
51-9151.00,Photographic Process Workers and Processing Machine Operators,19491,"Examine drawings, negatives, or photographic prints to determine coloring, shading, accenting, or other changes required for retouching or restoration.",Supplemental,66.0,07/2017,Incumbent
51-9151.00,Photographic Process Workers and Processing Machine Operators,19478,"Place sensitized paper in frames of projection printers, photostats, or other reproduction machines.",Supplemental,67.0,07/2017,Incumbent
51-9151.00,Photographic Process Workers and Processing Machine Operators,19500,Upload digital images onto Web sites for customers.,Supplemental,66.0,07/2017,Incumbent
51-9151.00,Photographic Process Workers and Processing Machine Operators,19496,Produce timed prints with separate densities or color settings for each scene of a production.,Supplemental,67.0,07/2017,Incumbent
51-9151.00,Photographic Process Workers and Processing Machine Operators,19498,Splice broken or separated film and mount film on reels.,Supplemental,66.0,07/2017,Incumbent
51-9151.00,Photographic Process Workers and Processing Machine Operators,19482,Retouch photographic negatives or original prints to correct defects.,Supplemental,67.0,07/2017,Incumbent
51-9161.00,Computer Numerically Controlled Tool Operators,11952,"Enter commands or load control media, such as tapes, cards, or disks, into machine controllers to retrieve programmed instructions.",Supplemental,101.0,08/2023,Incumbent
51-9161.00,Computer Numerically Controlled Tool Operators,11958,Lay out and mark areas of parts to be shot peened and fill hoppers with shot.,Supplemental,99.0,08/2023,Incumbent
51-9161.00,Computer Numerically Controlled Tool Operators,11957,"Examine electronic components for defects or completeness of laser-beam trimming, using microscopes.",Supplemental,101.0,08/2023,Incumbent
51-9162.00,Computer Numerically Controlled Tool Programmers,11970,Write instruction sheets and cutter lists for a machine's controller to guide setup and encode numerical control tapes.,Supplemental,68.0,08/2025,Incumbent
51-9162.00,Computer Numerically Controlled Tool Programmers,11973,"Align and secure pattern film on reference tables of optical programmers, and observe enlarger scope views of printed circuit boards.",Supplemental,70.0,08/2025,Incumbent
51-9191.00,Adhesive Bonding Machine Operators and Tenders,12610,"Clean and maintain gluing and cementing machines, using solutions, lubricants, brushes, and scrapers.",Supplemental,64.0,07/2015,Incumbent
51-9191.00,Adhesive Bonding Machine Operators and Tenders,12612,Measure and mix ingredients to prepare glue.,Supplemental,63.0,07/2015,Incumbent
51-9192.00,"Cleaning, Washing, and Metal Pickling Equipment Operators and Tenders",14371,"Draw samples for laboratory analysis, or test solutions for conformance to specifications, such as acidity or specific gravity.",Supplemental,53.0,07/2017,Incumbent
51-9192.00,"Cleaning, Washing, and Metal Pickling Equipment Operators and Tenders",14376,"Adjust, clean, and lubricate mechanical parts of machines, using hand tools and grease guns.",Supplemental,53.0,07/2017,Incumbent
51-9192.00,"Cleaning, Washing, and Metal Pickling Equipment Operators and Tenders",14377,"Load machines with objects to be processed and unload them after cleaning, placing them on conveyors or racks.",Supplemental,53.0,07/2017,Incumbent
51-9193.00,Cooling and Freezing Equipment Operators and Tenders,8553,"Measure or weigh specified amounts of ingredients or materials, and load them into tanks, vats, hoppers, or other equipment.",Supplemental,72.0,07/2017,Incumbent
51-9193.00,Cooling and Freezing Equipment Operators and Tenders,8542,Adjust machine or freezer speed and air intake to obtain desired consistency and amount of product.,Supplemental,72.0,07/2017,Incumbent
51-9193.00,Cooling and Freezing Equipment Operators and Tenders,8550,Weigh packages and adjust freezer air valves or switches on filler heads to obtain specified amounts of product in each container.,Supplemental,72.0,07/2017,Incumbent
51-9193.00,Cooling and Freezing Equipment Operators and Tenders,8557,"Inspect and flush lines with solutions or steam, and spray equipment with sterilizing solutions.",Supplemental,72.0,07/2017,Incumbent
51-9193.00,Cooling and Freezing Equipment Operators and Tenders,8554,"Load and position wrapping paper, sticks, bags, or cartons into dispensing machines.",Supplemental,72.0,07/2017,Incumbent
51-9193.00,Cooling and Freezing Equipment Operators and Tenders,8559,"Sample and test product characteristics such as specific gravity, acidity, and sugar content, using hydrometers, pH meters, or refractometers.",Supplemental,72.0,07/2017,Incumbent
51-9193.00,Cooling and Freezing Equipment Operators and Tenders,8552,"Start agitators to blend contents, or start beater, scraper, and expeller blades to mix contents with air and prevent sticking.",Supplemental,72.0,07/2017,Incumbent
51-9193.00,Cooling and Freezing Equipment Operators and Tenders,8555,"Insert forming fixtures, and start machines that cut frozen products into measured portions or specified shapes.",Supplemental,72.0,07/2017,Incumbent
51-9193.00,Cooling and Freezing Equipment Operators and Tenders,8556,"Place or position containers into equipment, and remove containers after completion of cooling or freezing processes.",Supplemental,70.0,07/2017,Incumbent
51-9193.00,Cooling and Freezing Equipment Operators and Tenders,8549,"Scrape, dislodge, or break excess frost, ice, or frozen product from equipment to prevent accumulation, using hands and hand tools.",Supplemental,72.0,07/2017,Incumbent
51-9193.00,Cooling and Freezing Equipment Operators and Tenders,8560,Activate mechanical rakes to regulate flow of ice from storage bins to vats.,Supplemental,71.0,07/2017,Incumbent
51-9193.00,Cooling and Freezing Equipment Operators and Tenders,8551,Stir material with spoons or paddles to mix ingredients or allow even cooling and prevent coagulation.,Supplemental,72.0,07/2017,Incumbent
51-9194.00,Etchers and Engravers,14396,"Prepare workpieces for etching or engraving by cutting, sanding, cleaning, polishing, or treating them with wax, acid resist, lime, etching powder, or light-sensitive enamel.",Supplemental,64.0,07/2017,Incumbent
51-9194.00,Etchers and Engravers,14379,"Engrave and print patterns, designs, etchings, trademarks, or lettering onto flat or curved surfaces of a wide variety of metal, glass, plastic, or paper items, using hand tools or hand-held power tools.",Supplemental,62.0,07/2017,Incumbent
51-9194.00,Etchers and Engravers,14388,"Prepare etching chemicals according to formulas, diluting acid with water to obtain solutions of specified concentration.",Supplemental,63.0,07/2017,Incumbent
51-9194.00,Etchers and Engravers,21027,Use computer software to design patterns for engraving.,Supplemental,64.0,07/2017,Incumbent
51-9194.00,Etchers and Engravers,14409,"Expose workpieces to acid to develop etch patterns such as designs, lettering, or figures.",Supplemental,64.0,07/2017,Incumbent
51-9194.00,Etchers and Engravers,14378,"Adjust depths and sizes of cuts by adjusting heights of worktables, or by adjusting machine-arm gauges.",Supplemental,62.0,07/2017,Incumbent
51-9194.00,Etchers and Engravers,14383,"Measure and compute dimensions of lettering, designs, or patterns to be engraved.",Supplemental,64.0,07/2017,Incumbent
51-9194.00,Etchers and Engravers,14394,"Neutralize workpieces to remove acid, wax, or enamel, using water, solvents, brushes, or specialized machines.",Supplemental,65.0,07/2017,Incumbent
51-9194.00,Etchers and Engravers,14382,"Examine engraving for quality of cut, burrs, rough spots, and irregular or incomplete engraving.",Supplemental,64.0,07/2017,Incumbent
51-9194.00,Etchers and Engravers,14399,"Transfer image to workpiece, using contact printer, pantograph stylus, silkscreen printing device, or stamp pad.",Supplemental,65.0,07/2017,Incumbent
51-9194.00,Etchers and Engravers,14392,"Set reduction scales to attain specified sizes of reproduction on workpieces, and set pantograph controls for required heights, depths, and widths of cuts.",Supplemental,63.0,07/2017,Incumbent
51-9194.00,Etchers and Engravers,14398,"Print proofs or examine designs to verify accuracy of engraving, and rework engraving as required.",Supplemental,62.0,07/2017,Incumbent
51-9194.00,Etchers and Engravers,14380,"Position and clamp workpieces, plates, or rollers in holding fixtures.",Supplemental,63.0,07/2017,Incumbent
51-9194.00,Etchers and Engravers,14404,"Remove wax or tape from etched glassware by using a stylus or knife, or by immersing ware in hot water.",Supplemental,63.0,07/2017,Incumbent
51-9194.00,Etchers and Engravers,14401,"Guide stylus over template, causing cutting tool to duplicate design or letters on workpiece.",Supplemental,64.0,07/2017,Incumbent
51-9194.00,Etchers and Engravers,14384,Start machines and lower cutting tools to beginning points on patterns.,Supplemental,64.0,07/2017,Incumbent
51-9194.00,Etchers and Engravers,14381,"Determine machine settings, and move bars or levers to reproduce designs on rollers or plates.",Supplemental,64.0,07/2017,Incumbent
51-9194.00,Etchers and Engravers,14402,Remove completed workpieces and place them in trays.,Supplemental,64.0,07/2017,Incumbent
51-9194.00,Etchers and Engravers,14397,Insert cutting tools or bits into machines and secure them with wrenches.,Supplemental,62.0,07/2017,Incumbent
51-9194.00,Etchers and Engravers,14391,"Sandblast exposed areas of glass to cut designs in surfaces, using spray guns.",Supplemental,63.0,07/2017,Incumbent
51-9194.00,Etchers and Engravers,14400,"Sketch, trace, or scribe layout lines and designs on workpieces, plates, dies, or rollers, using compasses, scribers, gravers, or pencils.",Supplemental,64.0,07/2017,Incumbent
51-9194.00,Etchers and Engravers,14407,Fill etched characters with opaque paste to improve readability.,Supplemental,62.0,07/2017,Incumbent
51-9194.00,Etchers and Engravers,14408,Brush or wipe acid over engraving to darken or highlight inscriptions.,Supplemental,64.0,07/2017,Incumbent
51-9195.00,"Molders, Shapers, and Casters, Except Metal and Plastic",23668,Brush or spray mold surfaces with parting agents or insert paper into molds to ensure smoothness and prevent sticking or seepage.,Supplemental,,11/2020,Analyst - Transition
51-9195.00,"Molders, Shapers, and Casters, Except Metal and Plastic",23669,"Engrave or stamp identifying symbols, letters, or numbers on products.",Supplemental,,11/2020,Analyst - Transition
51-9195.00,"Molders, Shapers, and Casters, Except Metal and Plastic",23670,"Assemble, insert, and adjust wires, tubes, cores, fittings, rods, or patterns into molds, using hand tools and depth gauges.",Supplemental,,11/2020,Analyst - Transition
51-9195.00,"Molders, Shapers, and Casters, Except Metal and Plastic",23671,"Clean, finish, and lubricate molds and mold parts.",Supplemental,,11/2020,Analyst - Transition
51-9195.00,"Molders, Shapers, and Casters, Except Metal and Plastic",23672,Separate models or patterns from molds and examine products for accuracy.,Supplemental,,11/2020,Analyst - Transition
51-9195.00,"Molders, Shapers, and Casters, Except Metal and Plastic",23673,Set the proper operating temperature for each casting.,Supplemental,,11/2020,Analyst - Transition
51-9195.00,"Molders, Shapers, and Casters, Except Metal and Plastic",23674,"Load or stack filled molds in ovens, dryers, or curing boxes, or on storage racks or carts.",Supplemental,,11/2020,Analyst - Transition
51-9195.00,"Molders, Shapers, and Casters, Except Metal and Plastic",23675,"Align and assemble parts to produce completed products, using gauges and hand tools.",Supplemental,,11/2020,Analyst - Transition
51-9195.00,"Molders, Shapers, and Casters, Except Metal and Plastic",23676,"Operate and adjust controls of heating equipment to melt material or to cure, dry, or bake filled molds.",Supplemental,,11/2020,Analyst - Transition
51-9195.00,"Molders, Shapers, and Casters, Except Metal and Plastic",23677,Select sizes and types of molds according to instructions.,Supplemental,,11/2020,Analyst - Transition
51-9195.00,"Molders, Shapers, and Casters, Except Metal and Plastic",23678,"Patch broken edges or fractures, using clay or plaster.",Supplemental,,11/2020,Analyst - Transition
51-9195.00,"Molders, Shapers, and Casters, Except Metal and Plastic",23679,Withdraw cores or other loose mold members after castings solidify.,Supplemental,,11/2020,Analyst - Transition
51-9195.00,"Molders, Shapers, and Casters, Except Metal and Plastic",23680,"Repair mold defects, such as cracks or broken edges, using patterns, mold boxes, or hand tools.",Supplemental,,11/2020,Analyst - Transition
51-9195.00,"Molders, Shapers, and Casters, Except Metal and Plastic",23681,"Measure and cut products to specified dimensions, using measuring and cutting instruments.",Supplemental,,11/2020,Analyst - Transition
51-9195.00,"Molders, Shapers, and Casters, Except Metal and Plastic",23682,"Smooth surfaces of molds, using scraping tools or sandpaper.",Supplemental,,11/2020,Analyst - Transition
51-9195.00,"Molders, Shapers, and Casters, Except Metal and Plastic",23683,"Measure ingredients and mix molding, casting material, or sealing compounds to prescribed consistencies, according to formulas.",Supplemental,,11/2020,Analyst - Transition
51-9195.00,"Molders, Shapers, and Casters, Except Metal and Plastic",23684,Remove excess materials and level and smooth wet mold mixtures.,Supplemental,,11/2020,Analyst - Transition
51-9195.00,"Molders, Shapers, and Casters, Except Metal and Plastic",23687,"Verify dimensions of products, using measuring instruments, such as calipers, vernier gauges, or protractors.",Supplemental,,11/2020,Analyst - Transition
51-9195.00,"Molders, Shapers, and Casters, Except Metal and Plastic",23688,"Bore holes or cut grates, risers, or pouring spouts in molds, using power tools.",Supplemental,,11/2020,Analyst - Transition
51-9195.00,"Molders, Shapers, and Casters, Except Metal and Plastic",23690,Tap or tilt molds to ensure uniform distribution of materials.,Supplemental,,11/2020,Analyst - Transition
51-9195.03,"Stone Cutters and Carvers, Manufacturing",12617,"Study artistic objects or graphic materials, such as models, sketches, or blueprints, to plan carving or cutting techniques.",Supplemental,89.0,07/2015,Incumbent
51-9195.03,"Stone Cutters and Carvers, Manufacturing",12614,"Carve designs or figures in full or bas relief on stone, employing knowledge of stone carving techniques and sense of artistry to produce carvings consistent with designers' plans.",Supplemental,90.0,07/2015,Incumbent
51-9195.03,"Stone Cutters and Carvers, Manufacturing",12622,"Carve rough designs freehand or by chipping along marks on stone, using mallets and chisels or pneumatic tools.",Supplemental,92.0,07/2015,Incumbent
51-9195.03,"Stone Cutters and Carvers, Manufacturing",12623,"Guide nozzles over stone, following stencil outlines, or chip along marks to create designs or to work surfaces down to specified finishes.",Supplemental,90.0,07/2015,Incumbent
51-9195.03,"Stone Cutters and Carvers, Manufacturing",12625,"Smooth surfaces of carvings, using rubbing stones.",Supplemental,91.0,07/2015,Incumbent
51-9195.03,"Stone Cutters and Carvers, Manufacturing",12628,"Load sandblasting equipment with abrasives, attach nozzles to hoses, and turn valves to admit compressed air and activate jets.",Supplemental,91.0,07/2015,Incumbent
51-9195.03,"Stone Cutters and Carvers, Manufacturing",12629,"Dress stone surfaces, using bushhammers.",Supplemental,90.0,07/2015,Incumbent
51-9195.03,"Stone Cutters and Carvers, Manufacturing",12626,"Remove or add stencils during blasting to create differing cut depths, intricate designs, or rough, pitted finishes.",Supplemental,89.0,07/2015,Incumbent
51-9195.03,"Stone Cutters and Carvers, Manufacturing",12627,Copy drawings on rough clay or plaster models.,Supplemental,90.0,07/2015,Incumbent
51-9195.04,"Glass Blowers, Molders, Benders, and Finishers",12646,"Place glass into dies or molds of presses and control presses to form products, such as glassware components or optical blanks.",Supplemental,65.0,07/2015,Incumbent
51-9195.04,"Glass Blowers, Molders, Benders, and Finishers",12644,Spray or swab molds with oil solutions to prevent adhesion of glass.,Supplemental,66.0,07/2015,Incumbent
51-9195.04,"Glass Blowers, Molders, Benders, and Finishers",12633,"Blow tubing into specified shapes to prevent glass from collapsing, using compressed air or own breath, or blow and rotate gathers in molds or on boards to obtain final shapes.",Supplemental,66.0,07/2015,Incumbent
51-9195.04,"Glass Blowers, Molders, Benders, and Finishers",12638,Determine types and quantities of glass required to fabricate products.,Supplemental,66.0,07/2015,Incumbent
51-9195.04,"Glass Blowers, Molders, Benders, and Finishers",12634,"Set up and adjust machine press stroke lengths and pressures and regulate oven temperatures, according to glass types to be processed.",Supplemental,66.0,07/2015,Incumbent
51-9195.04,"Glass Blowers, Molders, Benders, and Finishers",12635,"Shape, bend, or join sections of glass, using paddles, pressing and flattening hand tools, or cork.",Supplemental,65.0,07/2015,Incumbent
51-9195.04,"Glass Blowers, Molders, Benders, and Finishers",12647,"Design and create glass objects, using blowpipes and artisans' hand tools and equipment.",Supplemental,66.0,07/2015,Incumbent
51-9195.04,"Glass Blowers, Molders, Benders, and Finishers",12649,"Operate and maintain finishing machines to grind, drill, sand, bevel, decorate, wash, or polish glass or glass products.",Supplemental,66.0,07/2015,Incumbent
51-9195.04,"Glass Blowers, Molders, Benders, and Finishers",12648,Repair broken scrolls by replacing them with new sections of tubing.,Supplemental,66.0,07/2015,Incumbent
51-9195.04,"Glass Blowers, Molders, Benders, and Finishers",12637,"Develop sketches of glass products into blueprint specifications, applying knowledge of glass technology and glass blowing.",Supplemental,66.0,07/2015,Incumbent
51-9195.04,"Glass Blowers, Molders, Benders, and Finishers",12640,Superimpose bent tubing on asbestos patterns to ensure accuracy.,Supplemental,66.0,07/2015,Incumbent
51-9195.04,"Glass Blowers, Molders, Benders, and Finishers",12645,"Cut lengths of tubing to specified sizes, using files or cutting wheels.",Supplemental,66.0,07/2015,Incumbent
51-9195.04,"Glass Blowers, Molders, Benders, and Finishers",12639,Place rubber hoses on ends of tubing and charge tubing with gas.,Supplemental,66.0,07/2015,Incumbent
51-9195.05,"Potters, Manufacturing",15129,Start machine units and conveyors and observe lights and gauges on panel board to verify operational efficiency.,Supplemental,51.0,08/2020,Incumbent
51-9195.05,"Potters, Manufacturing",15128,Operate drying chambers to dry or finish molded ceramic ware.,Supplemental,51.0,08/2020,Incumbent
51-9195.05,"Potters, Manufacturing",15130,"Adjust pressures, temperatures, and trimming tool settings as required.",Supplemental,51.0,08/2020,Incumbent
51-9195.05,"Potters, Manufacturing",15121,"Design clay forms and molds, and decorations for forms.",Supplemental,51.0,08/2020,Incumbent
51-9195.05,"Potters, Manufacturing",15133,Teach pottery classes.,Supplemental,51.0,08/2020,Incumbent
51-9196.00,"Paper Goods Machine Setters, Operators, and Tenders",12681,"Install attachments to machines for gluing, folding, printing, or cutting.",Supplemental,80.0,08/2018,Incumbent
51-9196.00,"Paper Goods Machine Setters, Operators, and Tenders",12687,"Cut products to specified dimensions, using hand or power cutters.",Supplemental,80.0,08/2018,Incumbent
51-9196.00,"Paper Goods Machine Setters, Operators, and Tenders",12685,"Place rolls of paper or cardboard on machine feed tracks, and thread paper through gluing, coating, and slitting rollers.",Supplemental,79.0,08/2018,Incumbent
51-9196.00,"Paper Goods Machine Setters, Operators, and Tenders",12688,Monitor finished cartons as they drop from forming machines into rotating hoppers and into gravity feed chutes to prevent jamming.,Supplemental,82.0,08/2018,Incumbent
51-9196.00,"Paper Goods Machine Setters, Operators, and Tenders",12680,"Adjust guide assemblies, forming bars, and folding mechanisms according to specifications, using hand tools.",Supplemental,80.0,08/2018,Incumbent
51-9196.00,"Paper Goods Machine Setters, Operators, and Tenders",12682,"Measure, space, and set saw blades, cutters, and perforators, according to product specifications.",Supplemental,81.0,08/2018,Incumbent
51-9196.00,"Paper Goods Machine Setters, Operators, and Tenders",12686,"Fill glue and paraffin reservoirs, and position rollers to dispense glue onto paperboard.",Supplemental,77.0,08/2018,Incumbent
51-9196.00,"Paper Goods Machine Setters, Operators, and Tenders",12684,"Stamp products with information such as dates, using hand stamps or automatic stamping devices.",Supplemental,81.0,08/2018,Incumbent
51-9196.00,"Paper Goods Machine Setters, Operators, and Tenders",12690,"Remove finished cores, and stack or place them on conveyors for transfer to other work areas.",Supplemental,81.0,08/2018,Incumbent
51-9196.00,"Paper Goods Machine Setters, Operators, and Tenders",12691,"Lift tote boxes of finished cartons, and dump cartons into feed hoppers.",Supplemental,80.0,08/2018,Incumbent
51-9197.00,Tire Builders,14431,Place tires into molds for new tread.,Supplemental,65.0,08/2020,Incumbent
51-9197.00,Tire Builders,14423,Fit inner tubes and final layers of rubber onto tires.,Supplemental,64.0,08/2020,Incumbent
51-9197.00,Tire Builders,21215,Buff tires according to specifications for width and undertread depth.,Supplemental,65.0,08/2020,Incumbent
51-9197.00,Tire Builders,14426,"Brush or spray solvents onto plies to ensure adhesion, and repeat process as specified, alternating direction of each ply to strengthen tires.",Supplemental,63.0,08/2020,Incumbent
51-9197.00,Tire Builders,14411,Start rollers that bond tread and plies as drums revolve.,Supplemental,63.0,08/2020,Incumbent
51-9197.00,Tire Builders,14415,"Align treads with guides, start drums to wind treads onto plies, and slice ends.",Supplemental,63.0,08/2020,Incumbent
51-9197.00,Tire Builders,14413,"Inspect worn tires for faults, cracks, cuts, and nail holes, and to determine if tires are suitable for retreading.",Supplemental,64.0,08/2020,Incumbent
51-9197.00,Tire Builders,14428,Measure tires to determine mold size requirements.,Supplemental,64.0,08/2020,Incumbent
51-9197.00,Tire Builders,14427,"Roll hand rollers over rebuilt casings, exerting pressure to ensure adhesion between camelbacks and casings.",Supplemental,62.0,08/2020,Incumbent
51-9197.00,Tire Builders,14417,"Position ply stitcher rollers and drums according to width of stock, using hand tools and gauges.",Supplemental,64.0,08/2020,Incumbent
51-9197.00,Tire Builders,14414,"Cut plies at splice points, and press ends together to form continuous bands.",Supplemental,63.0,08/2020,Incumbent
51-9197.00,Tire Builders,14410,"Depress pedals to rotate drums, and wind specified numbers of plies around drums to form tire bodies.",Supplemental,62.0,08/2020,Incumbent
51-9197.00,Tire Builders,14422,Clean and paint completed tires.,Supplemental,64.0,08/2020,Incumbent
51-9197.00,Tire Builders,14424,Rub cement sticks on drum edges to provide adhesive surfaces for plies.,Supplemental,64.0,08/2020,Incumbent
51-9197.00,Tire Builders,14429,Depress pedals to collapse drums after processing is complete.,Supplemental,64.0,08/2020,Incumbent
51-9197.00,Tire Builders,14419,Wind chafers and breakers onto plies.,Supplemental,64.0,08/2020,Incumbent
51-9197.00,Tire Builders,14420,"Pull plies from supply racks, and align plies with edges of drums.",Supplemental,64.0,08/2020,Incumbent
51-9198.00,Helpers--Production Workers,12697,Count finished products to determine if product orders are complete.,Supplemental,88.0,07/2015,Incumbent
51-9198.00,Helpers--Production Workers,12713,"Measure amounts of products, lengths of extruded articles, or weights of filled containers to ensure conformance to specifications.",Supplemental,88.0,07/2015,Incumbent
51-9198.00,Helpers--Production Workers,12704,"Separate products according to weight, grade, size, or composition of materials used to produce them.",Supplemental,89.0,07/2015,Incumbent
51-9198.00,Helpers--Production Workers,12705,"Turn valves to regulate flow of liquids or air, to reverse machines, to start pumps, or to regulate equipment.",Supplemental,87.0,07/2015,Incumbent
51-9198.00,Helpers--Production Workers,12698,Mark or tag identification on parts.,Supplemental,89.0,07/2015,Incumbent
51-9198.00,Helpers--Production Workers,12716,Mix ingredients according to specified procedures or formulas.,Supplemental,88.0,07/2015,Incumbent
51-9198.00,Helpers--Production Workers,12709,"Tie products in bundles for further processing or shipment, following prescribed procedures.",Supplemental,90.0,07/2015,Incumbent
51-9198.00,Helpers--Production Workers,12702,"Record information, such as the number of products tested, meter readings, or dates and times of product production.",Supplemental,90.0,07/2015,Incumbent
51-9198.00,Helpers--Production Workers,12715,"Read gauges or charts, and record data obtained.",Supplemental,89.0,07/2015,Incumbent
51-9198.00,Helpers--Production Workers,12720,"Unclamp and hoist full reels from braiding, winding, or other fabricating machines, using power hoists.",Supplemental,89.0,07/2015,Incumbent
51-9198.00,Helpers--Production Workers,12711,Signal coworkers to direct them to move products during the production process.,Supplemental,91.0,07/2015,Incumbent
51-9198.00,Helpers--Production Workers,12701,Clean and lubricate equipment.,Supplemental,90.0,07/2015,Incumbent
51-9198.00,Helpers--Production Workers,12712,Prepare raw materials for processing.,Supplemental,89.0,07/2015,Incumbent
51-9198.00,Helpers--Production Workers,12725,"Perform minor repairs to machines, such as replacing damaged or worn parts.",Supplemental,88.0,07/2015,Incumbent
51-9198.00,Helpers--Production Workers,12726,"Attach slings, ropes, or cables to objects such as pipes, hoses, or bundles.",Supplemental,87.0,07/2015,Incumbent
51-9198.00,Helpers--Production Workers,12717,Position spouts or chutes of storage bins so that containers can be filled.,Supplemental,88.0,07/2015,Incumbent
51-9198.00,Helpers--Production Workers,12719,"Wash work areas, machines, equipment, vehicles, or products.",Supplemental,91.0,07/2015,Incumbent
51-9198.00,Helpers--Production Workers,12722,Break up defective products for reprocessing.,Supplemental,87.0,07/2015,Incumbent
51-9198.00,Helpers--Production Workers,12724,Cut or break flashing from materials or products.,Supplemental,88.0,07/2015,Incumbent
53-1041.00,Aircraft Cargo Handling Supervisors,14433,"Calculate load weights for different aircraft compartments, using charts and computers.",Supplemental,60.0,07/2016,Incumbent
53-1041.00,Aircraft Cargo Handling Supervisors,14436,Accompany aircraft as a member of the flight crew to monitor and handle cargo in flight.,Supplemental,59.0,07/2016,Incumbent
53-1042.00,"First-Line Supervisors of Helpers, Laborers, and Material Movers, Hand",8567,Examine freight to determine loading sequences.,Supplemental,58.0,08/2024,Incumbent
53-1042.00,"First-Line Supervisors of Helpers, Laborers, and Material Movers, Hand",8577,Schedule times of shipment and modes of transportation for materials.,Supplemental,59.0,08/2024,Incumbent
53-1042.00,"First-Line Supervisors of Helpers, Laborers, and Material Movers, Hand",8583,"Inventory supplies and requisition or purchase additional items, as necessary.",Supplemental,58.0,08/2024,Incumbent
53-1042.00,"First-Line Supervisors of Helpers, Laborers, and Material Movers, Hand",8578,Quote prices to customers.,Supplemental,57.0,08/2024,Incumbent
53-1042.00,"First-Line Supervisors of Helpers, Laborers, and Material Movers, Hand",8580,"Provide assistance in balancing books, tracking, monitoring, or projecting a unit's budget needs, and in developing unit policies and procedures.",Supplemental,58.0,08/2024,Incumbent
53-1042.00,"First-Line Supervisors of Helpers, Laborers, and Material Movers, Hand",8581,Inspect job sites to determine the extent of maintenance or repairs needed.,Supplemental,58.0,08/2024,Incumbent
53-1042.01,Recycling Coordinators,17890,Assign truck drivers or recycling technicians to routes.,Supplemental,59.0,07/2014,Incumbent
53-1042.01,Recycling Coordinators,17893,Create or manage recycling operations budgets.,Supplemental,59.0,07/2014,Incumbent
53-1042.01,Recycling Coordinators,17908,"Prepare bills of lading, statements of shipping records, or customer receipts related to recycling or hazardous material services.",Supplemental,59.0,07/2014,Incumbent
53-1042.01,Recycling Coordinators,17906,"Inspect physical condition of recycling or hazardous waste facility for compliance with safety, quality, and service standards.",Supplemental,59.0,07/2014,Incumbent
53-1042.01,Recycling Coordinators,17899,Negotiate contracts with waste management or other firms.,Supplemental,59.0,07/2014,Incumbent
53-1042.01,Recycling Coordinators,17892,Coordinate shipments of recycling materials with shipping brokers or processing companies.,Supplemental,59.0,07/2014,Incumbent
53-1042.01,Recycling Coordinators,17901,"Operate recycling processing equipment, such as sorters, balers, crushers, and granulators to sort and process materials.",Supplemental,59.0,07/2014,Incumbent
53-1042.01,Recycling Coordinators,17900,"Operate fork lifts, skid loaders, or trucks to move or store recyclable materials.",Supplemental,59.0,07/2014,Incumbent
53-1042.01,Recycling Coordinators,17904,Schedule movement of recycling materials into and out of storage areas.,Supplemental,59.0,07/2014,Incumbent
53-1042.01,Recycling Coordinators,17902,Oversee campaigns to promote recycling or waste reduction programs in communities or private companies.,Supplemental,59.0,07/2014,Incumbent
53-1042.01,Recycling Coordinators,17891,Coordinate recycling collection schedules to optimize service and efficiency.,Supplemental,58.0,07/2014,Incumbent
53-1042.01,Recycling Coordinators,17895,Develop community or corporate recycling plans and goals to minimize waste and conform to resource constraints.,Supplemental,59.0,07/2014,Incumbent
53-1042.01,Recycling Coordinators,17903,Prepare grant applications to fund recycling programs or program enhancements.,Supplemental,59.0,07/2014,Incumbent
53-1042.01,Recycling Coordinators,17897,Investigate violations of solid waste or recycling ordinances.,Supplemental,59.0,07/2014,Incumbent
53-1042.01,Recycling Coordinators,17896,"Implement grant-funded projects, monitoring and reporting progress in accordance with sponsoring agency requirements.",Supplemental,59.0,07/2014,Incumbent
53-1042.01,Recycling Coordinators,17898,Make presentations to educate the public on how to recycle or on the environmental advantages of recycling.,Supplemental,59.0,07/2014,Incumbent
53-1042.01,Recycling Coordinators,17894,Design community solid and hazardous waste management programs.,Supplemental,59.0,07/2014,Incumbent
53-1043.00,First-Line Supervisors of Material-Moving Machine and Vehicle Operators,8602,Perform or schedule repairs or preventive maintenance of vehicles or other equipment.,Supplemental,51.0,08/2023,Incumbent
53-1043.00,First-Line Supervisors of Material-Moving Machine and Vehicle Operators,8600,"Compute or estimate cash, payroll, transportation, personnel, or storage requirements.",Supplemental,49.0,08/2023,Incumbent
53-2011.00,"Airline Pilots, Copilots, and Flight Engineers",10573,Coordinate flight activities with ground crews and air traffic control and inform crew members of flight and test procedures.,Supplemental,75.0,08/2021,Incumbent
53-2011.00,"Airline Pilots, Copilots, and Flight Engineers",10583,Conduct in-flight tests and evaluations at specified altitudes and in all types of weather to determine the receptivity and other characteristics of equipment and systems.,Supplemental,75.0,08/2021,Incumbent
53-2011.00,"Airline Pilots, Copilots, and Flight Engineers",10580,File instrument flight plans with air traffic control to ensure that flights are coordinated with other air traffic.,Supplemental,75.0,08/2021,Incumbent
53-2011.00,"Airline Pilots, Copilots, and Flight Engineers",10581,"Perform minor maintenance work, or arrange for major maintenance.",Supplemental,74.0,08/2021,Incumbent
53-2011.00,"Airline Pilots, Copilots, and Flight Engineers",10584,Evaluate other pilots or pilot-license applicants for proficiency.,Supplemental,75.0,08/2021,Incumbent
53-2011.00,"Airline Pilots, Copilots, and Flight Engineers",10586,Plan and formulate flight activities and test schedules and prepare flight evaluation reports.,Supplemental,75.0,08/2021,Incumbent
53-2012.00,Commercial Pilots,10606,Rescue and evacuate injured persons.,Supplemental,59.0,08/2024,Incumbent
53-2012.00,Commercial Pilots,10602,Instruct other pilots and student pilots in aircraft operations.,Supplemental,59.0,08/2024,Incumbent
53-2012.00,Commercial Pilots,10609,Fly with other pilots or pilot-license applicants to evaluate their proficiency.,Supplemental,59.0,08/2024,Incumbent
53-2012.00,Commercial Pilots,10610,Plan and formulate flight activities and test schedules and prepare flight evaluation reports.,Supplemental,59.0,08/2024,Incumbent
53-2012.00,Commercial Pilots,10601,Teach company regulations and procedures to other pilots.,Supplemental,59.0,08/2024,Incumbent
53-2021.00,Air Traffic Controllers,12745,"Conduct pre-flight briefings on weather conditions, suggested routes, altitudes, indications of turbulence, or other flight safety information.",Supplemental,157.0,07/2014,Incumbent
53-2021.00,Air Traffic Controllers,12746,"Analyze factors such as weather reports, fuel requirements, or maps to determine air routes.",Supplemental,156.0,07/2014,Incumbent
53-2022.00,Airfield Operations Specialists,10626,"Coordinate with agencies to meet aircrew requirements for billeting, messing, refueling, ground transportation, and transient aircraft maintenance.",Supplemental,69.0,08/2021,Incumbent
53-2022.00,Airfield Operations Specialists,10632,Use airfield landing and navigational aids and digital data terminal communications equipment to perform duties.,Supplemental,71.0,08/2021,Incumbent
53-2022.00,Airfield Operations Specialists,10623,"Receive, transmit, and control message traffic.",Supplemental,68.0,08/2021,Incumbent
53-2022.00,Airfield Operations Specialists,10617,Maintain air-to-ground and point-to-point radio contact with aircraft commanders.,Supplemental,70.0,08/2021,Incumbent
53-2022.00,Airfield Operations Specialists,10620,"Procure, produce, and provide information on the safe operation of aircraft, such as flight planning publications, operations publications, charts and maps, or weather information.",Supplemental,70.0,08/2021,Incumbent
53-2022.00,Airfield Operations Specialists,10629,Anticipate aircraft equipment needs for air evacuation and cargo flights.,Supplemental,70.0,08/2021,Incumbent
53-2022.00,Airfield Operations Specialists,10633,Post visual display boards and status boards.,Supplemental,70.0,08/2021,Incumbent
53-2022.00,Airfield Operations Specialists,10624,"Receive and post weather information and flight plan data, such as air routes or arrival and departure times.",Supplemental,70.0,08/2021,Incumbent
53-2022.00,Airfield Operations Specialists,10631,Conduct departure and arrival briefings.,Supplemental,70.0,08/2021,Incumbent
53-2022.00,Airfield Operations Specialists,10627,Collaborate with others to plan flight schedules and air crew assignments.,Supplemental,69.0,08/2021,Incumbent
53-2022.00,Airfield Operations Specialists,10625,"Maintain flight and event logs, air crew flying records, and flight operations records of incoming and outgoing flights.",Supplemental,70.0,08/2021,Incumbent
53-2022.00,Airfield Operations Specialists,10628,Coordinate changes to flight itineraries with appropriate Air Traffic Control (ATC) agencies.,Supplemental,70.0,08/2021,Incumbent
53-2022.00,Airfield Operations Specialists,10634,Check military flight plans with civilian agencies.,Supplemental,71.0,08/2021,Incumbent
53-2031.00,Flight Attendants,9653,"Take inventory of headsets, alcoholic beverages, and money collected.",Supplemental,71.0,08/2021,Incumbent
53-2031.00,Flight Attendants,9659,Sell alcoholic beverages to passengers.,Supplemental,72.0,08/2021,Incumbent
53-3031.00,Driver/Sales Workers,3163,Arrange merchandise and sales promotion displays or issue sales promotion materials to customers.,Supplemental,47.0,08/2020,Incumbent
53-3031.00,Driver/Sales Workers,3159,"Collect coins from vending machines, refill machines, and remove aged merchandise.",Supplemental,47.0,08/2020,Incumbent
53-3031.00,Driver/Sales Workers,3157,Write customer orders and sales contracts according to company guidelines.,Supplemental,47.0,08/2020,Incumbent
53-3031.00,Driver/Sales Workers,3162,"Review lists of dealers, customers, or station drops and load trucks.",Supplemental,46.0,08/2020,Incumbent
53-3031.00,Driver/Sales Workers,3165,"Sell food specialties, such as sandwiches and beverages, to office workers and patrons of sports events.",Supplemental,46.0,08/2020,Incumbent
53-3032.00,Heavy and Tractor-Trailer Truck Drivers,10642,"Secure cargo for transport, using ropes, blocks, chain, binders, or covers.",Supplemental,107.0,08/2022,Incumbent
53-3032.00,Heavy and Tractor-Trailer Truck Drivers,10635,Follow appropriate safety procedures for transporting dangerous goods.,Supplemental,107.0,08/2022,Incumbent
53-3032.00,Heavy and Tractor-Trailer Truck Drivers,10655,Inventory and inspect goods to be moved to determine quantities and conditions.,Supplemental,106.0,08/2022,Incumbent
53-3032.00,Heavy and Tractor-Trailer Truck Drivers,10658,"Follow special cargo-related procedures, such as checking refrigeration systems for frozen foods or providing food or water for livestock.",Supplemental,105.0,08/2022,Incumbent
53-3032.00,Heavy and Tractor-Trailer Truck Drivers,10660,"Install or remove special equipment, such as tire chains, grader blades, plow blades, or sanders.",Supplemental,107.0,08/2022,Incumbent
53-3032.00,Heavy and Tractor-Trailer Truck Drivers,20697,"Wrap and secure goods using pads, packing paper, containers, or straps.",Supplemental,106.0,08/2022,Incumbent
53-3032.00,Heavy and Tractor-Trailer Truck Drivers,19922,"Operate idle reduction systems or auxiliary power systems to generate power from alternative sources, such as fuel cells, to reduce idling time, to heat or cool truck cabins, or to provide power for other equipment.",Supplemental,105.0,08/2022,Incumbent
53-3032.00,Heavy and Tractor-Trailer Truck Drivers,10659,Give directions to laborers who are packing goods and moving them onto trailers.,Supplemental,107.0,08/2022,Incumbent
53-3033.00,Light Truck Drivers,8621,Turn in receipts and money received from deliveries.,Supplemental,74.0,08/2023,Incumbent
53-3033.00,Light Truck Drivers,8628,"Use and maintain the tools or equipment found on commercial vehicles, such as weighing or measuring devices.",Supplemental,74.0,08/2023,Incumbent
53-3033.00,Light Truck Drivers,8624,"Report delays, accidents, or other traffic and transportation situations to bases or other vehicles, using telephones or mobile two-way radios.",Supplemental,76.0,08/2023,Incumbent
53-3033.00,Light Truck Drivers,8629,"Perform emergency repairs, such as changing tires or installing light bulbs, fuses, tire chains, or spark plugs.",Supplemental,75.0,08/2023,Incumbent
53-3051.00,"Bus Drivers, School",23718,Escort small children across roads and highways.,Supplemental,59.0,08/2025,Incumbent
53-3051.00,"Bus Drivers, School",23723,Make minor repairs to vehicles.,Supplemental,59.0,08/2025,Incumbent
53-3052.00,"Bus Drivers, Transit and Intercity",21086,Read maps to plan bus routes.,Supplemental,96.0,08/2018,Incumbent
53-3052.00,"Bus Drivers, Transit and Intercity",3151,Load and unload baggage in baggage compartments.,Supplemental,95.0,08/2018,Incumbent
53-3053.00,Shuttle Drivers and Chauffeurs,23734,"Collect fares or vouchers from passengers, and make change or issue receipts as necessary.",Supplemental,63.0,08/2025,Incumbent
53-3053.00,Shuttle Drivers and Chauffeurs,23744,"Perform minor vehicle repairs, such as cleaning spark plugs, or take vehicles to mechanics for servicing.",Supplemental,63.0,08/2025,Incumbent
53-3053.00,Shuttle Drivers and Chauffeurs,23743,"Perform errands for customers or employers, such as delivering or picking up mail and packages.",Supplemental,63.0,08/2025,Incumbent
53-4011.00,Locomotive Engineers,12764,Monitor train loading procedures to ensure that freight or rolling stock are loaded or unloaded without damage.,Supplemental,64.0,07/2015,Incumbent
53-4013.00,"Rail Yard Engineers, Dinkey Operators, and Hostlers",10676,Ride on moving cars by holding onto grab irons and standing on ladder steps.,Supplemental,79.0,08/2021,Incumbent
53-4013.00,"Rail Yard Engineers, Dinkey Operators, and Hostlers",10684,"Record numbers of cars available, numbers of cars sent to repair stations, and types of service needed.",Supplemental,79.0,08/2021,Incumbent
53-4013.00,"Rail Yard Engineers, Dinkey Operators, and Hostlers",10687,Operate flatcars equipped with derricks or railcars to transport personnel or equipment.,Supplemental,79.0,08/2021,Incumbent
53-4013.00,"Rail Yard Engineers, Dinkey Operators, and Hostlers",10688,Provide assistance in the installation or repair of rails and ties.,Supplemental,79.0,08/2021,Incumbent
53-4022.00,"Railroad Brake, Signal, and Switch Operators and Locomotive Firers",23794,"Operate and drive locomotives, diesel switch engines, dinkey engines, flatcars, and railcars in train yards and at industrial sites.",Supplemental,,11/2020,Analyst - Transition
53-4022.00,"Railroad Brake, Signal, and Switch Operators and Locomotive Firers",23795,Refuel and lubricate engines.,Supplemental,,11/2020,Analyst - Transition
53-4022.00,"Railroad Brake, Signal, and Switch Operators and Locomotive Firers",23796,"Ride atop cars that have been shunted, and turn handwheels to control speeds or stop cars at specified positions.",Supplemental,,11/2020,Analyst - Transition
53-4022.00,"Railroad Brake, Signal, and Switch Operators and Locomotive Firers",23798,"Record numbers of cars available, numbers of cars sent to repair stations, and types of service needed.",Supplemental,,11/2020,Analyst - Transition
53-4022.00,"Railroad Brake, Signal, and Switch Operators and Locomotive Firers",23799,Provide passengers with assistance entering and exiting trains.,Supplemental,,11/2020,Analyst - Transition
53-4031.00,Railroad Conductors and Yardmasters,10695,Instruct workers to set warning signals in front and at rear of trains during emergency stops.,Supplemental,78.0,07/2013,Incumbent
53-4031.00,Railroad Conductors and Yardmasters,10702,Observe yard traffic to determine tracks available to accommodate inbound and outbound traffic.,Supplemental,78.0,07/2013,Incumbent
53-4031.00,Railroad Conductors and Yardmasters,10706,Supervise workers in the inspection and maintenance of mechanical equipment to ensure efficient and safe train operation.,Supplemental,78.0,07/2013,Incumbent
53-4031.00,Railroad Conductors and Yardmasters,10705,"Supervise and coordinate crew activities to transport freight and passengers and to provide boarding, porter, maid, and meal services to passengers.",Supplemental,78.0,07/2013,Incumbent
53-4031.00,Railroad Conductors and Yardmasters,10707,"Record departure and arrival times, messages, tickets and revenue collected, and passenger accommodations and destinations.",Supplemental,78.0,07/2013,Incumbent
53-4031.00,Railroad Conductors and Yardmasters,10708,"Inspect freight cars for compliance with sealing procedures, and record car numbers and seal numbers.",Supplemental,78.0,07/2013,Incumbent
53-5011.00,Sailors and Marine Oilers,14459,"Stand by wheels when ships are on automatic pilot, and verify accuracy of courses, using magnetic compasses.",Supplemental,70.0,07/2016,Incumbent
53-5011.00,Sailors and Marine Oilers,14460,"Steer ships under the direction of commanders or navigating officers or direct helmsmen to steer, following designated courses.",Supplemental,72.0,07/2016,Incumbent
53-5011.00,Sailors and Marine Oilers,14481,"Relay specified signals to other ships, using visual signaling devices, such as blinker lights or semaphores.",Supplemental,71.0,07/2016,Incumbent
53-5011.00,Sailors and Marine Oilers,14464,Overhaul lifeboats or lifeboat gear and lower or raise lifeboats with winches or falls.,Supplemental,69.0,07/2016,Incumbent
53-5011.00,Sailors and Marine Oilers,14463,Stand gangway watches to prevent unauthorized persons from boarding ships while in port.,Supplemental,69.0,07/2016,Incumbent
53-5011.00,Sailors and Marine Oilers,20935,"Record data in ships' logs, such as weather conditions or distances traveled.",Supplemental,70.0,07/2016,Incumbent
53-5011.00,Sailors and Marine Oilers,14477,"Measure depth of water in shallow or unfamiliar waters, using leadlines, and telephone or shout depth information to vessel bridges.",Supplemental,70.0,07/2016,Incumbent
53-5011.00,Sailors and Marine Oilers,14484,"Clean and polish wood trim, brass, or other metal parts.",Supplemental,72.0,07/2016,Incumbent
53-5011.00,Sailors and Marine Oilers,14483,Participate in shore patrols.,Supplemental,70.0,07/2016,Incumbent
53-5021.00,"Captains, Mates, and Pilots of Water Vessels",23827,Tow and maneuver barges or signal tugboats to tow barges to destinations.,Supplemental,111.0,08/2022,Incumbent
53-5021.00,"Captains, Mates, and Pilots of Water Vessels",23828,"Perform various marine duties, such as checking for oil spills or other pollutants around ports or harbors or patrolling beaches.",Supplemental,111.0,08/2022,Incumbent
53-5021.00,"Captains, Mates, and Pilots of Water Vessels",23829,Assign watches or living quarters to crew members.,Supplemental,108.0,08/2022,Incumbent
53-5021.00,"Captains, Mates, and Pilots of Water Vessels",23830,Interview and hire crew members.,Supplemental,107.0,08/2022,Incumbent
53-5022.00,Motorboat Operators,14546,"Tow, push, or guide other boats, barges, logs, or rafts.",Supplemental,47.0,08/2023,Incumbent
53-5022.00,Motorboat Operators,14549,Take depth soundings in turning basins.,Supplemental,48.0,08/2023,Incumbent
53-5022.00,Motorboat Operators,14550,Perform general labor duties such as repairing booms.,Supplemental,47.0,08/2023,Incumbent
53-5031.00,Ship Engineers,14568,"Fabricate engine replacement parts, such as valves, stay rods, or bolts, using metalworking machinery.",Supplemental,47.0,08/2024,Incumbent
53-6011.00,Bridge and Lock Tenders,7164,Turn valves to increase or decrease water levels in locks.,Supplemental,20.0,08/2020,Occupational Expert
53-6011.00,Bridge and Lock Tenders,7163,Check that bridges are clear of vehicles and pedestrians prior to opening.,Supplemental,19.0,08/2020,Occupational Expert
53-6011.00,Bridge and Lock Tenders,7165,"Stop automobile and pedestrian traffic on bridges, and lower automobile gates prior to moving bridges.",Supplemental,20.0,08/2020,Occupational Expert
53-6011.00,Bridge and Lock Tenders,7166,Raise drawbridges and observe passage of water traffic or lower drawbridges and raise automobile gates.,Supplemental,20.0,08/2020,Occupational Expert
53-6011.00,Bridge and Lock Tenders,7157,Maintain and guard stations in bridges to check waterways for boat traffic.,Supplemental,20.0,08/2020,Occupational Expert
53-6011.00,Bridge and Lock Tenders,7159,"Clean and lubricate equipment, and make minor repairs and adjustments.",Supplemental,20.0,08/2020,Occupational Expert
53-6011.00,Bridge and Lock Tenders,7158,"Inspect canal and bridge equipment, and areas, such as roadbeds, for damage or defects, reporting problems to supervisors as necessary.",Supplemental,20.0,08/2020,Occupational Expert
53-6011.00,Bridge and Lock Tenders,7169,Attach ropes or cable lines to bitts on lock decks or wharfs to secure vessels.,Supplemental,20.0,08/2020,Occupational Expert
53-6021.00,Parking Attendants,3190,Patrol parking areas to prevent vehicle damage and vehicle or property thefts.,Supplemental,74.0,07/2015,Incumbent
53-6021.00,Parking Attendants,3189,"Direct motorists to parking areas or parking spaces, using hand signals or flashlights as necessary.",Supplemental,72.0,07/2015,Incumbent
53-6021.00,Parking Attendants,3198,Escort customers to their vehicles to ensure their safety.,Supplemental,73.0,07/2015,Incumbent
53-6021.00,Parking Attendants,3200,"Perform maintenance on cars in storage to protect tires, batteries, or exteriors from deterioration.",Supplemental,74.0,07/2015,Incumbent
53-6021.00,Parking Attendants,3195,"Lift, position, and remove barricades to open or close parking areas.",Supplemental,75.0,07/2015,Incumbent
53-6031.00,Automotive and Watercraft Service Attendants,10714,"Prepare daily reports of fuel, oil, and accessory sales.",Supplemental,83.0,07/2016,Incumbent
53-6031.00,Automotive and Watercraft Service Attendants,20937,Clean windshields.,Supplemental,84.0,07/2016,Incumbent
53-6031.00,Automotive and Watercraft Service Attendants,10713,Activate fuel pumps and fill fuel tanks of vehicles with gasoline or diesel fuel to specified levels.,Supplemental,84.0,07/2016,Incumbent
53-6031.00,Automotive and Watercraft Service Attendants,10726,Test and charge batteries.,Supplemental,84.0,07/2016,Incumbent
53-6031.00,Automotive and Watercraft Service Attendants,10723,"Maintain customer records and follow up periodically with telephone, mail, or personal reminders of services due.",Supplemental,83.0,07/2016,Incumbent
53-6031.00,Automotive and Watercraft Service Attendants,10718,Provide customers with information about local roads or highways.,Supplemental,84.0,07/2016,Incumbent
53-6041.00,Traffic Technicians,8633,"Analyze data related to traffic flow, accident rates, or proposed development to determine the most efficient methods to expedite traffic flow.",Supplemental,81.0,07/2016,Incumbent
53-6041.00,Traffic Technicians,8634,"Prepare work orders for repair, maintenance, or changes in traffic systems.",Supplemental,82.0,07/2016,Incumbent
53-6041.00,Traffic Technicians,8632,"Plan, design, and improve components of traffic control systems to accommodate current or projected traffic and to increase usability and efficiency.",Supplemental,81.0,07/2016,Incumbent
53-6041.00,Traffic Technicians,8647,"Compute time settings for traffic signals or speed restrictions, using standard formulas.",Supplemental,81.0,07/2016,Incumbent
53-6041.00,Traffic Technicians,8631,"Prepare drawings of proposed signal installations or other control devices, using drafting instruments or computer-automated drafting equipment.",Supplemental,81.0,07/2016,Incumbent
53-6041.00,Traffic Technicians,8635,"Study factors affecting traffic conditions, such as lighting or sign and marking visibility, to assess their effectiveness.",Supplemental,81.0,07/2016,Incumbent
53-6041.00,Traffic Technicians,8640,"Gather and compile data from hand count sheets, machine count tapes, or radar speed checks and code data for computer input.",Supplemental,79.0,07/2016,Incumbent
53-6041.00,Traffic Technicians,8642,"Measure and record the speed of vehicular traffic, using electrical timing devices or radar equipment.",Supplemental,82.0,07/2016,Incumbent
53-6041.00,Traffic Technicians,8637,Lay out pavement markings for striping crews.,Supplemental,81.0,07/2016,Incumbent
53-6041.00,Traffic Technicians,8639,Provide technical supervision regarding traffic control devices to other traffic technicians or laborers.,Supplemental,82.0,07/2016,Incumbent
53-6041.00,Traffic Technicians,8638,"Operate counters and record data to assess the volume, type, and movement of vehicular or pedestrian traffic at specified times.",Supplemental,82.0,07/2016,Incumbent
53-6041.00,Traffic Technicians,8641,"Place and secure automatic counters, using power tools, and retrieve counters after counting periods end.",Supplemental,81.0,07/2016,Incumbent
53-6041.00,Traffic Technicians,8644,"Review traffic control or barricade plans to issue permits for parades or other special events or for construction work that affects rights of way, providing assistance with plan preparation or revision, as necessary.",Supplemental,81.0,07/2016,Incumbent
53-6041.00,Traffic Technicians,8650,"Time stoplights or other delays, using stopwatches.",Supplemental,81.0,07/2016,Incumbent
53-6041.00,Traffic Technicians,8649,"Maintain or make minor adjustments or field repairs to equipment used in surveys, including the replacement of parts on traffic data gathering devices.",Supplemental,82.0,07/2016,Incumbent
53-6041.00,Traffic Technicians,8636,Visit development or work sites to determine projects' effect on traffic and the adequacy of traffic control and safety plans or to suggest traffic control measures.,Supplemental,81.0,07/2016,Incumbent
53-6041.00,Traffic Technicians,8646,Establish procedures for street closures or for repair or construction projects.,Supplemental,81.0,07/2016,Incumbent
53-6041.00,Traffic Technicians,20938,"Provide traffic information, such as road conditions, to the public.",Supplemental,82.0,07/2016,Incumbent
53-6041.00,Traffic Technicians,8648,Monitor street or utility projects for compliance to traffic control permit conditions.,Supplemental,81.0,07/2016,Incumbent
53-6041.00,Traffic Technicians,8652,Develop plans or long-range strategies for providing adequate parking space.,Supplemental,81.0,07/2016,Incumbent
53-6051.00,Transportation Inspectors,23864,Post warning signs on vehicles containing explosives or flammable or radioactive materials.,Supplemental,,11/2020,Analyst - Transition
53-6051.00,Transportation Inspectors,23865,Measure heights and widths of loads to ensure they will pass over bridges or through tunnels on scheduled routes.,Supplemental,,11/2020,Analyst - Transition
53-6051.01,Aviation Inspectors,10738,Investigate air accidents and complaints to determine causes.,Supplemental,47.0,08/2021,Incumbent
53-6051.01,Aviation Inspectors,10742,"Analyze training programs and conduct oral and written examinations to ensure the competency of persons operating, installing, and repairing aircraft equipment.",Supplemental,47.0,08/2021,Incumbent
53-6051.01,Aviation Inspectors,10740,"Conduct flight test programs to test equipment, instruments, and systems under a variety of conditions, using both manual and automatic controls.",Supplemental,48.0,08/2021,Incumbent
53-6051.07,"Transportation Vehicle, Equipment and Systems Inspectors, Except Aviation",19929,"Identify modifications to engines, fuel systems, emissions control equipment, or other vehicle systems to determine the impact of modifications on inspection procedures or conclusions.",Supplemental,56.0,07/2015,Incumbent
53-6051.07,"Transportation Vehicle, Equipment and Systems Inspectors, Except Aviation",19926,"Conduct remote inspections of motor vehicles, using handheld controllers and remotely directed vehicle inspection devices.",Supplemental,56.0,07/2015,Incumbent
53-6051.07,"Transportation Vehicle, Equipment and Systems Inspectors, Except Aviation",14574,Prepare reports on investigations or inspections and actions taken.,Supplemental,57.0,07/2015,Incumbent
53-6051.07,"Transportation Vehicle, Equipment and Systems Inspectors, Except Aviation",14575,Issue notices and recommend corrective actions when infractions or problems are found.,Supplemental,56.0,07/2015,Incumbent
53-6051.07,"Transportation Vehicle, Equipment and Systems Inspectors, Except Aviation",19927,Conduct visual inspections of emission control equipment and smoke emitted from gasoline or diesel vehicles.,Supplemental,57.0,07/2015,Incumbent
53-6051.07,"Transportation Vehicle, Equipment and Systems Inspectors, Except Aviation",14572,"Conduct vehicle or transportation equipment tests, using diagnostic equipment.",Supplemental,56.0,07/2015,Incumbent
53-6051.07,"Transportation Vehicle, Equipment and Systems Inspectors, Except Aviation",14580,"Investigate incidents or violations, such as delays, accidents, and equipment failures.",Supplemental,56.0,07/2015,Incumbent
53-6051.07,"Transportation Vehicle, Equipment and Systems Inspectors, Except Aviation",14579,"Review commercial vehicle logs, shipping papers, or driver and equipment records to detect any problems or to ensure compliance with regulations.",Supplemental,56.0,07/2015,Incumbent
53-6051.07,"Transportation Vehicle, Equipment and Systems Inspectors, Except Aviation",19924,Attach onboard diagnostics (OBD) scanner cables to vehicles to conduct emissions inspections.,Supplemental,57.0,07/2015,Incumbent
53-6051.07,"Transportation Vehicle, Equipment and Systems Inspectors, Except Aviation",14576,Investigate complaints regarding safety violations.,Supplemental,57.0,07/2015,Incumbent
53-6051.07,"Transportation Vehicle, Equipment and Systems Inspectors, Except Aviation",14577,"Examine carrier operating rules, employee qualification guidelines, or carrier training and testing programs for compliance with regulations or safety standards.",Supplemental,56.0,07/2015,Incumbent
53-6061.00,Passenger Attendants,13182,"Provide customers with information on routes, gates, prices, timetables, terminals, or concourses.",Supplemental,53.0,07/2015,Incumbent
53-6061.00,Passenger Attendants,13176,Perform equipment safety checks prior to departure.,Supplemental,53.0,07/2015,Incumbent
53-6061.00,Passenger Attendants,13179,Greet passengers boarding transportation equipment and announce routes and stops.,Supplemental,53.0,07/2015,Incumbent
53-6061.00,Passenger Attendants,13178,Count and verify tickets and seat reservations and record numbers of passengers boarding and disembarking.,Supplemental,53.0,07/2015,Incumbent
53-6061.00,Passenger Attendants,13175,Explain and demonstrate safety procedures and safety equipment use.,Supplemental,52.0,07/2015,Incumbent
53-6061.00,Passenger Attendants,13173,Open and close doors for passengers.,Supplemental,52.0,07/2015,Incumbent
53-6061.00,Passenger Attendants,13177,Signal transportation operators to stop or to proceed.,Supplemental,51.0,07/2015,Incumbent
53-6061.00,Passenger Attendants,13184,Adjust window shades or seat cushions at the request of passengers.,Supplemental,53.0,07/2015,Incumbent
53-7011.00,Conveyor Operators and Tenders,21030,"Observe packages moving along conveyors to identify packages, detect defective packaging, and perform quality control.",Supplemental,105.0,07/2017,Incumbent
53-7011.00,Conveyor Operators and Tenders,10756,"Collect samples of materials or products, checking them to ensure conformance to specifications or sending them to laboratories for analysis.",Supplemental,106.0,07/2017,Incumbent
53-7011.00,Conveyor Operators and Tenders,10744,"Position deflector bars, gates, chutes, or spouts to divert flow of materials from one conveyor onto another conveyor.",Supplemental,103.0,07/2017,Incumbent
53-7011.00,Conveyor Operators and Tenders,10753,"Repair or replace equipment components or parts such as blades, rolls, and pumps.",Supplemental,106.0,07/2017,Incumbent
53-7011.00,Conveyor Operators and Tenders,10746,"Manipulate controls, levers, and valves to start pumps, auxiliary equipment, or conveyors, and to adjust equipment positions, speeds, timing, and material flows.",Supplemental,105.0,07/2017,Incumbent
53-7011.00,Conveyor Operators and Tenders,10745,"Weigh or measure materials and products, using scales or other measuring instruments, or read scales on conveyors that continually weigh products, to verify specified tonnages and prevent overloads.",Supplemental,105.0,07/2017,Incumbent
53-7011.00,Conveyor Operators and Tenders,10752,"Read production and delivery schedules, and confer with supervisors, to determine sorting and transfer procedures, arrangement of packages on pallets, and destinations of loaded pallets.",Supplemental,104.0,07/2017,Incumbent
53-7011.00,Conveyor Operators and Tenders,10764,Press console buttons to deflect packages to predetermined accumulators or reject lines.,Supplemental,106.0,07/2017,Incumbent
53-7011.00,Conveyor Operators and Tenders,10749,"Clean, sterilize, and maintain equipment, machinery, and work stations, using hand tools, shovels, brooms, chemicals, hoses, and lubricants.",Supplemental,105.0,07/2017,Incumbent
53-7011.00,Conveyor Operators and Tenders,10759,"Affix identifying information to materials or products, using hand tools.",Supplemental,104.0,07/2017,Incumbent
53-7011.00,Conveyor Operators and Tenders,10761,"Move, assemble, and connect hoses or nozzles to material hoppers, storage tanks, conveyor sections or chutes, and pumps.",Supplemental,105.0,07/2017,Incumbent
53-7011.00,Conveyor Operators and Tenders,10766,Thread strapping through strapping tools and secure battens with strapping to form protective pallets around extrusions.,Supplemental,105.0,07/2017,Incumbent
53-7011.00,Conveyor Operators and Tenders,10754,"Contact workers in work stations or other departments to request movement of materials, products, or machinery, or to notify them of incoming shipments and their estimated delivery times.",Supplemental,106.0,07/2017,Incumbent
53-7011.00,Conveyor Operators and Tenders,10765,"Join sections of conveyor frames at temporary working areas, and connect power units.",Supplemental,106.0,07/2017,Incumbent
53-7021.00,Crane and Tower Operators,10777,"Inspect bundle packaging for conformance to regulations or customer requirements, and remove and batch packaging tickets.",Supplemental,107.0,07/2015,Incumbent
53-7021.00,Crane and Tower Operators,10776,"Direct truck drivers backing vehicles into loading bays and cover, uncover, or secure loads for delivery.",Supplemental,106.0,07/2015,Incumbent
53-7021.00,Crane and Tower Operators,10774,"Weigh bundles, using floor scales, and record weights for company records.",Supplemental,104.0,07/2015,Incumbent
53-7041.00,Hoist and Winch Operators,4987,Apply hand or foot brakes and move levers to lock hoists or winches.,Supplemental,77.0,12/2004,Incumbent
53-7041.00,Hoist and Winch Operators,4988,Oil winch drums so that cables will wind smoothly.,Supplemental,77.0,12/2004,Incumbent
53-7041.00,Hoist and Winch Operators,4989,Climb ladders to position and set up vehicle-mounted derricks.,Supplemental,77.0,12/2004,Incumbent
53-7041.00,Hoist and Winch Operators,4990,"Repair, maintain, and adjust equipment, using hand tools.",Supplemental,77.0,12/2004,Incumbent
53-7041.00,Hoist and Winch Operators,4991,"Tend auxiliary equipment, such as jacks, slings, cables, or stop blocks, to facilitate moving items or materials for further processing.",Supplemental,77.0,12/2004,Incumbent
53-7051.00,Industrial Truck and Tractor Operators,3206,Weigh materials or products and record weight or other production data on tags or labels.,Supplemental,50.0,08/2021,Incumbent
53-7051.00,Industrial Truck and Tractor Operators,3205,"Perform routine maintenance on vehicles or auxiliary equipment, such as cleaning, lubricating, recharging batteries, fueling, or replacing liquefied-gas tank.",Supplemental,50.0,08/2021,Incumbent
53-7051.00,Industrial Truck and Tractor Operators,3207,"Operate or tend automatic stacking, loading, packaging, or cutting machines.",Supplemental,47.0,08/2021,Incumbent
53-7051.00,Industrial Truck and Tractor Operators,3210,"Turn valves and open chutes to dump, spray, or release materials from dump cars or storage bins into hoppers.",Supplemental,50.0,08/2021,Incumbent
53-7061.00,Cleaners of Vehicles and Equipment,5011,"Clean the plastic work inside cars, using paintbrushes.",Supplemental,57.0,08/2022,Incumbent
53-7061.00,Cleaners of Vehicles and Equipment,5003,"Disassemble and reassemble machines or equipment or remove and reattach vehicle parts or trim, using hand tools.",Supplemental,57.0,08/2022,Incumbent
53-7061.00,Cleaners of Vehicles and Equipment,5001,"Lubricate machinery, vehicles, or equipment or perform minor repairs or adjustments, using hand tools.",Supplemental,57.0,08/2022,Incumbent
53-7061.00,Cleaners of Vehicles and Equipment,5009,"Transport materials, equipment, or supplies to or from work areas, using carts or hoists.",Supplemental,56.0,08/2022,Incumbent
53-7061.00,Cleaners of Vehicles and Equipment,5012,"Fit boot spoilers, side skirts, or mud flaps to cars.",Supplemental,58.0,08/2022,Incumbent
53-7062.00,"Laborers and Freight, Stock, and Material Movers, Hand",10788,"Install protective devices, such as bracing, padding, or strapping, to prevent shifting or damage to items being transported.",Supplemental,77.0,08/2024,Incumbent
53-7062.00,"Laborers and Freight, Stock, and Material Movers, Hand",10782,Sort cargo before loading and unloading.,Supplemental,76.0,08/2024,Incumbent
53-7062.00,"Laborers and Freight, Stock, and Material Movers, Hand",10778,Attach identifying tags to containers or mark them with identifying information.,Supplemental,77.0,08/2024,Incumbent
53-7062.00,"Laborers and Freight, Stock, and Material Movers, Hand",10780,"Record numbers of units handled or moved, using daily production sheets or work tickets.",Supplemental,77.0,08/2024,Incumbent
53-7062.00,"Laborers and Freight, Stock, and Material Movers, Hand",10790,"Attach slings, hooks, or other devices to lift cargo and guide loads.",Supplemental,77.0,08/2024,Incumbent
53-7062.00,"Laborers and Freight, Stock, and Material Movers, Hand",10787,Carry needed tools or supplies from storage or trucks and return them after use.,Supplemental,77.0,08/2024,Incumbent
53-7062.00,"Laborers and Freight, Stock, and Material Movers, Hand",10786,Pack containers and re-pack damaged containers.,Supplemental,75.0,08/2024,Incumbent
53-7062.00,"Laborers and Freight, Stock, and Material Movers, Hand",10783,"Assemble product containers or crates, using hand tools and precut lumber.",Supplemental,76.0,08/2024,Incumbent
53-7062.00,"Laborers and Freight, Stock, and Material Movers, Hand",10792,"Adjust controls to guide, position, or move equipment, such as cranes, booms, or cameras.",Supplemental,77.0,08/2024,Incumbent
53-7062.00,"Laborers and Freight, Stock, and Material Movers, Hand",10796,Connect electrical equipment to power sources so that it can be tested before use.,Supplemental,76.0,08/2024,Incumbent
53-7062.04,Recycling and Reclamation Workers,17885,"Collect and sort recyclable construction materials, such as concrete, drywall, plastics, or wood, into containers.",Supplemental,64.0,07/2012,Incumbent
53-7062.04,Recycling and Reclamation Workers,17871,"Extract chemicals from discarded appliances, such as air conditioners or refrigerators, using specialized machinery, such as refrigerant recovery equipment.",Supplemental,65.0,07/2012,Incumbent
53-7062.04,Recycling and Reclamation Workers,17874,Deposit recoverable materials into chutes or place materials on conveyor belts.,Supplemental,65.0,07/2012,Incumbent
53-7062.04,Recycling and Reclamation Workers,17877,Operate balers to compress recyclable materials into bundles or bales.,Supplemental,65.0,07/2012,Incumbent
53-7062.04,Recycling and Reclamation Workers,17883,"Clean materials, such as metals, according to recycling requirements.",Supplemental,63.0,07/2012,Incumbent
53-7062.04,Recycling and Reclamation Workers,17881,Record logs of recycled materials or waste chemicals removed from products.,Supplemental,65.0,07/2012,Incumbent
53-7062.04,Recycling and Reclamation Workers,17879,"Operate processing equipment, such as fiber-sorters and grinders, to sort, crush, or grind recyclable materials.",Supplemental,64.0,07/2012,Incumbent
53-7062.04,Recycling and Reclamation Workers,17873,Collect recyclable materials from curbside for delivery to designated facilities.,Supplemental,64.0,07/2012,Incumbent
53-7062.04,Recycling and Reclamation Workers,17876,Operate automated refuse or manual recycling collection vehicles.,Supplemental,65.0,07/2012,Incumbent
53-7063.00,Machine Feeders and Offbearers,14584,"Remove materials and products from machines and equipment, and place them in boxes, trucks or conveyors, using hand tools and moving devices.",Supplemental,115.0,07/2016,Incumbent
53-7063.00,Machine Feeders and Offbearers,14595,"Shovel or scoop materials into containers, machines, or equipment for processing, storage, or transport.",Supplemental,115.0,07/2016,Incumbent
53-7063.00,Machine Feeders and Offbearers,14594,Open and close gates of belt and pneumatic conveyors on machines that are fed directly from preceding machines.,Supplemental,114.0,07/2016,Incumbent
53-7063.00,Machine Feeders and Offbearers,14592,"Add chemicals, solutions, or ingredients to machines or equipment as required by the manufacturing process.",Supplemental,113.0,07/2016,Incumbent
53-7064.00,"Packers and Packagers, Hand",3215,"Remove completed or defective products or materials, placing them on moving equipment, such as conveyors, or in specified areas, such as loading docks.",Supplemental,74.0,08/2020,Incumbent
53-7064.00,"Packers and Packagers, Hand",3221,"Place or pour products or materials into containers, using hand tools and equipment, or fill containers from spouts or chutes.",Supplemental,74.0,08/2020,Incumbent
53-7064.00,"Packers and Packagers, Hand",3217,Load materials and products into package processing equipment.,Supplemental,73.0,08/2020,Incumbent
53-7064.00,"Packers and Packagers, Hand",3220,Transport packages to customers' vehicles.,Supplemental,72.0,08/2020,Incumbent
53-7065.00,Stockers and Order Fillers,23896,Compute prices of items or groups of items.,Supplemental,56.0,08/2022,Incumbent
53-7065.00,Stockers and Order Fillers,23882,"Itemize and total customer merchandise selection at checkout counter, using cash register, and accept cash or charge card for purchases.",Supplemental,40.0,08/2022,Incumbent
53-7065.00,Stockers and Order Fillers,23897,"Requisition merchandise from supplier, based on available space, merchandise on hand, customer demand, or advertised specials.",Supplemental,38.0,08/2022,Incumbent
53-7065.00,Stockers and Order Fillers,23881,Compare merchandise invoices to items actually received to ensure that shipments are correct.,Supplemental,40.0,08/2022,Incumbent
53-7065.00,Stockers and Order Fillers,23883,Transport packages to customers' vehicles.,Supplemental,40.0,08/2022,Incumbent
53-7072.00,"Pump Operators, Except Wellhead Pumpers",14619,"Tend auxiliary equipment such as water treatment and refrigeration units, and heat exchangers.",Supplemental,82.0,08/2021,Incumbent
53-7072.00,"Pump Operators, Except Wellhead Pumpers",14620,Add chemicals and solutions to tanks to ensure that specifications are met.,Supplemental,82.0,08/2021,Incumbent
53-7072.00,"Pump Operators, Except Wellhead Pumpers",14617,Collect and deliver sample solutions for laboratory analysis.,Supplemental,82.0,08/2021,Incumbent
53-7072.00,"Pump Operators, Except Wellhead Pumpers",14621,Pump two or more materials into one tank to blend mixtures.,Supplemental,82.0,08/2021,Incumbent
53-7073.00,Wellhead Pumpers,5020,Open valves to return compressed gas to bottoms of specified wells to repressurize them and force oil to surface.,Supplemental,60.0,08/2019,Incumbent
53-7073.00,Wellhead Pumpers,21161,Change water filters.,Supplemental,60.0,08/2019,Incumbent
53-7073.00,Wellhead Pumpers,5023,Prepare trucks and equipment necessary for the type of pumping service required.,Supplemental,61.0,08/2019,Incumbent
53-7073.00,Wellhead Pumpers,5018,Attach pumps and hoses to wellheads.,Supplemental,62.0,08/2019,Incumbent
53-7073.00,Wellhead Pumpers,5025,"Mix acids, chemicals, or dry cement as required for a specific job.",Supplemental,60.0,08/2019,Incumbent
53-7073.00,Wellhead Pumpers,5017,"Unload and assemble pipes and pumping equipment, using hand tools.",Supplemental,61.0,08/2019,Incumbent
53-7073.00,Wellhead Pumpers,5021,Supervise oil pumpers and other workers engaged in producing oil from wells.,Supplemental,60.0,08/2019,Incumbent
53-7081.00,Refuse and Recyclable Material Collectors,7180,"Tag garbage or recycling containers to inform customers of problems, such as excess garbage or inclusion of items that are not permitted.",Supplemental,57.0,08/2023,Incumbent
53-7081.00,Refuse and Recyclable Material Collectors,19932,"Make special pickups of recyclable materials, such as food scraps, used oil, discarded computers, or other electronic items.",Supplemental,57.0,08/2023,Incumbent
53-7081.00,Refuse and Recyclable Material Collectors,7183,Organize schedules for refuse collection.,Supplemental,57.0,08/2023,Incumbent
53-7121.00,"Tank Car, Truck, and Ship Loaders",12799,Connect ground cables to carry off static electricity when unloading tanker cars.,Supplemental,86.0,08/2019,Incumbent
53-7121.00,"Tank Car, Truck, and Ship Loaders",12808,Copy and attach load specifications to loaded tanks.,Supplemental,86.0,08/2019,Incumbent
53-7121.00,"Tank Car, Truck, and Ship Loaders",12802,"Remove and replace tank car dome caps, or direct other workers in their removal and replacement.",Supplemental,86.0,08/2019,Incumbent
53-7121.00,"Tank Car, Truck, and Ship Loaders",12801,"Test samples for specific gravity, using hydrometers, or send samples to laboratories for testing.",Supplemental,86.0,08/2019,Incumbent
53-7121.00,"Tank Car, Truck, and Ship Loaders",12806,"Test vessels for leaks, damage, and defects, and repair or replace defective parts as necessary.",Supplemental,86.0,08/2019,Incumbent
53-7121.00,"Tank Car, Truck, and Ship Loaders",12807,Unload cars containing liquids by connecting hoses to outlet plugs and pumping compressed air into cars to force liquids into storage tanks.,Supplemental,85.0,08/2019,Incumbent
53-7121.00,"Tank Car, Truck, and Ship Loaders",12804,"Clean interiors of tank cars or tank trucks, using mechanical spray nozzles.",Supplemental,85.0,08/2019,Incumbent
53-7121.00,"Tank Car, Truck, and Ship Loaders",12803,"Lower gauge rods into tanks or read meters to verify contents, temperatures, and volumes of liquid loads.",Supplemental,85.0,08/2019,Incumbent
53-7121.00,"Tank Car, Truck, and Ship Loaders",12805,Operate conveyors and equipment to transfer grain or other materials from transportation vehicles.,Supplemental,85.0,08/2019,Incumbent
53-7121.00,"Tank Car, Truck, and Ship Loaders",12810,"Perform general warehouse activities, such as opening containers and crates, filling warehouse orders, assisting in taking inventory, and weighing and checking materials.",Supplemental,85.0,08/2019,Incumbent
